backbone	motif	insert_frac	ratio	insert_len	full_len
0	Nucleoplasmin_NLS	0.029143897996357013	0.2648767	16	549
0	cMyc_NLS	0.016605166051660517	0.20865275	9	542
1	Nucleoplasmin_NLS	0.03018867924528302	0.14134924	16	530
1	SV40_NLS	0.013435700575815739	0.06398878	7	521
1	cMyc_NLS	0.017208413001912046	0.18539266	9	523
2	Nucleoplasmin_NLS	0.040100250626566414	0.10298907	16	399
2	cMyc_NLS	0.02295918367346939	0.08333085	9	392
3	Nucleoplasmin_NLS	0.0642570281124498	0.2618459	16	249
3	SV40_NLS	0.029166666666666667	0.3795453	7	240
3	cMyc_NLS	0.0371900826446281	0.4260462	9	242
4	Nucleoplasmin_NLS	0.015051740357478834	0.069979705	16	1063
4	SV40_NLS	0.006641366223908918	0.05106304	7	1054
4	cMyc_NLS	0.008522727272727272	0.17820992	9	1056
5	Nucleoplasmin_NLS	0.060836501901140684	0.18024567	16	263
5	SV40_NLS	0.027559055118110236	0.13454139	7	254
5	cMyc_NLS	0.03515625	0.14806809	9	256
7	Nucleoplasmin_NLS	0.051118210862619806	0.1310444	16	313
7	SV40_NLS	0.023026315789473683	0.08905405	7	304
7	cMyc_NLS	0.029411764705882353	0.28477922	9	306
8	Nucleoplasmin_NLS	0.05517241379310345	0.13391896	16	290
8	SV40_NLS	0.02491103202846975	0.06487516	7	281
8	cMyc_NLS	0.03180212014134275	0.23390196	9	283
9	Nucleoplasmin_NLS	0.019230769230769232	0.08582466	16	832
9	cMyc_NLS	0.01090909090909091	0.18051694	9	825
10	SV40_NLS	0.007526881720430108	0.028085394	7	930
10	cMyc_NLS	0.009656652360515022	0.04589489	9	932
11	Nucleoplasmin_NLS	0.02346041055718475	0.23942319	16	682
11	SV40_NLS	0.010401188707280832	0.3847482	7	673
12	Nucleoplasmin_NLS	0.010568031704095112	0.15655932	16	1514
12	SV40_NLS	0.004651162790697674	0.13822578	7	1505
12	cMyc_NLS	0.005972130059721301	0.18620516	9	1507
13	Nucleoplasmin_NLS	0.01972872996300863	0.05019894	16	811
13	SV40_NLS	0.008728179551122194	0.10838978	7	802
13	cMyc_NLS	0.011194029850746268	0.11509242	9	804
14	Nucleoplasmin_NLS	0.02064516129032258	0.16344514	16	775
14	SV40_NLS	0.009138381201044387	0.076817356	7	766
15	Nucleoplasmin_NLS	0.013973799126637555	0.06122166	16	1145
15	SV40_NLS	0.006161971830985915	0.052408565	7	1136
15	cMyc_NLS	0.007908611599297012	0.1259591	9	1138
16	Nucleoplasmin_NLS	0.0365296803652968	0.15535086	16	438
16	SV40_NLS	0.016317016317016316	0.06893287	7	429
16	cMyc_NLS	0.02088167053364269	0.09613252	9	431
17	Nucleoplasmin_NLS	0.03764705882352941	0.13986593	16	425
17	cMyc_NLS	0.0215311004784689	0.30307934	9	418
18	Nucleoplasmin_NLS	0.03864734299516908	0.07149996	16	414
18	SV40_NLS	0.01728395061728395	0.05570236	7	405
18	cMyc_NLS	0.022113022113022112	0.08161541	9	407
19	Nucleoplasmin_NLS	0.07407407407407407	0.1500971	16	216
19	cMyc_NLS	0.0430622009569378	0.15410243	9	209
20	Nucleoplasmin_NLS	0.00940623162845385	0.042308822	16	1701
20	SV40_NLS	0.004137115839243499	0.02594393	7	1692
20	cMyc_NLS	0.005312868949232586	0.031187829	9	1694
21	Nucleoplasmin_NLS	0.04040404040404041	0.16485447	16	396
21	SV40_NLS	0.01808785529715762	0.06945604	7	387
21	cMyc_NLS	0.02313624678663239	0.15276831	9	389
22	cMyc_NLS	0.025714285714285714	0.30494985	9	350
23	Nucleoplasmin_NLS	0.024464831804281346	0.06611181	16	654
23	cMyc_NLS	0.013910355486862442	0.06632562	9	647
24	Nucleoplasmin_NLS	0.012678288431061807	0.09172209	16	1262
24	SV40_NLS	0.00558659217877095	0.05505325	7	1253
24	cMyc_NLS	0.007171314741035857	0.12523162	9	1255
25	Nucleoplasmin_NLS	0.024427480916030534	0.06913566	16	655
25	SV40_NLS	0.010835913312693499	0.105002746	7	646
25	cMyc_NLS	0.013888888888888888	0.10814011	9	648
26	Nucleoplasmin_NLS	0.01907032181168057	0.06311489	16	839
26	SV40_NLS	0.008433734939759036	0.039776128	7	830
26	cMyc_NLS	0.010817307692307692	0.08264569	9	832
27	Nucleoplasmin_NLS	0.02671118530884808	0.140356	16	599
27	SV40_NLS	0.011864406779661017	0.10736422	7	590
27	cMyc_NLS	0.015202702702702704	0.19308317	9	592
28	Nucleoplasmin_NLS	0.015165876777251185	0.06387097	16	1055
28	SV40_NLS	0.006692160611854685	0.030431505	7	1046
28	cMyc_NLS	0.008587786259541985	0.11173742	9	1048
29	SV40_NLS	0.024734982332155476	0.079743646	7	283
29	cMyc_NLS	0.031578947368421054	0.1182242	9	285
30	Nucleoplasmin_NLS	0.057971014492753624	0.23299113	16	276
30	cMyc_NLS	0.03345724907063197	0.11666401	9	269
31	Nucleoplasmin_NLS	0.018433179723502304	0.17496821	16	868
31	SV40_NLS	0.008149010477299184	0.206251	7	859
31	cMyc_NLS	0.010452961672473868	0.18870294	9	861
32	Nucleoplasmin_NLS	0.037825059101654845	0.09959165	16	423
32	SV40_NLS	0.016908212560386472	0.059331585	7	414
32	cMyc_NLS	0.021634615384615384	0.082727455	9	416
33	Nucleoplasmin_NLS	0.0431266846361186	0.14232124	16	371
33	cMyc_NLS	0.024725274725274724	0.1430029	9	364
34	Nucleoplasmin_NLS	0.03404255319148936	0.18403073	16	470
34	SV40_NLS	0.015184381778741865	0.121184744	7	461
34	cMyc_NLS	0.019438444924406047	0.2593286	9	463
35	Nucleoplasmin_NLS	0.04610951008645533	0.11982951	16	347
35	cMyc_NLS	0.026470588235294117	0.13583526	9	340
36	Nucleoplasmin_NLS	0.04020100502512563	0.1070684	16	398
36	cMyc_NLS	0.023017902813299233	0.13543075	9	391
37	Nucleoplasmin_NLS	0.017758046614872364	0.036237903	16	901
37	SV40_NLS	0.007847533632286996	0.03106266	7	892
37	cMyc_NLS	0.010067114093959731	0.041421797	9	894
38	Nucleoplasmin_NLS	0.021739130434782608	0.059679374	16	736
38	SV40_NLS	0.009628610729023384	0.045209743	7	727
39	Nucleoplasmin_NLS	0.09467455621301775	0.3225306	16	169
39	SV40_NLS	0.04375	0.09615352	7	160
39	cMyc_NLS	0.05555555555555555	0.23378278	9	162
40	Nucleoplasmin_NLS	0.0963855421686747	0.18206818	16	166
40	SV40_NLS	0.044585987261146494	0.17165944	7	157
40	cMyc_NLS	0.05660377358490566	0.2785272	9	159
41	Nucleoplasmin_NLS	0.045584045584045586	0.123500355	16	351
41	SV40_NLS	0.02046783625730994	0.059786398	7	342
41	cMyc_NLS	0.02616279069767442	0.07855479	9	344
42	Nucleoplasmin_NLS	0.03931203931203931	0.21997604	16	407
42	SV40_NLS	0.017587939698492462	0.0634902	7	398
42	cMyc_NLS	0.0225	0.20092519	9	400
44	Nucleoplasmin_NLS	0.045845272206303724	0.109933764	16	349
44	SV40_NLS	0.020588235294117647	0.049352314	7	340
44	cMyc_NLS	0.02631578947368421	0.08498979	9	342
45	Nucleoplasmin_NLS	0.03333333333333333	0.12380945	16	480
45	SV40_NLS	0.014861995753715499	0.08243765	7	471
45	cMyc_NLS	0.019027484143763214	0.105401754	9	473
46	Nucleoplasmin_NLS	0.02127659574468085	0.109430335	16	752
46	SV40_NLS	0.009421265141318977	0.06198904	7	743
46	cMyc_NLS	0.012080536912751677	0.13529195	9	745
47	Nucleoplasmin_NLS	0.03619909502262444	0.13387805	16	442
47	SV40_NLS	0.016166281755196306	0.06946115	7	433
47	cMyc_NLS	0.020689655172413793	0.10867969	9	435
49	Nucleoplasmin_NLS	0.05970149253731343	0.14606993	16	268
49	SV40_NLS	0.02702702702702703	0.17267565	7	259
49	cMyc_NLS	0.034482758620689655	0.26806575	9	261
51	Nucleoplasmin_NLS	0.027257240204429302	0.112776324	16	587
51	SV40_NLS	0.012110726643598616	0.061740786	7	578
51	cMyc_NLS	0.015517241379310345	0.1017732	9	580
53	Nucleoplasmin_NLS	0.03619909502262444	0.082172066	16	442
53	SV40_NLS	0.016166281755196306	0.065705575	7	433
53	cMyc_NLS	0.020689655172413793	0.07834942	9	435
54	Nucleoplasmin_NLS	0.014247551202137132	0.085244596	16	1123
54	SV40_NLS	0.0062836624775583485	0.028878305	7	1114
54	cMyc_NLS	0.008064516129032258	0.10901815	9	1116
55	Nucleoplasmin_NLS	0.05776173285198556	0.16036962	16	277
55	cMyc_NLS	0.03333333333333333	0.29040542	9	270
56	Nucleoplasmin_NLS	0.08040201005025126	0.31847554	16	199
56	SV40_NLS	0.03684210526315789	0.14345893	7	190
56	cMyc_NLS	0.046875	0.2612979	9	192
57	Nucleoplasmin_NLS	0.030828516377649325	0.19371292	16	519
57	SV40_NLS	0.013725490196078431	0.17988123	7	510
57	cMyc_NLS	0.017578125	0.22901982	9	512
58	Nucleoplasmin_NLS	0.04	0.11412604	16	400
58	SV40_NLS	0.017902813299232736	0.04775676	7	391
58	cMyc_NLS	0.022900763358778626	0.079897024	9	393
59	Nucleoplasmin_NLS	0.07655502392344497	0.23154727	16	209
59	SV40_NLS	0.035	0.12851907	7	200
59	cMyc_NLS	0.04455445544554455	0.23352408	9	202
60	Nucleoplasmin_NLS	0.07373271889400922	0.28057033	16	217
60	cMyc_NLS	0.04285714285714286	0.15350968	9	210
61	Nucleoplasmin_NLS	0.02867383512544803	0.07190023	16	558
61	SV40_NLS	0.012750455373406194	0.04483651	7	549
61	cMyc_NLS	0.016333938294010888	0.06328346	9	551
62	Nucleoplasmin_NLS	0.03470715835140998	0.074743725	16	461
62	cMyc_NLS	0.019823788546255508	0.16348873	9	454
63	Nucleoplasmin_NLS	0.021164021164021163	0.09332963	16	756
63	SV40_NLS	0.009370816599732263	0.060186263	7	747
63	cMyc_NLS	0.012016021361815754	0.0934435	9	749
64	Nucleoplasmin_NLS	0.0893854748603352	0.28581443	16	179
64	SV40_NLS	0.041176470588235294	0.1536074	7	170
64	cMyc_NLS	0.05232558139534884	0.28386605	9	172
65	Nucleoplasmin_NLS	0.033402922755741124	0.18640962	16	479
65	SV40_NLS	0.014893617021276596	0.14916548	7	470
65	cMyc_NLS	0.019067796610169493	0.1776883	9	472
66	Nucleoplasmin_NLS	0.0851063829787234	0.2145343	16	188
66	cMyc_NLS	0.049723756906077346	0.3062987	9	181
67	Nucleoplasmin_NLS	0.010914051841746248	0.07492899	16	1466
67	cMyc_NLS	0.00616860863605209	0.15536074	9	1459
68	Nucleoplasmin_NLS	0.07960199004975124	0.28624737	16	201
68	SV40_NLS	0.036458333333333336	0.17155862	7	192
68	cMyc_NLS	0.04639175257731959	0.35780668	9	194
69	Nucleoplasmin_NLS	0.020752269779507133	0.29206353	16	771
69	SV40_NLS	0.009186351706036745	0.0782317	7	762
69	cMyc_NLS	0.011780104712041885	0.10300256	9	764
70	Nucleoplasmin_NLS	0.03131115459882583	0.076407366	16	511
70	SV40_NLS	0.013944223107569721	0.06511323	7	502
70	cMyc_NLS	0.017857142857142856	0.0771062	9	504
71	Nucleoplasmin_NLS	0.026845637583892617	0.1397099	16	596
71	SV40_NLS	0.01192504258943782	0.19679755	7	587
71	cMyc_NLS	0.015280135823429542	0.15131654	9	589
72	Nucleoplasmin_NLS	0.017204301075268817	0.05414504	16	930
72	cMyc_NLS	0.009750812567713976	0.22517793	9	923
73	Nucleoplasmin_NLS	0.07476635514018691	0.16289519	16	214
73	SV40_NLS	0.03414634146341464	0.13719146	7	205
73	cMyc_NLS	0.043478260869565216	0.17394526	9	207
74	Nucleoplasmin_NLS	0.016877637130801686	0.079375245	16	948
74	SV40_NLS	0.007454739084132056	0.03075551	7	939
74	cMyc_NLS	0.009564293304994687	0.05977182	9	941
75	Nucleoplasmin_NLS	0.032520325203252036	0.08087413	16	492
75	SV40_NLS	0.014492753623188406	0.055591524	7	483
75	cMyc_NLS	0.018556701030927835	0.057973687	9	485
77	Nucleoplasmin_NLS	0.03225806451612903	0.20093866	16	496
77	SV40_NLS	0.014373716632443531	0.15932544	7	487
77	cMyc_NLS	0.018404907975460124	0.22353642	9	489
78	Nucleoplasmin_NLS	0.041666666666666664	0.18000409	16	384
78	SV40_NLS	0.018666666666666668	0.3619927	7	375
78	cMyc_NLS	0.023872679045092837	0.25433323	9	377
79	Nucleoplasmin_NLS	0.023391812865497075	0.086306885	16	684
79	SV40_NLS	0.01037037037037037	0.04411933	7	675
79	cMyc_NLS	0.013293943870014771	0.16307513	9	677
80	Nucleoplasmin_NLS	0.017204301075268817	0.16898854	16	930
80	cMyc_NLS	0.009750812567713976	0.12597033	9	923
81	Nucleoplasmin_NLS	0.07582938388625593	0.26877558	16	211
81	SV40_NLS	0.034653465346534656	0.22169815	7	202
81	cMyc_NLS	0.04411764705882353	0.41020802	9	204
82	Nucleoplasmin_NLS	0.053156146179401995	0.15405978	16	301
82	SV40_NLS	0.023972602739726026	0.054317147	7	292
82	cMyc_NLS	0.030612244897959183	0.14566256	9	294
83	Nucleoplasmin_NLS	0.03773584905660377	0.09749446	16	424
83	cMyc_NLS	0.02158273381294964	0.069424264	9	417
85	Nucleoplasmin_NLS	0.0365296803652968	0.2153654	16	438
85	cMyc_NLS	0.02088167053364269	0.17931007	9	431
86	Nucleoplasmin_NLS	0.02671118530884808	0.11597735	16	599
86	SV40_NLS	0.011864406779661017	0.033930853	7	590
86	cMyc_NLS	0.015202702702702704	0.0639667	9	592
87	Nucleoplasmin_NLS	0.032989690721649485	0.15264566	16	485
87	SV40_NLS	0.014705882352941176	0.03809671	7	476
87	cMyc_NLS	0.01882845188284519	0.1040345	9	478
88	Nucleoplasmin_NLS	0.061068702290076333	0.2201606	16	262
88	SV40_NLS	0.02766798418972332	0.11602092	7	253
88	cMyc_NLS	0.03529411764705882	0.3612164	9	255
89	Nucleoplasmin_NLS	0.03368421052631579	0.07553289	16	475
89	SV40_NLS	0.015021459227467811	0.04738607	7	466
89	cMyc_NLS	0.019230769230769232	0.059798967	9	468
90	Nucleoplasmin_NLS	0.02782608695652174	0.06284955	16	575
90	SV40_NLS	0.012367491166077738	0.10003918	7	566
90	cMyc_NLS	0.01584507042253521	0.09535664	9	568
91	Nucleoplasmin_NLS	0.023121387283236993	0.17503317	16	692
91	SV40_NLS	0.010248901903367497	0.066760324	7	683
91	cMyc_NLS	0.013138686131386862	0.25284386	9	685
92	Nucleoplasmin_NLS	0.07960199004975124	0.27223048	16	201
92	cMyc_NLS	0.04639175257731959	0.43366736	9	194
93	Nucleoplasmin_NLS	0.050955414012738856	0.18611355	16	314
93	SV40_NLS	0.022950819672131147	0.08421859	7	305
93	cMyc_NLS	0.029315960912052116	0.13680454	9	307
94	Nucleoplasmin_NLS	0.07048458149779736	0.26380694	16	227
94	SV40_NLS	0.03211009174311927	0.1523363	7	218
94	cMyc_NLS	0.04090909090909091	0.4684958	9	220
95	Nucleoplasmin_NLS	0.031683168316831684	0.12067124	16	505
95	SV40_NLS	0.014112903225806451	0.067159764	7	496
95	cMyc_NLS	0.018072289156626505	0.14244494	9	498
96	Nucleoplasmin_NLS	0.023494860499265784	0.100964	16	681
96	SV40_NLS	0.010416666666666666	0.0940709	7	672
96	cMyc_NLS	0.013353115727002967	0.124346696	9	674
97	Nucleoplasmin_NLS	0.020356234096692113	0.07206392	16	786
97	cMyc_NLS	0.011553273427471117	0.14484939	9	779
98	Nucleoplasmin_NLS	0.03285420944558522	0.120881714	16	487
98	SV40_NLS	0.014644351464435146	0.18818228	7	478
98	cMyc_NLS	0.01875	0.17938761	9	480
99	Nucleoplasmin_NLS	0.006201550387596899	0.22574179	16	2580
99	SV40_NLS	0.0027226760015558148	0.06844701	7	2571
99	cMyc_NLS	0.003497862417411582	0.22004978	9	2573
100	Nucleoplasmin_NLS	0.02373887240356083	0.07527349	16	674
100	SV40_NLS	0.010526315789473684	0.047486443	7	665
100	cMyc_NLS	0.013493253373313344	0.0659819	9	667
101	Nucleoplasmin_NLS	0.026359143327841845	0.075678706	16	607
101	SV40_NLS	0.011705685618729096	0.12504989	7	598
101	cMyc_NLS	0.015	0.27942044	9	600
102	Nucleoplasmin_NLS	0.0299625468164794	0.18352157	16	534
102	SV40_NLS	0.013333333333333334	0.21094598	7	525
102	cMyc_NLS	0.017077798861480076	0.4416034	9	527
103	Nucleoplasmin_NLS	0.029038112522686024	0.10226503	16	551
103	cMyc_NLS	0.016544117647058824	0.042774368	9	544
104	Nucleoplasmin_NLS	0.016614745586708203	0.063252196	16	963
104	SV40_NLS	0.007337526205450734	0.02717973	7	954
104	cMyc_NLS	0.009414225941422594	0.082421534	9	956
105	Nucleoplasmin_NLS	0.016	0.057974454	16	1000
105	SV40_NLS	0.007063572149344097	0.07352282	7	991
105	cMyc_NLS	0.00906344410876133	0.12126031	9	993
106	Nucleoplasmin_NLS	0.034482758620689655	0.05831245	16	464
106	SV40_NLS	0.015384615384615385	0.05081031	7	455
106	cMyc_NLS	0.019693654266958426	0.11724761	9	457
107	Nucleoplasmin_NLS	0.011594202898550725	0.086369455	16	1380
107	SV40_NLS	0.005105762217359592	0.036410604	7	1371
107	cMyc_NLS	0.0065549890750182084	0.11822781	9	1373
108	Nucleoplasmin_NLS	0.028169014084507043	0.06336071	16	568
108	SV40_NLS	0.012522361359570662	0.031226488	7	559
108	cMyc_NLS	0.016042780748663103	0.054231744	9	561
109	Nucleoplasmin_NLS	0.05263157894736842	0.10272184	16	304
109	SV40_NLS	0.023728813559322035	0.13023718	7	295
109	cMyc_NLS	0.030303030303030304	0.13414337	9	297
110	Nucleoplasmin_NLS	0.04199475065616798	0.11090691	16	381
110	cMyc_NLS	0.02406417112299465	0.13801183	9	374
111	Nucleoplasmin_NLS	0.06037735849056604	0.23680219	16	265
111	SV40_NLS	0.02734375	0.0888824	7	256
111	cMyc_NLS	0.03488372093023256	0.18707244	9	258
112	Nucleoplasmin_NLS	0.020253164556962026	0.1471292	16	790
112	SV40_NLS	0.008962868117797696	0.039718617	7	781
112	cMyc_NLS	0.011494252873563218	0.11377007	9	783
113	Nucleoplasmin_NLS	0.06866952789699571	0.20491572	16	233
113	SV40_NLS	0.03125	0.09778007	7	224
113	cMyc_NLS	0.03982300884955752	0.21041884	9	226
114	Nucleoplasmin_NLS	0.05387205387205387	0.14909972	16	297
114	SV40_NLS	0.024305555555555556	0.10000368	7	288
114	cMyc_NLS	0.03103448275862069	0.15281956	9	290
115	Nucleoplasmin_NLS	0.017167381974248927	0.05249577	16	932
115	SV40_NLS	0.007583965330444204	0.08507107	7	923
115	cMyc_NLS	0.00972972972972973	0.13982722	9	925
116	Nucleoplasmin_NLS	0.014146772767462422	0.06304564	16	1131
116	SV40_NLS	0.006238859180035651	0.038068134	7	1122
116	cMyc_NLS	0.00800711743772242	0.04242932	9	1124
117	Nucleoplasmin_NLS	0.0106312292358804	0.08093156	16	1505
117	SV40_NLS	0.004679144385026738	0.08873179	7	1496
117	cMyc_NLS	0.006008010680907877	0.24686569	9	1498
118	Nucleoplasmin_NLS	0.05776173285198556	0.199249	16	277
118	cMyc_NLS	0.03333333333333333	0.19182487	9	270
119	Nucleoplasmin_NLS	0.04221635883905013	0.2515061	16	379
119	SV40_NLS	0.01891891891891892	0.28564447	7	370
119	cMyc_NLS	0.024193548387096774	0.23764612	9	372
120	Nucleoplasmin_NLS	0.050473186119873815	0.12062053	16	317
120	SV40_NLS	0.022727272727272728	0.060499642	7	308
120	cMyc_NLS	0.02903225806451613	0.09493751	9	310
121	Nucleoplasmin_NLS	0.06015037593984962	0.1382471	16	266
121	SV40_NLS	0.027237354085603113	0.12525909	7	257
121	cMyc_NLS	0.03474903474903475	0.20207545	9	259
122	Nucleoplasmin_NLS	0.014760147601476014	0.038899925	16	1084
122	cMyc_NLS	0.008356545961002786	0.05544806	9	1077
123	Nucleoplasmin_NLS	0.017167381974248927	0.16952981	16	932
123	SV40_NLS	0.007583965330444204	0.06436698	7	923
123	cMyc_NLS	0.00972972972972973	0.2129293	9	925
124	Nucleoplasmin_NLS	0.03636363636363636	0.09440565	16	440
124	SV40_NLS	0.016241299303944315	0.07956616	7	431
124	cMyc_NLS	0.020785219399538105	0.16193324	9	433
126	Nucleoplasmin_NLS	0.022598870056497175	0.09093652	16	708
126	SV40_NLS	0.010014306151645207	0.039929926	7	699
126	cMyc_NLS	0.012838801711840228	0.12590647	9	701
127	Nucleoplasmin_NLS	0.022535211267605635	0.07609799	16	710
127	SV40_NLS	0.009985734664764621	0.027041055	7	701
127	cMyc_NLS	0.012802275960170697	0.04403522	9	703
128	Nucleoplasmin_NLS	0.06153846153846154	0.18991119	16	260
128	SV40_NLS	0.027888446215139442	0.19603784	7	251
128	cMyc_NLS	0.03557312252964427	0.28940025	9	253
130	Nucleoplasmin_NLS	0.009858287122612447	0.05392716	16	1623
130	SV40_NLS	0.004337050805452293	0.078317344	7	1614
130	cMyc_NLS	0.005569306930693069	0.17628857	9	1616
131	Nucleoplasmin_NLS	0.0243531202435312	0.06463279	16	657
131	SV40_NLS	0.010802469135802469	0.050672024	7	648
131	cMyc_NLS	0.013846153846153847	0.045025636	9	650
132	Nucleoplasmin_NLS	0.014375561545372867	0.064273916	16	1113
132	SV40_NLS	0.006340579710144928	0.027377684	7	1104
132	cMyc_NLS	0.0081374321880651	0.031736832	9	1106
133	Nucleoplasmin_NLS	0.019975031210986267	0.058542423	16	801
133	cMyc_NLS	0.011335012594458438	0.06910532	9	794
134	Nucleoplasmin_NLS	0.01642710472279261	0.09408639	16	974
134	SV40_NLS	0.007253886010362694	0.19129696	7	965
134	cMyc_NLS	0.009307135470527405	0.21621107	9	967
135	Nucleoplasmin_NLS	0.014787430683918669	0.1310942	16	1082
135	cMyc_NLS	0.008372093023255815	0.16403095	9	1075
136	Nucleoplasmin_NLS	0.04092071611253197	0.39450023	16	391
136	SV40_NLS	0.01832460732984293	0.24030448	7	382
136	cMyc_NLS	0.0234375	0.25521165	9	384
137	Nucleoplasmin_NLS	0.012326656394453005	0.06794537	16	1298
137	SV40_NLS	0.005430566330488751	0.04893035	7	1289
137	cMyc_NLS	0.006971340046475601	0.050764173	9	1291
138	Nucleoplasmin_NLS	0.01866977829638273	0.056012813	16	857
138	cMyc_NLS	0.010588235294117647	0.053510737	9	850
139	Nucleoplasmin_NLS	0.017758046614872364	0.076530546	16	901
139	SV40_NLS	0.007847533632286996	0.036221813	7	892
139	cMyc_NLS	0.010067114093959731	0.115731165	9	894
140	Nucleoplasmin_NLS	0.020100502512562814	0.044817567	16	796
140	SV40_NLS	0.008894536213468869	0.04498919	7	787
140	cMyc_NLS	0.011406844106463879	0.07677044	9	789
141	Nucleoplasmin_NLS	0.015080113100848256	0.096737206	16	1061
141	SV40_NLS	0.006653992395437262	0.057232138	7	1052
141	cMyc_NLS	0.008538899430740038	0.13027702	9	1054
142	Nucleoplasmin_NLS	0.035398230088495575	0.11297278	16	452
142	SV40_NLS	0.01580135440180587	0.05146525	7	443
142	cMyc_NLS	0.020224719101123594	0.08670523	9	445
143	Nucleoplasmin_NLS	0.08376963350785341	0.27911437	16	191
143	SV40_NLS	0.038461538461538464	0.35054877	7	182
143	cMyc_NLS	0.04891304347826087	0.300529	9	184
144	Nucleoplasmin_NLS	0.03187250996015936	0.11901882	16	502
144	SV40_NLS	0.014198782961460446	0.1414608	7	493
144	cMyc_NLS	0.01818181818181818	0.36443383	9	495
145	Nucleoplasmin_NLS	0.045454545454545456	0.10313376	16	352
145	SV40_NLS	0.02040816326530612	0.114117734	7	343
145	cMyc_NLS	0.02608695652173913	0.24274279	9	345
146	Nucleoplasmin_NLS	0.0148975791433892	0.04041983	16	1074
146	cMyc_NLS	0.008434864104967198	0.05465798	9	1067
147	Nucleoplasmin_NLS	0.020100502512562814	0.12976198	16	796
147	cMyc_NLS	0.011406844106463879	0.054532245	9	789
148	Nucleoplasmin_NLS	0.07239819004524888	0.20744853	16	221
148	SV40_NLS	0.0330188679245283	0.14231479	7	212
148	cMyc_NLS	0.04205607476635514	0.3096926	9	214
149	Nucleoplasmin_NLS	0.07407407407407407	0.20616557	16	216
149	SV40_NLS	0.033816425120772944	0.09106658	7	207
149	cMyc_NLS	0.0430622009569378	0.18710521	9	209
150	Nucleoplasmin_NLS	0.03137254901960784	0.10439438	16	510
150	cMyc_NLS	0.017892644135188866	0.04521852	9	503
151	Nucleoplasmin_NLS	0.03508771929824561	0.3092895	16	456
151	SV40_NLS	0.015659955257270694	0.15178381	7	447
151	cMyc_NLS	0.0200445434298441	0.2106334	9	449
152	Nucleoplasmin_NLS	0.009324009324009324	0.11656636	16	1716
152	SV40_NLS	0.004100761570005858	0.062483687	7	1707
152	cMyc_NLS	0.0052662375658279695	0.24296817	9	1709
153	Nucleoplasmin_NLS	0.02053915275994865	0.12906817	16	779
153	SV40_NLS	0.00909090909090909	0.15698984	7	770
153	cMyc_NLS	0.011658031088082901	0.15782695	9	772
154	Nucleoplasmin_NLS	0.01820250284414107	0.10956047	16	879
154	SV40_NLS	0.008045977011494253	0.21673632	7	870
154	cMyc_NLS	0.010321100917431193	0.24913728	9	872
155	Nucleoplasmin_NLS	0.05263157894736842	0.13565545	16	304
155	SV40_NLS	0.023728813559322035	0.100539304	7	295
155	cMyc_NLS	0.030303030303030304	0.11225027	9	297
156	Nucleoplasmin_NLS	0.041237113402061855	0.10735833	16	388
156	SV40_NLS	0.018469656992084433	0.0639997	7	379
156	cMyc_NLS	0.023622047244094488	0.07792615	9	381
157	Nucleoplasmin_NLS	0.08290155440414508	0.2864448	16	193
157	SV40_NLS	0.03804347826086957	0.17099299	7	184
157	cMyc_NLS	0.04838709677419355	0.54800314	9	186
159	Nucleoplasmin_NLS	0.012708498808578236	0.043717008	16	1259
159	SV40_NLS	0.0056	0.019674463	7	1250
159	cMyc_NLS	0.00718849840255591	0.051326722	9	1252
160	Nucleoplasmin_NLS	0.048484848484848485	0.39579695	16	330
160	SV40_NLS	0.021806853582554516	0.2604491	7	321
160	cMyc_NLS	0.02786377708978328	0.3271739	9	323
161	Nucleoplasmin_NLS	0.02416918429003021	0.08802736	16	662
161	SV40_NLS	0.010719754977029096	0.064718656	7	653
161	cMyc_NLS	0.013740458015267175	0.10171726	9	655
162	Nucleoplasmin_NLS	0.01685985247629083	0.25199518	16	949
162	SV40_NLS	0.007446808510638298	0.07234089	7	940
162	cMyc_NLS	0.009554140127388535	0.08186378	9	942
163	Nucleoplasmin_NLS	0.04221635883905013	0.11989664	16	379
163	SV40_NLS	0.01891891891891892	0.06740686	7	370
163	cMyc_NLS	0.024193548387096774	0.121873565	9	372
164	Nucleoplasmin_NLS	0.0851063829787234	0.20285062	16	188
164	cMyc_NLS	0.049723756906077346	0.2617544	9	181
165	Nucleoplasmin_NLS	0.03455723542116631	0.16520654	16	463
165	cMyc_NLS	0.019736842105263157	0.14568178	9	456
167	Nucleoplasmin_NLS	0.04892966360856269	0.143185	16	327
167	cMyc_NLS	0.028125	0.14345814	9	320
168	Nucleoplasmin_NLS	0.015873015873015872	0.08250802	16	1008
168	cMyc_NLS	0.008991008991008992	0.10136402	9	1001
169	Nucleoplasmin_NLS	0.011412268188302425	0.10616654	16	1402
169	SV40_NLS	0.005025125628140704	0.09202328	7	1393
169	cMyc_NLS	0.0064516129032258064	0.20623836	9	1395
170	Nucleoplasmin_NLS	0.03855421686746988	0.14603229	16	415
170	cMyc_NLS	0.022058823529411766	0.3498157	9	408
171	Nucleoplasmin_NLS	0.02194787379972565	0.078254275	16	729
171	SV40_NLS	0.009722222222222222	0.05273949	7	720
171	cMyc_NLS	0.012465373961218837	0.08393207	9	722
172	Nucleoplasmin_NLS	0.08205128205128205	0.3075546	16	195
172	SV40_NLS	0.03763440860215054	0.1345076	7	186
172	cMyc_NLS	0.047872340425531915	0.58892363	9	188
173	Nucleoplasmin_NLS	0.0380952380952381	0.2846634	16	420
173	SV40_NLS	0.0170316301703163	0.14617774	7	411
173	cMyc_NLS	0.021791767554479417	0.37492782	9	413
174	Nucleoplasmin_NLS	0.032586558044806514	0.07204533	16	491
174	SV40_NLS	0.014522821576763486	0.050366633	7	482
174	cMyc_NLS	0.01859504132231405	0.062051997	9	484
175	Nucleoplasmin_NLS	0.018626309662398137	0.072695054	16	859
175	SV40_NLS	0.00823529411764706	0.039548382	7	850
175	cMyc_NLS	0.01056338028169014	0.11085042	9	852
176	Nucleoplasmin_NLS	0.034934497816593885	0.22206786	16	458
176	SV40_NLS	0.015590200445434299	0.21274991	7	449
176	cMyc_NLS	0.019955654101995565	0.107697174	9	451
177	Nucleoplasmin_NLS	0.07142857142857142	0.29177037	16	224
177	SV40_NLS	0.03255813953488372	0.07694247	7	215
177	cMyc_NLS	0.041474654377880185	0.18554774	9	217
178	Nucleoplasmin_NLS	0.020486555697823303	0.09017517	16	781
178	SV40_NLS	0.009067357512953367	0.030071577	7	772
178	cMyc_NLS	0.011627906976744186	0.0682974	9	774
179	Nucleoplasmin_NLS	0.01904761904761905	0.15529542	16	840
179	SV40_NLS	0.00842358604091456	0.042962726	7	831
179	cMyc_NLS	0.010804321728691477	0.11193085	9	833
180	Nucleoplasmin_NLS	0.041884816753926704	0.13122979	16	382
180	SV40_NLS	0.01876675603217158	0.06783631	7	373
180	cMyc_NLS	0.024	0.093996175	9	375
181	Nucleoplasmin_NLS	0.025157232704402517	0.066930875	16	636
181	cMyc_NLS	0.014308426073131956	0.24219073	9	629
182	Nucleoplasmin_NLS	0.014814814814814815	0.114067666	16	1080
182	SV40_NLS	0.006535947712418301	0.035817116	7	1071
182	cMyc_NLS	0.008387698042870456	0.054387007	9	1073
183	Nucleoplasmin_NLS	0.025157232704402517	0.12266249	16	636
183	SV40_NLS	0.011164274322169059	0.04290238	7	627
183	cMyc_NLS	0.014308426073131956	0.06490212	9	629
184	Nucleoplasmin_NLS	0.08839779005524862	0.28984195	16	181
184	SV40_NLS	0.040697674418604654	0.12199084	7	172
184	cMyc_NLS	0.05172413793103448	0.19927873	9	174
185	Nucleoplasmin_NLS	0.016666666666666666	0.12141536	16	960
185	cMyc_NLS	0.00944386149003148	0.28270617	9	953
186	Nucleoplasmin_NLS	0.031746031746031744	0.11317592	16	504
186	SV40_NLS	0.014141414141414142	0.0866868	7	495
186	cMyc_NLS	0.018108651911468814	0.13846381	9	497
188	SV40_NLS	0.023728813559322035	0.12546618	7	295
188	cMyc_NLS	0.030303030303030304	0.17478916	9	297
189	Nucleoplasmin_NLS	0.019464720194647202	0.05042052	16	822
189	SV40_NLS	0.008610086100861008	0.05653862	7	813
189	cMyc_NLS	0.011042944785276074	0.0952665	9	815
190	Nucleoplasmin_NLS	0.01990049751243781	0.115122065	16	804
190	SV40_NLS	0.00880503144654088	0.19769724	7	795
190	cMyc_NLS	0.011292346298619825	0.31715965	9	797
191	Nucleoplasmin_NLS	0.016477857878475798	0.1603893	16	971
191	SV40_NLS	0.007276507276507277	0.07427643	7	962
191	cMyc_NLS	0.00933609958506224	0.06846974	9	964
192	Nucleoplasmin_NLS	0.03532008830022075	0.08286264	16	453
192	SV40_NLS	0.015765765765765764	0.04312966	7	444
192	cMyc_NLS	0.020179372197309416	0.09416508	9	446
193	Nucleoplasmin_NLS	0.02295552367288379	0.087750055	16	697
193	SV40_NLS	0.010174418604651164	0.17625928	7	688
193	cMyc_NLS	0.013043478260869565	0.3024182	9	690
194	Nucleoplasmin_NLS	0.0903954802259887	0.29393396	16	177
194	SV40_NLS	0.041666666666666664	0.16979122	7	168
194	cMyc_NLS	0.052941176470588235	0.43042797	9	170
195	Nucleoplasmin_NLS	0.03361344537815126	0.21745256	16	476
195	SV40_NLS	0.014989293361884369	0.067019165	7	467
195	cMyc_NLS	0.019189765458422176	0.1705919	9	469
196	Nucleoplasmin_NLS	0.02185792349726776	0.051272787	16	732
196	SV40_NLS	0.009681881051175657	0.049735323	7	723
196	cMyc_NLS	0.012413793103448275	0.08931273	9	725
197	Nucleoplasmin_NLS	0.021621621621621623	0.11004708	16	740
197	SV40_NLS	0.009575923392612859	0.10539793	7	731
197	cMyc_NLS	0.01227830832196453	0.16746639	9	733
198	Nucleoplasmin_NLS	0.047337278106508875	0.1353083	16	338
198	SV40_NLS	0.02127659574468085	0.05312375	7	329
198	cMyc_NLS	0.027190332326283987	0.14407787	9	331
