gene	insert_frac	ratio	ec_norm	pool_norm	size	len_long
STK39	0.03853211009174312	0.018352024	61.640293	1.1312242	21	545
NDUFS2	0.04338842975206612	0.020561757	63.334717	1.302273	21	484
CZIB	0.1875	0.077858	62.05219	4.8312593	30	160
ALOX15B	0.042899408284023666	0.018544244	55.640945	1.0318192	29	676
NOP2	0.0049261083743842365	0.0033638538	67.5597	0.22726095	4	812
G3BP2	0.06846473029045644	0.03493683	69.558464	2.4301522	33	482
GBF1	0.008606777837547068	0.015417967	67.795204	1.0452642	16	1859
DCAF4	0.01616161616161616	0.011288	65.61605	0.740674	8	495
CPSF6	0.06292517006802721	0.036604982	62.0513	2.2713866	37	588
UBAP2L	0.022789425706472195	0.01070826	79.82709	0.8548092	25	1097
ACER3	0.025547445255474453	0.04694871	64.86068	3.0451252	7	274
GPR107	0.03327495621716287	0.019375654	65.12805	1.2618986	19	571
PCMTD2	0.07479224376731301	0.021859182	68.25902	1.4920863	27	361
SPCS2	0.12062256809338522	0.057790842	60.784554	3.5127904	31	257
TSC1	0.005154639175257732	0.015468891	65.19009	1.0084183	6	1164
SOGA3	0.0031678986272439284	0.0034424325	67.524666	0.2324491	3	947
LETR1	0.031007751937984496	0.023963483	70.93926	1.6999518	4	129
GGA3	0.04564315352697095	0.042607836	70.52268	3.004819	33	723
DNPEP	0.0288659793814433	0.008405032	72.54443	0.6097383	14	485
PRKCSH	0.018691588785046728	0.01019799	71.054344	0.72461146	10	535
HARS1	0.07858546168958742	0.019316712	71.009766	1.3716753	40	509
DOCK6	0.01681075888568684	0.021506013	58.160503	1.2508006	35	2082
LRSAM1	0.04564315352697095	0.016200112	59.862858	0.96978503	33	723
DPP10	0.022613065326633167	0.03601366	67.44039	2.4287753	18	796
ESRRG	0.05021834061135371	0.026344897	67.26444	1.7720748	23	458
NAP1L1	0.06905370843989769	0.06889679	78.38384	5.4003954	27	391
CORO6	0.0847457627118644	0.025137784	71.58238	1.7994225	40	472
SNCA	0.1	0.051523283	72.793	3.7505343	14	140
MPP2	0.019927536231884056	0.009199034	62.722015	0.57698196	11	552
MYL6	0.033112582781456956	0.021694858	65.198814	1.414479	5	151
DCP1A	0.06529209621993128	0.029551947	68.22419	2.0161576	38	582
C1orf21	0.13008130081300814	0.07576128	66.01331	5.001253	16	123
PRORP	0.0274442538593482	0.012726224	66.80168	0.8501332	16	583
FPGS	0.044293015332197615	0.025004944	76.904175	1.9229846	26	587
CRYZL1	0.04297994269340974	0.029749166	69.46942	2.0666573	15	349
SGTA	0.10223642172523961	0.065001965	64.29868	4.1795406	32	313
NAP1L4	0.031007751937984496	0.025192406	62.79254	1.5818952	12	387
NDUFB6	0.1171875	0.050069824	71.328476	3.5714042	15	128
RPS24	0.09090909090909091	0.055973675	65.85175	3.6859646	13	143
NFIX	0.0099601593625498	0.012724483	59.776283	0.7606223	5	502
EXOSC1	0.1282051282051282	0.0828167	67.19037	5.5644846	25	195
CPSF7	0.01910828025477707	0.00845214	68.5697	0.5795607	9	471
ATE1	0.0694980694980695	0.024603926	72.66981	1.7879626	36	518
CSNK1G3	0.07017543859649122	0.037476905	69.63504	2.6097057	32	456
PDP1	0.06282722513089005	0.024830041	63.979816	1.5886215	36	573
BBS5	0.06158357771260997	0.08591959	62.45265	5.365906	21	341
SKIC2	0.018459069020866775	0.011420167	63.650047	0.7268942	23	1246
ZNF778	0.036988110964332896	0.025977198	56.74052	1.4739597	28	757
MARK3	0.05312084993359894	0.02180081	68.86135	1.5012332	40	753
PFN1	0.2857142857142857	0.12616047	54.40281	6.863484	40	140
SEMA4F	0.04285714285714286	0.017594099	75.52303	1.3287598	33	770
C8orf88	0.1937984496124031	0.12969206	56.282284	7.2993655	25	129
TUBB2A	0.07488986784140969	0.039207947	68.25373	2.6760886	34	454
CAMK2D	0.04878048780487805	0.028838621	62.836895	1.8121294	26	533
STXBP1	0.02356902356902357	0.016209833	65.31262	1.0587068	14	594
HMGA1	0.102803738317757	0.05332289	70.95439	3.783493	11	107
PIP5K1C	0.037463976945244955	0.03132652	61.46475	1.9254768	26	694
PPARGC1B	0.033235581622678395	0.012362676	66.50828	0.82222027	34	1023
UBE2D3	0.19727891156462585	0.068121	69.93493	4.7640376	29	147
PROKR2	0.027848101265822784	0.019864574	72.02225	1.4306912	11	395
PTPA	0.0182370820668693	0.069989294	65.67475	4.5965295	6	329
HGS	0.007662835249042145	0.0050950483	72.650085	0.3701557	6	783
CAMK2A	0.022494887525562373	0.021537418	76.96849	1.6577026	11	489
POGZ	0.004940014114326041	0.008278639	68.62576	0.56812793	7	1417
APP	0.025974025974025976	0.0106880795	63.271847	0.6762545	20	770
SCRN1	0.04608294930875576	0.028402116	66.41165	1.8862314	20	434
CDK2AP1	0.3007518796992481	0.15289173	60.89228	9.309926	40	133
SLC1A2	0.006968641114982578	0.008844216	74.147026	0.6557723	4	574
CSTPP1	0.017804154302670624	0.024902645	58.65473	1.460658	6	337
RAD51C	0.0851063829787234	0.02708653	72.62743	1.9672252	32	376
HMBS	0.04709141274238227	0.02996529	76.88452	2.303867	17	361
EIF3H	0.03825136612021858	0.0142404735	68.53466	0.97596604	14	366
GLYR1	0.0108499095840868	0.008186658	79.79072	0.6532193	6	553
CPEB2	0.027079303675048357	0.015516468	62.07869	0.963242	28	1034
GALK2	0.05240174672489083	0.022520686	75.71713	1.7052017	24	458
G3BP2	0.06846473029045644	0.03493683	69.558464	2.4301522	33	482
CELF2	0.04030710172744722	0.025588272	66.82843	1.7100241	21	521
SNAP91	0.005512679162072767	0.006711756	75.157425	0.5044383	5	907
EP300	0.010770505385252692	0.016291365	68.66699	1.118679	26	2414
FANCL	0.050666666666666665	0.028990148	61.317158	1.7775935	19	375
TMEM87B	0.04504504504504504	0.016065028	66.95956	1.0757071	25	555
FIP1L1	0.04713804713804714	0.020606074	60.902744	1.2549665	28	594
KLHL4	0.03194444444444444	0.020823877	65.674355	1.3675947	23	720
ZNF106	0.017313746065057714	0.029870715	73.812584	2.2048347	33	1906
ITPR1	0.0036258158085569255	0.009097229	63.114	0.5741625	10	2758
YKT6	0.085	0.095492736	65.88451	6.2914915	17	200
NME4	0.18181818181818182	0.077167146	54.66216	4.218123	34	187
DOCK7	0.014485981308411215	0.019872986	69.170135	1.3746171	31	2140
MRS2	0.08126410835214447	0.030904867	66.56635	2.0572243	36	443
CYRIB	0.033950617283950615	0.024092315	57.649704	1.3889148	11	324
ILDR2	0.0297339593114241	0.018094998	68.80755	1.2450725	19	639
PCSK6	0.013415892672858616	0.006717559	62.834476	0.4220943	13	969
HSPA1B	0.0343213728549142	0.0133637665	61.49086	0.8217495	22	641
MRPL11	0.17708333333333334	0.10478449	64.312744	6.738978	34	192
LYPD6B	0.11594202898550725	0.05121164	60.19877	3.0828776	24	207
ICOSLG	0.07260726072607261	0.026121678	68.73225	1.7954016	22	303
SLC8A1	0.03597122302158273	0.03614927	51.690105	1.8685596	35	973
DDX25	0.037267080745341616	0.01067718	69.16855	0.7385251	18	483
NBN	0.02204928664072633	0.024314672	60.14547	1.4624174	17	771
INKA2	0.05387205387205387	0.057990205	69.03184	4.0031705	16	297
SNX9	0.048	0.027351437	67.49058	1.8459643	30	625
AIMP1	0.028037383177570093	0.022058576	65.9216	1.4541366	9	321
CTSH	0.11343283582089553	0.061419457	72.92079	4.4787555	38	335
ATP5PF	0.1559633027522936	0.08209177	60.434673	4.9611893	17	109
PEX5L	0.05591054313099041	0.019276114	62.731487	1.2092193	35	626
NCL	0.022535211267605635	0.011249755	68.880775	0.7748918	16	710
BRCC3	0.07911392405063292	0.026246807	68.6575	1.8020401	25	316
TRAF3IP2	0.0156794425087108	0.013439026	66.18396	0.8894479	9	574
MLF1	0.09328358208955224	0.108413845	63.67062	6.9027767	25	268
LSM14B	0.09198113207547169	0.04155561	69.50214	2.8882036	39	424
TAFA5	0.2878787878787879	0.08903683	63.99248	5.6976876	38	132
RDX	0.0347682119205298	0.021501351	65.543785	1.40928	21	604
SEPTIN7	0.04805491990846682	0.02447361	70.01308	1.7134727	21	437
IMPDH1	0.044142614601018676	0.027891427	56.47935	1.5752897	26	589
DNM1L	0.017356475300400534	0.011936801	71.23305	0.85029465	13	749
TENT5A	0.04121475054229935	0.03282523	63.143093	2.0726867	19	461
TSPAN3	0.09881422924901186	0.08473767	81.46178	6.902881	25	253
MDM1	0.013812154696132596	0.014830994	60.360287	0.89520305	10	724
CELF1	0.054474708171206226	0.020078482	69.81096	1.4016981	28	514
MTCH1	0.043701799485861184	0.022215275	66.61075	1.4797761	17	389
ZIM2	0.05555555555555555	0.025869964	62.073765	1.605846	31	558
PLEKHB2	0.034782608695652174	0.027750231	68.31913	1.8958716	8	230
MBNL2	0.04603580562659847	0.049823813	73.41617	3.6578734	18	391
SRRT	0.005707762557077625	0.005064342	72.96481	0.3695188	5	876
MRPL43	0.04878048780487805	0.08569471	53.17689	4.556978	8	164
BAZ1A	0.02056555269922879	0.022780964	59.813786	1.3626157	32	1556
OPTN	0.010398613518197574	0.029063521	65.79525	1.9122416	6	577
HNRNPA2B1	0.0339943342776204	0.017239813	71.597046	1.2343197	12	353
HLA-C	0.016129032258064516	0.0104300035	75.18429	0.7841724	6	372
ENSG00000288921	0.0392156862745098	0.018120006	59.462055	1.0774528	26	663
MYL6B	0.15865384615384615	0.067600004	65.06777	4.3985815	33	208
MARK2	0.031725888324873094	0.020599518	68.30301	1.407009	25	788
GULP1	0.07894736842105263	0.04314788	63.17217	2.7257452	24	304
MEF2C	0.06765327695560254	0.03497879	69.55628	2.4329944	32	473
MOBP	0.12135922330097088	0.05690397	64.360146	3.6623478	25	206
ZBTB16	0.04309063893016345	0.014314202	77.38454	1.1076978	29	673
CCDC92	0.0513595166163142	0.022215413	72.377365	1.607893	17	331
SCMH1	0.03283582089552239	0.018395519	57.82289	1.0636821	22	670
IFT20	0.16455696202531644	0.0923094	59.78103	5.518351	26	158
ATAT1	0.03003003003003003	0.023210352	70.98863	1.6476711	10	333
SSR3	0.10270270270270271	0.06449156	64.93645	4.187853	19	185
ITCH	0.037122969837587005	0.03219842	74.42405	2.3963368	32	862
SRPK2	0.032904148783977114	0.01623364	68.53779	1.1126177	23	699
ANAPC5	0.017218543046357615	0.0074655786	58.711266	0.43831357	13	755
DDX1	0.008108108108108109	0.0067541087	65.733376	0.44397035	6	740
RNPS1	0.07540983606557378	0.043350287	71.570015	3.1025808	23	305
KICS2	0.049145299145299144	0.046797346	55.266098	2.5863068	23	468
CCDC149	0.020370370370370372	0.020461041	61.53508	1.2590718	11	540
CAV1	0.17415730337078653	0.08180316	60.024445	4.910189	31	178
FBXO2	0.09797297297297297	0.047830556	79.66387	3.8103673	29	296
ING5	0.058333333333333334	0.04420461	78.36203	3.463963	14	240
BANP	0.04716981132075472	0.028021207	67.34843	1.8871843	25	530
KIAA0513	0.024330900243309004	0.024458159	62.758324	1.534953	10	411
RPS15	0.18620689655172415	0.07724501	63.588615	4.9119034	27	145
MRE11	0.03954802259887006	0.017546048	68.52948	1.2024215	28	708
HNRNPA3	0.0582010582010582	0.028617239	70.8611	2.027849	22	378
ADSL	0.030991735537190084	0.034959115	66.25693	2.3162835	15	484
TBK1	0.05486968449931413	0.02644249	61.772915	1.6334298	40	729
KCNQ5	0.007454739084132056	0.006449213	69.91895	0.4509222	7	939
TUBA8	0.08908685968819599	0.039384857	72.269745	2.8463335	40	449
PPP1R1B	0.17647058823529413	0.08653147	61.891098	5.3555274	36	204
PSMB3	0.06341463414634146	0.027929017	69.907875	1.9524583	13	205
PALB2	0.020202020202020204	0.01939865	58.69438	1.1385918	24	1188
ZNF385D	0.015189873417721518	0.012151933	65.357834	0.794224	6	395
ELAVL4	0.03684210526315789	0.024574533	65.99749	1.6218575	14	380
PUS7L	0.016830294530154277	0.009612347	62.591698	0.6016531	12	713
C4orf48	0.2578125	0.080678545	71.798096	5.792566	33	128
ACVR1B	0.07128712871287128	0.022812983	67.740326	1.5453589	36	505
CTNNB1	0.0038314176245210726	0.0058189933	63.008354	0.3666452	3	783
ENSG00000291068	0.027131782945736434	0.015440199	69.93813	1.0798587	7	258
GNL3	0.02185792349726776	0.0123529	69.11033	0.853713	12	549
ZNF615	0.014824797843665768	0.016671408	61.142143	1.0193256	11	742
PMM2	0.13414634146341464	0.044006668	73.92518	3.2532008	33	246
PPP6R3	0.006825938566552901	0.015583023	61.24418	0.9543695	6	879
MAN1B1	0.01859799713876967	0.0118143065	73.29914	0.86597854	13	699
NDUFV1	0.01939655172413793	0.013205048	72.17216	0.9530368	9	464
CEP97	0.03930635838150289	0.0158987	75.425735	1.1991712	34	865
AFDN	0.008192244675040962	0.019499732	61.782726	1.2047466	15	1831
NMRAL1	0.10746268656716418	0.037474286	68.90218	2.58206	36	335
RPSA	0.11864406779661017	0.058363106	74.770935	4.363864	35	295
SLC25A44	0.024844720496894408	0.024169272	66.65103	1.6109068	8	322
CD200	0.08503401360544217	0.049631737	62.967922	3.1252074	25	294
SMAP2	0.07226107226107226	0.06960378	72.99262	5.080562	31	429
FBXW2	0.06584362139917696	0.029210662	62.246693	1.8182671	32	486
IRF2	0.019662921348314606	0.009461685	73.67205	0.6970617	7	356
MAPK10	0.08189655172413793	0.03403909	58.49028	1.990956	38	464
GOLGA3	0.0267022696929239	0.023182968	65.96635	1.5292957	40	1498
IPO5	0.016143497757847534	0.011545275	64.57559	0.745543	18	1115
NR3C2	0.004048582995951417	0.008454552	66.67167	0.5636791	4	988
HIPK3	0.01728395061728395	0.018322099	58.568382	1.0730957	21	1215
RHOBTB2	0.012228260869565218	0.007999534	67.20408	0.5376013	9	736
GSTO1	0.13692946058091288	0.047550686	73.91135	3.5145352	33	241
ALG8	0.060836501901140684	0.03104224	68.961105	2.1407073	32	526
MUTYH	0.045787545787545784	0.018159755	71.111694	1.2913709	25	546
AREL1	0.041312272174969626	0.014596591	65.15132	0.95098716	34	823
WDR17	0.030257186081694403	0.018256908	64.066475	1.1696558	40	1322
PTGES3	0.024390243902439025	0.020222325	72.686905	1.4698982	4	164
GRIA2	0.021300448430493273	0.010426772	68.82251	0.7175966	19	892
CHMP2B	0.1222707423580786	0.08290312	62.870277	5.212142	28	229
FIP1L1	0.06060606060606061	0.031087186	57.42167	1.7850782	36	594
PLEKHG5	0.02119815668202765	0.010407387	69.76914	0.7261145	23	1085
ZNF511	0.13358778625954199	0.05624585	62.265003	3.502148	35	262
AKAP8L	0.05263157894736842	0.020471709	66.7247	1.3659687	34	646
GRIPAP1	0.030915576694411414	0.0120326895	72.42308	0.87144446	26	841
NDUFV1	0.015086206896551725	0.008413963	73.12909	0.6153055	7	464
NAP1L3	0.05928853754940711	0.031148603	77.04123	2.3997266	30	506
ZDHHC23	0.059770114942528735	0.02268392	62.354958	1.4144549	26	435
CDCA7L	0.022026431718061675	0.012013063	67.76846	0.8141068	10	454
CALM3	0.24161073825503357	0.06710777	75.435905	5.062335	36	149
HARS2	0.06521739130434782	0.017203035	71.1158	1.2234075	33	506
AOAH	0.05565217391304348	0.04773776	68.879074	3.2881327	32	575
GTF3C5	0.013307984790874524	0.020838423	59.50681	1.240028	7	526
MNDA	0.03194103194103194	0.017622244	61.471638	1.0832682	13	407
HIPK3	0.01728395061728395	0.018322099	58.568382	1.0730957	21	1215
CAMK2A	0.044989775051124746	0.04403694	77.27894	3.403128	22	489
SMARCA1	0.011214953271028037	0.008674572	71.90863	0.6237766	12	1070
PRMT7	0.033660589060308554	0.015965926	69.14049	1.1038918	24	713
ENSG00000287273	0.15865384615384615	0.065175824	69.954704	4.5593557	33	208
PUF60	0.0518783542039356	0.025404336	68.230125	1.733341	29	559
PSMC5	0.059113300492610835	0.028248476	66.95945	1.8915024	24	406
TNIK	0.0058823529411764705	0.009986203	65.071304	0.64981526	8	1360
ARFGAP2	0.053742802303262956	0.018416656	63.911694	1.1770397	28	521
KIF21A	0.007765830346475508	0.016459327	69.41233	1.1424803	13	1674
TMEM237	0.029411764705882353	0.017044902	64.79706	1.1044595	12	408
HCFC1R1	0.13768115942028986	0.15082002	66.013336	9.956133	19	138
SUMF2	0.11147540983606558	0.04009055	63.96428	2.564363	34	305
CADM1	0.06157112526539278	0.022888917	69.65699	1.5943731	29	471
SAMHD1	0.05591054313099041	0.02409319	67.993065	1.6381699	35	626
PFKFB3	0.025	0.015526261	69.529526	1.0795336	13	520
AP1G1	0.0036363636363636364	0.0040290467	76.64691	0.308814	3	825
SUZ12	0.03112313937753721	0.015106402	57.579914	0.86982536	23	739
GAPVD1	0.014383561643835616	0.013191162	64.84762	0.8554154	21	1460
ZRANB2	0.05757575757575758	0.03818184	78.277985	2.9887977	19	330
SNX10	0.04477611940298507	0.026197957	80.285255	2.1033096	9	201
ZNF426	0.06859205776173286	0.045497898	59.099945	2.6889234	38	554
CTSA	0.07276507276507277	0.027223084	76.115974	2.0721116	35	481
FIG4	0.03197353914002205	0.01688521	58.09151	0.98088735	29	907
TRMT112	0.256	0.28049096	70.71939	19.836151	32	125
EEF1A1	0.006493506493506494	0.0042604157	73.66457	0.3138417	3	462
EPS15	0.03965702036441586	0.017546708	60.682064	1.0647705	37	933
SKP1	0.06748466257668712	0.03089535	65.60773	2.0269737	11	163
RRAGB	0.0748663101604278	0.030295461	67.871994	2.0562134	28	374
BAIAP3	0.01454234388366125	0.041840713	63.719036	2.66605	17	1169
DECR1	0.050746268656716415	0.02663043	69.204346	1.8429414	17	335
ZNF286A	0.019193857965451054	0.015197964	67.67399	1.0285069	10	521
MS4A7	0.12	0.06829397	59.299248	4.049781	30	250
ARFIP2	0.08823529411764706	0.06877093	56.54762	3.8888323	33	374
CSDE1	0.047619047619047616	0.027303953	63.1543	1.724362	38	798
CSNK1G3	0.07236842105263158	0.038125906	69.560104	2.652042	33	456
STX2	0.0625	0.033489272	86.875435	2.9093952	18	288
ZFAT	0.009654062751407884	0.0066065015	70.115105	0.46321553	12	1243
TMEM94	0.01171303074670571	0.0067259455	63.64389	0.42806533	16	1366
SIRT5	0.11501597444089456	0.024324732	68.089676	1.6562631	36	313
SNX10	0.13215859030837004	0.043032	67.9106	2.922329	30	227
PHTF2	0.048407643312101914	0.030625837	53.815063	1.6481314	38	785
UBE2B	0.05921052631578947	0.042784177	63.92113	2.734813	9	152
FAM153CP	0.1676300578034682	0.16425492	70.08543	11.511876	29	173
FIP1L1	0.05723905723905724	0.037806686	57.04559	2.1567047	34	594
PRRC1	0.06277056277056277	0.026673244	62.825413	1.6757575	29	462
AVL9	0.027777777777777776	0.012188766	69.334915	0.8451071	18	648
ENSG00000290796	0.11904761904761904	0.059588443	65.98686	3.9320545	30	252
PDHA1	0.07948717948717948	0.147295	80.35561	11.835979	31	390
FASTK	0.04918032786885246	0.014503403	60.787724	0.8816288	27	549
PSMD12	0.043859649122807015	0.028757205	71.13003	2.0455008	20	456
PTBP1	0.005366726296958855	0.0064279693	72.40401	0.46541074	3	559
FXYD1	0.16363636363636364	0.072664075	69.32827	5.0376744	18	110
FAM76A	0.10097719869706841	0.032987613	70.93204	2.3398786	31	307
NQO1	0.1386861313868613	0.19710204	74.28055	14.640847	38	274
LETR1	0.21705426356589147	0.09840603	69.70392	6.859286	28	129
MAP1S	0.030217186024551465	0.01892448	64.22289	1.2153848	32	1059
C7orf50	0.20618556701030927	0.14082193	72.7073	10.238782	40	194
AMDHD2	0.05623471882640587	0.016185472	75.431816	1.2208996	23	409
DCP2	0.03571428571428571	0.01879723	67.25146	1.2641411	15	420
FANCM	0.0126953125	0.032254387	77.198135	2.4899786	26	2048
ACKR1	0.020710059171597635	0.017452195	72.38604	1.2632953	7	338
JTB	0.22602739726027396	0.09315057	76.230934	7.100955	33	146
FSD1L	0.062264150943396226	0.029999956	61.63769	1.849128	33	530
XPNPEP1	0.036036036036036036	0.15806492	78.87584	12.467503	24	666
KDM5D	0.019745222929936305	0.015924424	65.91416	1.0496451	31	1570
TRMT11	0.01079913606911447	0.007710471	68.75874	0.5301623	5	463
JTB	0.22602739726027396	0.09315057	76.230934	7.100955	33	146
RBCK1	0.03225806451612903	0.020448674	64.385796	1.3166041	17	527
BAIAP2	0.043478260869565216	0.01872737	65.870995	1.2335905	24	552
AGO2	0.03958090803259604	0.014218652	80.28267	1.1415113	34	859
LARP7	0.021848739495798318	0.018840725	64.32729	1.2119728	13	595
PPP4R3A	0.015606242496998799	0.0077843503	67.23392	0.52337235	13	833
GLRA3	0.032327586206896554	0.015278548	67.74265	1.0350094	15	464
EEF1A1	0.08658008658008658	0.032689467	64.21435	2.0991328	40	462
RAP1GAP	0.049926578560939794	0.023258379	69.24013	1.6104131	34	681
GIGYF2	0.004618937644341801	0.0061086677	66.75194	0.40776542	6	1299
C1orf159	0.1919191919191919	0.06963032	71.463905	4.9760547	38	198
ENSG00000291147	0.11926605504587157	0.06921321	58.839108	4.0724435	13	109
MBNL1	0.031413612565445025	0.022868527	70.149124	1.6042072	12	382
CANX	0.05750798722044728	0.028426994	72.92223	2.07296	36	626
PI4KB	0.01838235294117647	0.009501103	69.87741	0.6639125	15	816
JKAMP	0.01929260450160772	0.016390776	64.45786	1.0565144	6	311
SRI	0.12121212121212122	0.058974892	71.50022	4.2167177	24	198
NFKBIA	0.050473186119873815	0.024632065	64.878555	1.5980928	16	317
MYO1B	0.025528169014084508	0.029643148	77.239586	2.2896245	29	1136
ELAVL2	0.07712082262210797	0.044856586	61.20492	2.7454438	30	389
PARP3	0.012962962962962963	0.02108735	63.011356	1.3287425	7	540
YY1AP1	0.02666666666666667	0.0725247	66.93132	4.8541737	20	750
SNX21	0.024128686327077747	0.014232916	70.843735	1.008313	9	373
ERGIC3	0.01288659793814433	0.010540804	72.791954	0.7672857	5	388
POLR1B	0.03239556692242114	0.022014232	54.31266	1.1956515	38	1173
TMEM254	0.2204724409448819	0.07335224	61.479324	4.509646	28	127
NDRG2	0.03773584905660377	0.019715387	66.20023	1.3051633	14	371
NOL8	0.032562125107112254	0.022798972	65.24847	1.487598	38	1167
AIMP1	0.028037383177570093	0.022058576	65.9216	1.4541366	9	321
YY1AP1	0.014666666666666666	0.013462609	67.54581	0.90934277	11	750
CUL4B	0.032079646017699116	0.023032371	74.62242	1.7187313	29	904
FAS	0.07142857142857142	0.052557394	64.235916	3.3760724	25	350
CHPT1	0.024630541871921183	0.011362116	63.42312	0.7206208	10	406
NCS1	0.10526315789473684	0.039860807	68.88097	2.745651	20	190
ZNF44	0.04227642276422764	0.008838399	78.94941	0.6977864	26	615
TGDS	0.09142857142857143	0.06697265	71.98369	4.8209386	32	350
RSRC1	0.09281437125748503	0.05100936	66.65718	3.4001403	31	334
PSMC5	0.07881773399014778	0.022758134	68.31121	1.5546356	32	406
RSPO3	0.07534246575342465	0.027062576	65.95242	1.7848425	22	292
TMEM132B	0.019390581717451522	0.033532344	80.05222	2.6843386	21	1083
GLB1	0.04431314623338257	0.031903774	79.177124	2.526049	30	677
TRIM2	0.04015056461731493	0.021765817	66.29082	1.4428738	32	797
CSDE1	0.03884711779448621	0.015212429	63.180523	0.9611292	31	798
CAMSAP2	0.007387508394895903	0.012067599	59.294506	0.7155423	11	1489
CDK11A	0.014102564102564103	0.017858842	66.60217	1.1894377	11	780
C19orf47	0.07792207792207792	0.034356706	60.96775	2.094651	30	385
NAMPT	0.006109979633401222	0.0085510975	66.50194	0.56866455	3	491
VTI1A	0.16589861751152074	0.20470774	73.28339	15.001677	36	217
HSP90B1	0.009962640099626401	0.0054863025	73.42284	0.4028199	8	803
MIF	0.17391304347826086	0.13072754	60.783543	7.946083	20	115
PTGES3	0.1875	0.06686555	76.46324	5.1127567	30	160
P4HB	0.04330708661417323	0.01951643	74.72064	1.4582802	22	508
TCF7L2	0.028523489932885907	0.02199919	67.77861	1.4910744	17	596
ACO2	0.00641025641025641	0.0042240988	72.61642	0.3067389	5	780
NELFE	0.01808785529715762	0.009567664	67.79114	0.64860284	7	387
P4HB	0.06273062730627306	0.0256794	66.80835	1.7155983	34	542
ATAT1	0.0990990990990991	0.04813365	68.953094	3.318964	33	333
DHCR7	0.06736842105263158	0.0322218	63.388535	2.0424929	32	475
FAM104B	0.3103448275862069	0.09745982	58.656937	5.716695	36	116
CHCHD5	0.12096774193548387	0.071642056	65.702446	4.7070584	15	124
B2M	0.18548387096774194	0.10775175	67.407036	7.263226	23	124
TMEM161A	0.05219206680584551	0.033804167	55.623486	1.8803055	25	479
CAMK1G	0.06932773109243698	0.032178037	73.278145	2.3579469	33	476
SYT1	0.0071090047393364926	0.0049204165	74.35265	0.36584604	3	422
RPL17	0.08152173913043478	0.042087436	72.9201	3.06902	15	184
HNRNPK	0.01293103448275862	0.00714511	80.68728	0.5765195	6	464
CCDC127	0.13043478260869565	0.07307425	66.69716	4.873845	39	299
CELF4	0.006172839506172839	0.0074436106	76.92923	0.57263124	3	486
LAMTOR3	0.056451612903225805	0.061597943	60.16615	3.706111	7	124
HNRNPU	0.02303030303030303	0.01310332	73.09895	0.957839	19	825
PDZD4	0.06060606060606061	0.027659753	70.34041	1.9455984	40	660
NUP214	0.006220095693779904	0.008604511	66.081604	0.5685999	13	2090
MIA2	0.006180469715698393	0.0059761372	66.19903	0.39561448	5	809
ZNF416	0.03367003367003367	0.022908194	60.88813	1.3948371	20	594
ARNT	0.019011406844106463	0.012522303	71.40604	0.894168	15	789
CERT1	0.041666666666666664	0.025157712	65.504974	1.6479553	26	624
SLC25A14	0.1076923076923077	0.04470703	67.643524	3.024141	35	325
NAPB	0.13087248322147652	0.034333177	66.76214	2.2921562	39	298
PTPN2	0.07228915662650602	0.07220921	66.74146	4.8193483	30	415
RBPJ	0.01642710472279261	0.008441727	64.63411	0.5456235	8	487
NTRK2	0.01909307875894988	0.012334106	76.17554	0.93955714	16	838
RIC8B	0.06607142857142857	0.024696661	65.25446	1.6115674	37	560
CALM3	0.24161073825503357	0.06710777	75.435905	5.062335	36	149
CCDC47	0.07867494824016563	0.04980579	67.82446	3.378051	38	483
ALDH5A1	0.023722627737226276	0.013579187	80.25883	1.0898496	13	548
ACSL1	0.014326647564469915	0.008865338	75.23817	0.6670118	10	698
GABPB1	0.030379746835443037	0.020889739	64.54864	1.3484042	12	395
LSM7	0.25547445255474455	0.1136878	69.9585	7.9534283	35	137
GOLGA4	0.012888888888888889	0.0145812305	72.43823	1.0562385	29	2250
ARHGEF2	0.02735562310030395	0.015157676	65.37655	0.99095654	27	987
FNBP1	0.03403565640194489	0.022435041	66.838394	1.4995221	21	617
TRIM39	0.05791505791505792	0.025119828	64.693214	1.6250824	30	518
FAM221A	0.12080536912751678	0.055746347	64.95849	3.6211984	36	298
SSX2IP	0.043973941368078175	0.01626558	65.951935	1.0727465	27	614
PMPCB	0.044897959183673466	0.012197173	68.28507	0.83288485	22	490
ARNT2	0.015341701534170154	0.007251287	73.4903	0.53289926	11	717
STX16	0.06461538461538462	0.024519857	70.13319	1.7196558	21	325
MEF2C	0.06765327695560254	0.025586365	62.533424	1.600003	32	473
NIF3L1	0.07161803713527852	0.037005354	65.83621	2.4362924	27	377
ASL	0.05603448275862069	0.03999145	67.39208	2.695107	26	464
MIGA1	0.052132701421800945	0.028208388	66.5794	1.8780975	33	633
RAB2A	0.11320754716981132	0.07519986	71.32828	5.3638763	24	212
DLG1	0.0425531914893617	0.017677994	74.67718	1.3201427	38	893
PCCB	0.03577817531305903	0.030590208	70.08472	2.143906	20	559
KIAA0930	0.0774818401937046	0.027665257	58.80865	1.6269565	32	413
AP2A1	0.022517911975435005	0.019864872	66.986664	1.3306816	22	977
HARS1	0.07072691552062868	0.017452046	70.2752	1.226446	36	509
AKR1C2	0.0804953560371517	0.030685375	71.70255	2.2002196	26	323
SUV39H2-DT	0.12080536912751678	0.112192035	71.82443	8.058129	18	149
SLC35F5	0.0248565965583174	0.012535546	64.71242	0.8112055	13	523
VPS72	0.029333333333333333	0.04428406	57.02553	2.5253222	11	375
BAZ2A	0.016815554387808723	0.018563496	66.65269	1.2373068	32	1903
STUM	0.02127659574468085	0.019207077	70.163666	1.347639	3	141
NAXE	0.07291666666666667	0.025149994	74.84534	1.8823597	21	288
CRAT	0.038338658146964855	0.026096722	69.487946	1.8134077	24	626
CLYBL	0.1	0.053441357	64.237854	3.4329581	34	340
AIFM3	0.01487603305785124	0.030128777	62.985947	1.8976896	9	605
SLA	0.12658227848101267	0.047753163	71.84044	3.4306083	40	316
SOX5	0.045871559633027525	0.017267277	66.24055	1.143794	35	763
CTDSPL	0.03985507246376811	0.015498561	70.914345	1.0990703	11	276
C1GALT1	0.0215633423180593	0.013941255	70.34667	0.98072094	8	371
ERMP1	0.034292035398230086	0.015142072	75.61982	1.1450408	31	904
RCN2	0.05373134328358209	0.039288428	60.91263	2.3931613	18	335
EIF2B4	0.05330882352941176	0.020404808	68.75763	1.4029863	29	544
G3BP2	0.06846473029045644	0.03493683	69.558464	2.4301522	33	482
FAM153CP	0.1676300578034682	0.16425492	70.08543	11.511876	29	173
SEC23B	0.02346805736636245	0.06890493	101.79091	7.013895	18	767
TBC1D5	0.02692778457772338	0.015484113	65.93328	1.0209184	22	817
SPAST	0.05357142857142857	0.02444639	62.29232	1.5228224	33	616
ELF1	0.006462035541195477	0.0053872843	67.23558	0.3622172	4	619
MKRN2	0.0468384074941452	0.020147644	66.97564	1.3494014	20	427
RAB3GAP1	0.00708502024291498	0.006268377	58.034565	0.36378253	7	988
HNRNPH1	0.0467706013363029	0.05593973	69.916916	3.9111333	21	449
TMEM126B	0.13043478260869565	0.058426242	60.849564	3.5552113	30	230
NFE2L2	0.023140495867768594	0.01610045	72.53941	1.1679171	14	605
HLA-A	0.07671232876712329	0.04883646	75.61054	3.6925511	28	365
PPARGC1B	0.03812316715542522	0.012961935	64.50977	0.8361715	39	1023
CAMKV	0.05588822355289421	0.13115731	85.961205	11.27444	28	501
ELOVL2	0.13513513513513514	0.078894965	71.69726	5.656553	40	296
UBE3A	0.012571428571428572	0.023752803	62.635124	1.4877597	11	875
LY6H	0.13043478260869565	0.05034806	78.014305	3.9278688	21	161
SEPTIN4	0.03966597077244259	0.017813193	64.596535	1.1506705	19	479
CYB5B	0.22	0.105617985	74.7278	7.8925996	33	150
CNBP	0.03954802259887006	0.021439796	77.480576	1.6611677	7	177
STIL	0.013975155279503106	0.009115829	62.647167	0.57108086	18	1288
MEF2D	0.013435700575815739	0.014996851	64.103874	0.9613562	7	521
ENSG00000282057	0.15454545454545454	0.066884294	55.487034	3.7112112	17	110
PLK2	0.020437956204379562	0.019200705	78.3878	1.5051011	14	685
PTGES3	0.13125	0.052415352	78.44996	4.1119823	21	160
UPF1	0.00974313551815766	0.017683912	66.63844	1.1784284	11	1129
PAX6	0.03211009174311927	0.03977834	63.92138	2.5426865	14	436
CAMSAP1	0.006819590824550527	0.01443448	57.198406	0.82562923	11	1613
IL17RD	0.05277401894451962	0.02579868	70.28141	1.8131676	39	739
HK1	0.03925845147219193	0.010525624	62.003197	0.65262234	36	917
AGTPBP1	0.03262642740619902	0.02327887	63.38067	1.4754304	40	1226
NDUFA5	0.12931034482758622	0.07411754	62.747105	4.650661	15	116
USP10	0.012453300124533	0.014648926	64.26129	0.9413589	10	803
SLC39A13	0.018867924528301886	0.016063793	69.10771	1.110132	7	371
KAT5	0.06043956043956044	0.03503994	68.3643	2.395481	33	546
ADGRG1	0.008658008658008658	0.01320222	81.341286	1.0738856	6	693
PDZD11	0.18604651162790697	0.07158124	68.416626	4.8973465	32	172
MKLN1	0.04353741496598639	0.020763496	68.308	1.4183129	32	735
IDH3B	0.04415584415584416	0.013215003	72.45799	0.9575326	17	385
DCTN3	0.15053763440860216	0.0477128	58.92013	2.8112445	28	186
AMDHD2	0.0683371298405467	0.037491426	71.75988	2.6903803	30	439
CAST	0.02781289506953224	0.019958926	62.660744	1.2506412	22	791
DECR1	0.041791044776119404	0.023895977	67.82356	1.6207103	14	335
SLA	0.05802047781569966	0.027112942	72.31896	1.9607798	17	293
SEC24B	0.027602523659305992	0.021951154	67.485	1.4813737	35	1268
SCP2	0.043875685557586835	0.053462375	76.42681	4.085959	24	547
UBE3A	0.022935779816513763	0.02100331	69.92618	1.4686812	20	872
ARMC10	0.10204081632653061	0.057301816	66.035446	3.783951	35	343
MRPL35	0.09574468085106383	0.055306822	62.820408	3.4743972	18	188
MEST	0.026865671641791045	0.022168646	70.22686	1.5568343	9	335
PBXIP1	0.03967168262653899	0.0140471915	67.553444	0.94893616	29	731
PPP1CA	0.09253731343283582	0.04078194	65.75797	2.6817377	31	335
SGCE	0.020594965675057208	0.014098457	72.464645	1.0216397	9	437
XRCC4	0.10778443113772455	0.045753747	66.85937	3.0590665	36	334
NAP1L1	0.09718670076726342	0.07303669	78.38384	5.7248964	38	391
KIF3A	0.03305785123966942	0.020258116	73.26009	1.4841114	24	726
ZNF131	0.05457463884430177	0.01683871	71.27392	1.2001609	34	623
ANKRD12	0.011154219204655674	0.013705861	65.06609	0.8917868	23	2062
NDUFA6	0.16883116883116883	0.05556023	65.32604	3.62953	26	154
TMBIM6	0.15611814345991562	0.06510289	61.61555	4.0113506	37	237
DVL1	0.03741007194244604	0.025388584	69.33202	1.7602419	26	695
ZRSR2	0.0411522633744856	0.018903984	70.588295	1.3343999	20	486
DCAF6	0.022727272727272728	0.008101666	66.967514	0.5425485	20	880
SHROOM1	0.005868544600938967	0.005305097	65.54538	0.3477246	5	852
GTF2I	0.02004008016032064	0.013197328	68.23906	0.90057325	20	998
HM13	0.07746478873239436	0.034735434	70.08688	2.4344983	33	426
MSRB2	0.17582417582417584	0.23131905	73.79144	17.069366	32	182
SLBP	0.14444444444444443	0.087679885	64.07804	5.6183553	39	270
TNPO3	0.035527690700104496	0.012890411	65.27607	0.8414353	34	957
DENND2D	0.04246284501061571	0.014355871	63.74954	0.91518015	20	471
PMS2P3	0.10059171597633136	0.027018396	73.84311	1.9951224	17	169
SERAC1	0.045871559633027525	0.024866007	56.332375	1.4007612	30	654
HDAC2	0.06147540983606557	0.02073925	69.1198	1.4334928	30	488
COA4	0.1223021582733813	0.047973655	64.668	3.1023602	17	139
HBP1	0.019083969465648856	0.009213834	62.032387	0.5715561	10	524
PEX11B	0.06177606177606178	0.029909378	64.19101	1.9199132	16	259
C12orf75	0.22058823529411764	0.09091456	74.874664	6.807197	30	136
ARFRP1	0.13930348258706468	0.053225692	70.067696	3.7294016	28	201
FNIP1	0.024013722126929673	0.021867407	64.88675	1.418905	28	1166
IPO5	0.016143497757847534	0.011545275	64.57559	0.745543	18	1115
UBR5	0.002500893176134334	0.015214194	56.8968	0.865639	7	2799
PLXNB3	0.018633540372670808	0.021362504	69.114624	1.4764614	36	1932
YME1L1	0.046089385474860335	0.058878224	58.010475	3.4155538	33	716
CALM2	0.24161073825503357	0.06710777	75.435905	5.062335	36	149
AFTPH	0.03205791106514995	0.025284594	59.92064	1.515069	31	967
PLIN3	0.027649769585253458	0.014981423	71.1067	1.0652795	12	434
LMAN2L	0.03064066852367688	0.019905446	69.882935	1.3910509	11	359
NDUFS7	0.15023474178403756	0.12793484	67.53282	8.639801	32	213
FKBP1A	0.07407407407407407	0.03486465	69.64418	2.42812	8	108
SLC12A2	0.013201320132013201	0.026004363	63.135166	1.6417898	16	1212
CD99	0.14054054054054055	0.06971502	73.303505	5.1103554	26	185
PTPRZ1	0.00734341252699784	0.029189466	73.87621	2.156407	17	2315
HNRNPC	0.11262798634812286	0.051074468	76.20994	3.8923821	33	293
PROM1	0.035838150289017344	0.020372624	76.657234	1.561709	31	865
SERBP1	0.03676470588235294	0.01972383	63.83575	1.2590855	15	408
CSNK1D	0.04578313253012048	0.016589025	69.34435	1.1503552	19	415
ALKBH8	0.004497751124437781	0.005667358	67.20635	0.38088247	3	667
ZNF419	0.025490196078431372	0.016608391	62.680847	1.041028	13	510
ENTPD5	0.0630841121495327	0.016042266	73.310265	1.1760628	27	428
ZCRB1	0.04824561403508772	0.05378809	66.54231	3.5791838	11	228
CDC42	0.05235602094240838	0.014583329	78.77127	1.1487473	10	191
TMF1	0.002737226277372263	0.0054678577	67.373604	0.36838928	3	1096
OTUB1	0.12012987012987013	0.047809143	69.86104	3.3399963	37	308
NEDD4L	0.014659685863874346	0.0066844937	72.65918	0.48568982	14	955
FMR1	0.05221518987341772	0.020629603	66.132935	1.3642962	33	632
KLHL13	0.0406885758998435	0.01723636	62.979004	1.0855287	26	639
SCAF4	0.013077593722755012	0.021732474	71.30687	1.5496746	15	1147
CASP1	0.07178217821782178	0.023465427	64.08264	1.5037265	29	404
PPP1R21	0.014102564102564103	0.009601403	63.220917	0.60700953	11	780
LARP1B	0.01312910284463895	0.008677448	61.224174	0.5312696	12	914
DNM1	0.02662037037037037	0.008753513	66.44577	0.5816339	23	864
MAPK10	0.08189655172413793	0.03403909	58.49028	1.990956	38	464
GABRG2	0.07578947368421053	0.03996592	69.13857	2.7631867	36	475
TAF6	0.014771048744460856	0.0152367735	60.931175	0.9283945	10	677
PFKP	0.04846938775510204	0.028366998	70.83911	2.0094929	38	784
PPFIA2	0.031026252983293555	0.018425059	68.40168	1.2603049	39	1257
KLF10	0.022916666666666665	0.015410505	60.629837	0.9343364	11	480
PCGF5	0.078125	0.052493926	60.58252	3.1802144	20	256
NAA80	0.07142857142857142	0.041874215	69.32172	2.9027925	22	308
SMARCB1	0.023376623376623377	0.066299714	60.54218	4.0139294	9	385
STAMBPL1	0.08459869848156182	0.024802469	73.709076	1.8281671	39	461
ARL13B	0.06345733041575492	0.033348806	62.220406	2.0749762	29	457
G3BP2	0.06846473029045644	0.03493683	69.558464	2.4301522	33	482
CDC42	0.14136125654450263	0.054462247	76.173836	4.148598	27	191
NAP1L1	0.0741687979539642	0.07486808	78.29401	5.861722	29	391
NAP1L4	0.031088082901554404	0.059211265	80.60284	4.772596	12	386
MFN1	0.036410923276983094	0.020284994	65.5063	1.328795	28	769
UBE2J2	0.15444015444015444	0.07891068	65.784065	5.1910653	40	259
DDX19B	0.06471816283924843	0.025669092	69.75965	1.7906669	31	479
AMZ2P1	0.19327731092436976	0.09786173	50.436302	4.935784	23	119
RALGDS	0.01312910284463895	0.011609165	63.56758	0.73796654	12	914
SLC1A2	0.0156794425087108	0.011771623	72.748474	0.8563676	9	574
ABI1	0.010395010395010396	0.016421676	60.898907	1.0000621	5	481
CSDE1	0.03884711779448621	0.015212429	63.180523	0.9611292	31	798
SGK3	0.06451612903225806	0.11822742	89.34785	10.563366	32	496
TRIM36	0.03159340659340659	0.009649005	69.240486	0.6681018	23	728
SMARCE1	0.0851581508515815	0.038963657	67.492165	2.6297417	35	411
DLGAP4	0.038306451612903226	0.017794173	65.33332	1.1625525	38	992
DPH1	0.03611738148984198	0.020715594	62.120148	1.2868558	16	443
SOS2	0.024774774774774775	0.043208886	62.125484	2.684373	33	1332
MTCH2	0.0297029702970297	0.019573629	71.03343	1.390382	9	303
GPM6A	0.039568345323741004	0.032340504	76.45226	2.4725046	11	278
CEP162	0.0270848182466144	0.030625632	69.58404	2.131055	38	1403
UPF3B	0.026915113871635612	0.023427285	63.766968	1.493887	13	483
MATK	0.05708661417322835	0.016934099	69.04513	1.169217	29	508
DIMT1	0.08945686900958466	0.029117974	77.72472	2.2631862	28	313
MIB2	0.017839444995044598	0.008130108	65.98592	0.5364727	18	1009
UBTF	0.04842931937172775	0.029330295	67.279	1.9733129	37	764
DNAJB6	0.11976047904191617	0.07927173	65.0892	5.1597333	40	334
LINGO1	0.00967741935483871	0.0059783426	69.67241	0.41652554	6	620
TSEN2	0.053763440860215055	0.015105149	60.02863	0.9067414	25	465
IMPACT	0.06626506024096386	0.03951475	64.32758	2.5418885	22	332
NPM1	0.09863945578231292	0.043932285	70.75173	3.1082852	29	294
TMEM268	0.10818713450292397	0.059101526	64.61916	3.819091	37	342
CLUAP1	0.04398148148148148	0.022747362	70.52302	1.6042126	19	432
PRELID2	0.096045197740113	0.06386115	58.058796	3.7077014	17	177
MFSD14CP	0.13245033112582782	0.074574016	64.40513	4.802949	20	151
SIN3B	0.027538726333907058	0.031486	52.447052	1.651348	32	1162
ZMYND11	0.05149501661129568	0.014366138	62.75319	0.90152097	31	602
ST7L	0.06956521739130435	0.022706965	57.95095	1.3158902	40	575
DDT	0.1864406779661017	0.07966735	56.052814	4.4655795	22	118
NTRK3	0.028935185185185185	0.0101171145	69.0001	0.6980819	25	864
PTPRK	0.013031550068587106	0.012314436	58.820614	0.7243427	19	1458
RNASET2	0.1484375	0.11344834	66.97539	7.598246	38	256
ENSG00000291066	0.1646090534979424	0.0468818	59.740475	2.800741	40	243
NECAB3	0.08585858585858586	0.053275295	67.31913	3.5864465	34	396
PHIP	0.007088331515812432	0.009011337	66.572174	0.59990424	13	1834
LRRC73	0.07278481012658228	0.035798717	62.18202	2.2260365	23	316
USP54	0.023752969121140142	0.04202777	68.8808	2.8949065	40	1684
VPS54	0.012282497441146366	0.0075440924	62.40742	0.47080734	12	977
ECHDC2	0.10616438356164383	0.05668029	65.43002	3.7085927	31	292
ARHGEF10	0.019005847953216373	0.023603257	69.113335	1.6312997	26	1368
NCKAP1	0.005291005291005291	0.009695714	55.03073	0.53356224	6	1134
L1CAM	0.007955449482895784	0.00503511	67.63677	0.3405586	10	1257
FAS	0.0626865671641791	0.11344161	72.47043	8.221162	21	335
CELF1	0.05642023346303502	0.020566316	70.01089	1.4398661	29	514
ENTPD1	0.02681992337164751	0.021102734	74.29746	1.5678796	14	522
CSPP1	0.028526148969889066	0.018813008	63.407185	1.1928799	36	1262
PLRG1	0.017509727626459144	0.013747535	62.844486	0.86395675	9	514
MRPL39	0.0764872521246459	0.046102818	54.763744	2.5247629	27	353
ZMIZ2	0.035794183445190156	0.015818167	68.86223	1.0892743	32	894
FRMD4A	0.037142857142857144	0.0042940853	65.497444	0.2812516	39	1050
PARP10	0.00878048780487805	0.008215239	64.8384	0.532663	9	1025
STAT3	0.012987012987012988	0.01292716	67.328064	0.8703606	10	770
SSBP1	0.15723270440251572	0.07026829	60.157753	4.2271824	25	159
MRPL10	0.1033210332103321	0.07632786	76.5575	5.8434706	28	271
ART3	0.0275	0.020869862	63.90825	1.3337563	11	400
CDC27	0.007228915662650603	0.009250744	62.72371	0.58024096	6	830
ITSN2	0.015910430170889805	0.025967134	63.88709	1.6589646	27	1697
KCTD17	0.09872611464968153	0.029266296	66.66813	1.9511292	31	314
DHDDS	0.1021021021021021	0.03368012	74.860466	2.5213094	34	333
CXXC1	0.013719512195121951	0.0074011725	64.18454	0.47504085	9	656
LAMP2	0.05365853658536585	0.024731966	72.09451	1.783039	22	410
ATP1A1	0.030303030303030304	0.016775317	67.02699	1.1243991	31	1023
ABR	0.045924225028702644	0.020036053	67.49391	1.3523116	40	871
TUBA1A	0.07760532150776053	0.040023364	67.43063	2.6988008	35	451
SGTA	0.1182108626198083	0.046996392	72.37512	3.4013696	37	313
CTH	0.07901234567901234	0.061435696	76.96242	4.7282395	32	405
TP53BP1	0.0025290844714213456	0.0051259035	66.21161	0.33939433	5	1977
PIGP	0.19402985074626866	0.09601127	61.196903	5.8755927	26	134
HIKESHI	0.10152284263959391	0.045621242	57.149258	2.6072202	20	197
IRF7	0.03294573643410853	0.01232258	79.62032	0.98112786	17	516
TKT	0.012678288431061807	0.018057095	78.736015	1.4217438	8	631
RFFL	0.09917355371900827	0.033826046	69.66528	2.356501	36	363
PCYT2	0.044226044226044224	0.028756179	66.01469	1.8983301	18	407
CMPK2	0.08908685968819599	0.03933673	77.66356	3.0550303	40	449
GJB1	0.05190311418685121	0.015048675	66.79675	1.0052027	15	289
TAF15	0.005067567567567568	0.004694523	72.78277	0.34168038	3	592
STAT1	0.03979460847240052	0.01777198	63.58181	1.1299746	31	779
MBNL2	0.030690537084398978	0.022499923	63.056717	1.4187713	12	391
LSS	0.015027322404371584	0.017269673	70.34832	1.2148925	11	732
HLA-F	0.03558718861209965	0.021799913	77.287544	1.6848618	10	281
TM2D1	0.15458937198067632	0.06342556	65.77221	4.1716394	32	207
SDCBP	0.06918238993710692	0.047147907	55.820858	2.6318367	22	318
SIRT2	0.09511568123393316	0.043665014	77.562584	3.3867714	37	389
ZDHHC3	0.1021021021021021	0.0329773	68.577736	2.2615087	34	333
COPB2	0.04083885209713024	0.030056564	71.422516	2.1467154	37	906
KIAA1586	0.03430749682337993	0.013557368	63.12615	0.8558244	27	787
TERF1	0.04555808656036447	0.025248919	66.596176	1.6814815	20	439
PSME1	0.10040160642570281	0.045425855	60.048508	2.7277548	25	249
CPT2	0.01791044776119403	0.01404265	72.848885	1.0229914	12	670
UBP1	0.06666666666666667	0.044176538	73.80381	3.2603967	36	540
ABCB8	0.034818941504178275	0.02944607	78.97903	2.3256218	25	718
SPTAN1	0.004821213338690237	0.046327278	65.30301	3.0253108	12	2489
RRN3	0.04608294930875576	0.018028688	64.00759	1.1539729	30	651
IL17RC	0.018055555555555554	0.013427558	72.21251	0.9696377	13	720
ECD	0.04874446085672083	0.027761608	54.505974	1.5131735	33	677
MXRA7	0.05084745762711865	0.036311556	67.303696	2.443902	9	177
ARHGEF2	0.028397565922920892	0.014455919	65.52229	0.947185	28	986
PALS1	0.05037037037037037	0.022734893	68.16447	1.549712	34	675
DSN1	0.0449438202247191	0.019421613	66.42817	1.2901422	16	356
TNFSF13B	0.06666666666666667	0.025858356	62.080315	1.6052948	19	285
HSF2	0.033582089552238806	0.0158763	63.725105	1.011719	18	536
SLC24A4	0.03054662379421222	0.012618291	63.052723	0.79561764	19	622
COMMD5	0.15625	0.05158939	57.147152	2.9481866	35	224
STAG1	0.02702702702702703	0.013625507	61.522114	0.83827	34	1258
RPAP3	0.05112781954887218	0.016649356	66.94993	1.1146731	34	665
GOLGA2	0.026239067055393587	0.014775436	71.76385	1.0603422	27	1029
MBD4	0.010344827586206896	0.0072065177	71.04169	0.5119632	6	580
PIK3C2B	0.017135862913096694	0.01321243	58.22941	0.769352	28	1634
PEPD	0.029585798816568046	0.015974374	67.54323	1.0789608	15	507
ZNF211	0.06759098786828423	0.040984657	61.470238	2.5193367	39	577
GRAMD2B	0.09027777777777778	0.04382358	67.897125	2.975495	39	432
MAPK9	0.05660377358490566	0.02803046	77.9696	2.1855237	24	424
A1BG-AS1	0.1111111111111111	0.07998816	53.965748	4.316621	30	270
TUBA1A	0.07760532150776053	0.040023364	67.43063	2.6988008	35	451
SMC1A	0.025952960259529603	0.059293933	77.57754	4.5998774	32	1233
C6orf89	0.01977401129943503	0.01423569	56.24659	0.800709	7	354
SCHIP1	0.1	0.03935252	64.35791	2.532646	26	260
CPEB3	0.04727793696275072	0.023525264	61.59104	1.4489455	33	698
GOSR2	0.08490566037735849	0.037619628	68.10013	2.5619016	18	212
CAPZB	0.10294117647058823	0.055560928	57.850243	3.2142131	28	272
AXL	0.010067114093959731	0.006271089	68.32306	0.42845997	9	894
HSPA9	0.036818851251840944	0.025291609	69.17264	1.7494873	25	679
TCF4	0.016176470588235296	0.0241131	64.321175	1.550983	11	680
DDX5	0.029315960912052116	0.02499279	75.17553	1.8788463	18	614
HSPA1A	0.0421216848673947	0.013783706	67.34894	0.92831796	27	641
STAT2	0.004700352526439483	0.005028989	66.64811	0.33517262	4	851
ACTR2	0.012531328320802004	0.007725438	83.48578	0.6449642	5	399
EXOSC8	0.12318840579710146	0.047981158	70.07402	3.3622327	34	276
SCN8A	0.0065293822199899544	0.008240037	65.61193	0.5406447	13	1991
SETD4	0.05454545454545454	0.03160517	66.59245	2.1046658	24	440
KCNK10	0.03130755064456722	0.017877778	67.640976	1.2092704	17	543
INTS4	0.020768431983385256	0.012364064	60.873333	0.7526418	20	963
ATF7IP	0.006259780907668232	0.007949143	59.56492	0.47349006	8	1278
ZNF211	0.06932409012131716	0.024050567	63.379574	1.5243148	40	577
CRLF1	0.06103286384976526	0.011197883	65.66416	0.7352996	26	426
SIVA1	0.09142857142857143	0.04437102	65.00476	2.8843277	16	175
HNRNPK	0.01293103448275862	0.00714511	80.68728	0.5765195	6	464
CEP43	0.05012531328320802	0.038734782	68.656975	2.659413	20	399
TPT1	0.06976744186046512	0.049814273	54.65937	2.7228167	12	172
RAB8B	0.1497584541062802	0.04497275	69.538345	3.1273308	31	207
PACRGL	0.10887096774193548	0.04060542	65.36533	2.6541867	27	248
NRXN2	0.006574621959237344	0.015748404	69.93948	1.1014352	10	1521
ADGRL1	0.004070556309362279	0.00992732	65.42186	0.6494638	6	1474
C19orf47	0.08767772511848342	0.07161197	61.59967	4.411274	37	422
RNF150	0.0821917808219178	0.032916352	68.96	2.2699115	36	438
STAT1	0.050666666666666665	0.020774432	65.74624	1.3658407	38	750
ABLIM1	0.0061068702290076335	0.0081663495	69.18397	0.56498045	4	655
CAMK2D	0.05065666041275797	0.028626988	62.974483	1.8027698	27	533
NCL	0.022535211267605635	0.011249755	68.880775	0.7748918	16	710
HEY1	0.012987012987012988	0.014688508	73.93165	1.0859456	4	308
DCLK2	0.021711366538952746	0.011167174	71.92682	0.8032193	17	783
TCF4	0.005961251862891207	0.009243524	74.47795	0.6884387	4	671
TMEM143	0.07625272331154684	0.041748606	56.686687	2.3665903	35	459
SRSF1	0.02766798418972332	0.023269344	84.720955	1.971401	7	253
ATXN7L3	0.01977401129943503	0.027061854	66.96347	1.8121556	7	354
TENT2	0.008264462809917356	0.01660166	73.5345	1.2207947	4	484
EXOSC10	0.02824858757062147	0.010020546	63.7243	0.63855225	25	885
HSPA12A	0.03206997084548105	0.022032026	64.36993	1.4181999	22	686
NUP98	0.018712162905888827	0.017436594	71.47353	1.2462549	34	1817
PNKD	0.01038961038961039	0.04316008	81.60619	3.5221298	4	385
OPRM1	0.05042016806722689	0.02526808	66.98877	1.6926776	24	476
LYRM9	0.14150943396226415	0.106150255	60.765373	6.4502597	15	106
GABPB2	0.08482142857142858	0.031010857	60.663788	1.8812361	38	448
CTSF	0.006198347107438017	0.0068252995	67.43458	0.4602612	3	484
USP43	0.004452359750667854	0.031205352	82.887566	2.5865357	5	1123
SSBP2	0.08130081300813008	0.028729364	65.992424	1.8959204	30	369
TGOLN2	0.03532008830022075	0.026349423	68.83627	1.8137962	16	453
CDC42	0.14136125654450263	0.054462247	76.173836	4.148598	27	191
MIEF2	0.023655913978494623	0.010871651	64.98844	0.70653164	11	465
ANXA2R-AS1	0.06451612903225806	0.028773637	66.89129	1.9247057	14	217
NLGN3	0.02358490566037736	0.016746733	77.243454	1.2935755	20	848
CELF4	0.00823045267489712	0.013298016	75.63642	1.0058143	4	486
ZDHHC6	0.009685230024213076	0.00702962	72.257675	0.507944	4	413
MED12L	0.016055045871559634	0.03029418	60.07578	1.8199464	35	2180
LRPPRC	0.010760401721664276	0.010985627	58.188316	0.63923514	15	1394
PDE2A	0.04250797024442083	0.013391368	69.64116	0.93259037	40	941
C1orf159	0.1391304347826087	0.045792114	70.61683	3.2336938	32	230
PRKAR2A	0.054455445544554455	0.060528424	62.941822	3.8097692	22	404
SCN1A	0.0054753608760577405	0.032467958	70.55916	2.2909117	11	2009
SRRM1	0.015250544662309368	0.008414545	69.10418	0.5814802	14	918
GRIPAP1	0.007134363852556481	0.006327497	66.7037	0.42206743	6	841
CNOT1	0.0025252525252525255	0.02804451	60.727837	1.7030824	6	2376
TLCD5	0.08239700374531835	0.032760054	69.854385	2.2884336	22	267
UPF3A	0.06932773109243698	0.0420849	76.055824	3.2008016	33	476
PDHA1	0.06698564593301436	0.02606318	68.20465	1.7776301	28	418
HMGCR	0.022026431718061675	0.0074921227	72.66401	0.54440767	20	908
BTD	0.03683241252302026	0.015041706	74.1701	1.1156448	20	543
PHACTR4	0.022792022792022793	0.012404506	71.5052	0.88698673	16	702
ELMOD1	0.023952095808383235	0.01581704	57.329147	0.90677744	8	334
ATP5PF	0.06896551724137931	0.062709965	62.33404	3.9089653	8	116
PLD2	0.011789924973204717	0.008209509	68.58712	0.56306654	11	933
C11orf54	0.06031746031746032	0.042720083	58.11995	2.4828892	19	315
EIF4B	0.00974025974025974	0.007327005	69.37766	0.50833046	6	616
ST7	0.010398613518197574	0.013139734	55.800964	0.73320985	6	577
KDM4B	0.03008849557522124	0.017846245	68.951805	1.2305309	34	1130
NOTCH2NLA	0.05220883534136546	0.0150021855	71.27354	1.0692588	13	249
ZFAND1	0.026119402985074626	0.029956516	63.24095	1.8944786	7	268
BAIAP2	0.0449438202247191	0.02326132	67.72565	1.575388	24	534
TRIM2	0.0451693851944793	0.022597948	66.365364	1.499721	36	797
CUL2	0.052348993288590606	0.0323546	69.418175	2.2459974	39	745
KCNAB1	0.0773067331670823	0.029623521	71.909706	2.1302187	31	401
CAPRIN1	0.02679830747531735	0.028488366	72.82825	2.0747578	19	709
PHIP	0.010982976386600769	0.01100449	63.212543	0.6956218	20	1821
ST18	0.033428844317096466	0.01965662	61.482613	1.2085404	35	1047
PAX6	0.03211009174311927	0.03977834	63.92138	2.5426865	14	436
UQCRB	0.1891891891891892	0.1105612	61.22095	6.768662	21	111
GDF11	0.0687960687960688	0.043337394	79.41849	3.4417903	28	407
ATP5MF	0.09183673469387756	0.08088639	67.54837	5.4637437	9	98
SLC35C2	0.07360406091370558	0.038093083	66.90052	2.5484471	29	394
SUV39H1	0.03546099290780142	0.0115983095	63.547157	0.7370396	15	423
FAHD1	0.06637168141592921	0.021410936	73.8545	1.5812941	15	226
DDHD1	0.03888888888888889	0.010184657	63.53145	0.64704597	35	900
ASAH1	0.06329113924050633	0.033628177	54.774815	1.8419772	25	395
BTRC	0.04297520661157025	0.028579092	63.47053	1.8139302	26	605
MED24	0.01314459049544995	0.00687127	57.791615	0.3971018	13	989
IMMT	0.014511873350923483	0.007420505	70.70282	0.52465063	11	758
NDRG4	0.07386363636363637	0.033175632	64.07647	2.1257775	26	352
CRYL1	0.06896551724137931	0.073451854	81.08945	5.95617	22	319
OSBPL9	0.04825737265415549	0.01608599	66.35352	1.0673621	36	746
PHRF1	0.002425712553062462	0.0072164517	75.271385	0.5431923	4	1649
FAM153CP	0.1676300578034682	0.16425492	70.08543	11.511876	29	173
ZNF549	0.0203125	0.011350464	62.199295	0.70599085	13	640
CD37	0.12099644128113879	0.0412298	68.23093	2.8131473	34	281
ZNF534	0.019287833827893175	0.016149716	58.466915	0.94422406	13	674
AK2	0.03347280334728033	0.028424205	64.56459	1.8351972	8	239
PPP1R12B	0.033066132264529056	0.010073098	71.08488	0.71604496	33	998
CCDC144BP	0.039735099337748346	0.020909833	61.447483	1.2848566	30	755
ERCC6L2-AS1	0.087248322147651	0.065672524	73.66147	4.8375344	13	149
CIAPIN1	0.04487179487179487	0.05345636	73.30378	3.918553	14	312
NDUFB8	0.1881720430107527	0.0592374	65.25625	3.8656104	35	186
KIF1B	0.019823788546255508	0.007597862	69.24234	0.5260937	36	1816
GPBP1	0.014583333333333334	0.013059563	62.62983	0.8179182	7	480
USP19	0.01055594651653765	0.0084939785	66.76548	0.5671046	15	1421
GRIK1	0.015806111696522657	0.025393946	69.21335	1.7576001	15	949
PRDM16-DT	0.061611374407582936	0.039478946	62.94856	2.4851427	13	211
SGCE	0.029748283752860413	0.017256074	71.01027	1.2253585	13	437
TTC1	0.1267123287671233	0.053936355	71.53184	3.8581665	37	292
