cls	gene	long_idx	short_idx	canonical_idx	other_idx	size	len_long	n_intervals
slim	ENSG00000117480.16	2837	1348	2837	1348	16	525	1
slim	ENSG00000154723.13	5772	18757	5772	18757	19	127	1
slim	ENSG00000167110.19	30406	34926	30406	34926	27	1017	1
slim	ENSG00000225791.8	32914	30154	32914	30154	18	144	1
slim	ENSG00000212719.16	35323	35849	35323	35849	24	285	5
slim	ENSG00000196367.15	22589	21897	22589	21897	27	1022	2
slim	ENSG00000155093.20	16999	19471	16999	19471	38	1015	1
slim	ENSG00000167985.8	36258	6965	6965	36258	32	182	2
slim	ENSG00000072501.19	8807	33388	8807	33388	32	1022	6
slim	ENSG00000065000.20	31839	35782	31839	35782	12	1022	2
slim	ENSG00000172113.10	20237	21657	21657	20237	8	194	1
slim	ENSG00000113851.16	21008	2526	2526	21008	14	441	2
slim	ENSG00000170502.13	7002	1294	7002	1294	29	350	5
slim	ENSG00000182149.21	26749	16129	16129	26749	13	379	1
slim	ENSG00000182518.14	9611	34806	34806	9611	40	129	11
slim	ENSG00000143353.12	13203	13202	13203	13202	17	241	2
slim	ENSG00000244038.11	19824	30030	30030	19824	11	456	1
slim	ENSG00000123992.21	25984	5255	5255	25984	25	493	3
slim	ENSG00000103194.16	28772	2103	2103	28772	6	802	3
slim	ENSG00000114737.16	24441	11229	11229	24441	16	264	2
slim	ENSG00000115252.19	21215	19433	19433	21215	31	545	6
slim	ENSG00000187239.19	35724	21883	21883	35724	28	645	1
slim	ENSG00000174206.13	7896	18499	18499	7896	23	468	1
slim	ENSG00000133943.21	3452	25843	3452	25843	40	621	1
slim	ENSG00000133805.16	26325	18172	18172	26325	7	774	1
slim	ENSG00000103495.15	8863	27414	8863	27414	30	477	5
slim	ENSG00000160256.14	6116	18444	6116	18444	15	230	1
slim	ENSG00000062194.16	20408	25039	25039	20408	20	493	1
slim	ENSG00000104936.20	6077	22005	6077	22005	5	629	1
slim	ENSG00000156671.15	33064	27240	27240	33064	7	449	1
slim	ENSG00000109654.16	10278	33473	10278	33473	27	771	1
slim	ENSG00000126091.21	12890	11150	11150	12890	16	390	1
slim	ENSG00000162066.16	6225	32255	6225	32255	23	409	1
slim	ENSG00000087266.18	11888	24888	24888	11888	22	561	1
slim	ENSG00000183718.6	30381	34991	34991	30381	29	297	6
slim	ENSG00000159216.20	33380	10961	33380	10961	27	480	5
slim	ENSG00000177963.15	9047	26145	26145	9047	6	537	1
slim	ENSG00000110075.15	17525	26080	17525	26080	29	873	1
slim	ENSG00000072756.18	35611	3155	3155	35611	39	473	1
slim	ENSG00000197111.16	27483	21960	27483	21960	35	362	2
slim	ENSG00000172531.16	7980	15725	15725	7980	14	344	2
slim	ENSG00000142459.9	26981	5120	26981	5120	11	805	1
slim	ENSG00000141385.12	5031	35173	5031	35173	25	797	1
slim	ENSG00000062194.16	25039	25317	25039	25317	22	473	2
slim	ENSG00000120910.15	18433	2750	2750	18433	9	521	1
slim	ENSG00000161277.11	6185	669	6185	669	27	274	7
slim	ENSG00000166436.18	32061	36033	32061	36033	37	1022	2
slim	ENSG00000117450.15	8538	4193	8538	4193	22	221	1
slim	ENSG00000151474.23	24644	12113	12113	24644	39	1022	2
slim	ENSG00000125970.12	2955	15415	2955	15415	16	306	1
slim	ENSG00000198522.14	30291	30748	30291	30748	3	377	1
slim	ENSG00000139190.17	18123	12976	18123	12976	5	118	2
slim	ENSG00000177728.17	29101	8097	8097	29101	4	1022	2
slim	ENSG00000293543.1	14750	23842	14750	23842	36	327	1
slim	ENSG00000109654.16	10278	33489	10278	33489	27	771	1
slim	ENSG00000164506.16	8744	36118	8744	36118	36	1022	2
slim	ENSG00000173641.18	19179	7891	7891	19179	4	174	1
slim	ENSG00000135930.15	3618	19472	3618	19472	24	245	3
slim	ENSG00000114098.18	23248	23938	23248	23938	14	673	1
slim	ENSG00000172493.23	17879	27344	17879	27344	9	1022	3
slim	ENSG00000197858.12	35911	11656	11656	35911	5	626	1
slim	ENSG00000214046.9	24210	23939	24210	23939	5	104	1
slim	ENSG00000173681.17	16310	16313	16310	16313	29	711	1
slim	ENSG00000108559.13	2331	28869	28869	2331	20	757	3
slim	ENSG00000198668.14	12013	27355	12013	27355	36	149	1
slim	ENSG00000143740.15	13150	30796	30796	13150	9	464	1
slim	ENSG00000196428.13	13021	34989	34989	13021	24	780	1
slim	ENSG00000140983.15	8156	458	8156	458	18	618	1
slim	ENSG00000143252.17	13489	20999	13489	20999	34	169	1
slim	ENSG00000127054.22	21178	27423	21178	27423	29	600	1
slim	ENSG00000100311.17	9524	16668	9524	16668	19	241	2
slim	ENSG00000213639.11	17913	22547	17913	22547	28	327	1
slim	ENSG00000051108.15	21503	16337	21503	16337	25	391	1
slim	ENSG00000081189.17	24975	20376	24975	20376	40	473	16
slim	ENSG00000160808.13	6142	20921	6142	20921	18	213	1
slim	ENSG00000120725.13	17781	4700	17781	4700	36	497	1
slim	ENSG00000107223.13	2294	14429	2294	14429	22	148	4
slim	ENSG00000154719.14	7449	11441	11441	7449	27	348	6
slim	ENSG00000198721.13	16397	12932	16397	12932	28	392	1
slim	ENSG00000142453.13	9198	10907	9198	10907	23	608	1
slim	ENSG00000084234.18	4352	10221	10221	4352	12	763	1
slim	ENSG00000107669.19	2298	13763	2298	13763	39	518	11
slim	ENSG00000131652.14	9131	28894	9131	28894	24	341	1
slim	ENSG00000151532.15	36041	17368	17368	36041	7	224	1
slim	ENSG00000198836.11	12921	13026	12921	13026	18	1015	1
slim	ENSG00000172943.21	12227	10219	10219	12227	36	1022	2
slim	ENSG00000143537.14	12007	11820	12007	11820	24	863	1
slim	ENSG00000100991.12	3178	22314	3178	22314	8	797	1
slim	ENSG00000103145.11	3015	28878	3015	28878	25	138	3
slim	ENSG00000125970.12	2955	15416	2955	15416	16	306	1
slim	ENSG00000143570.19	11864	31037	11864	31037	25	349	1
slim	ENSG00000047634.15	16381	16382	16381	16382	28	329	1
slim	ENSG00000084234.18	32414	10221	10221	32414	12	763	1
slim	ENSG00000106608.17	22418	18881	22418	18881	9	931	1
slim	ENSG00000123684.13	848	13227	13227	848	33	403	1
slim	ENSG00000189157.14	1289	20426	20426	1289	15	408	1
slim	ENSG00000205309.14	30758	16962	16962	30758	19	306	2
slim	ENSG00000115738.10	18120	2593	18120	2593	36	170	1
slim	ENSG00000140463.15	28370	4951	4951	28370	22	522	3
slim	ENSG00000141698.17	21210	559	21210	559	8	300	1
slim	ENSG00000162688.17	13030	31582	13030	31582	27	1022	5
slim	ENSG00000148634.16	17889	15066	15066	17889	8	1022	2
slim	ENSG00000143379.13	35233	13745	35233	13745	21	1022	3
slim	ENSG00000122490.19	18434	12144	18434	12144	18	271	1
slim	ENSG00000160094.15	27052	1227	27052	1227	13	420	1
slim	ENSG00000164924.18	18048	18045	18048	18045	34	279	1
slim	ENSG00000166436.18	32061	36034	32061	36034	37	1022	2
slim	ENSG00000109113.20	17894	17893	17894	17893	8	259	1
slim	ENSG00000143889.16	22122	12302	22122	12302	9	542	2
slim	ENSG00000151726.16	5605	36067	5605	36067	16	698	6
slim	ENSG00000146282.19	35207	13880	13880	35207	16	588	2
slim	ENSG00000104763.20	31596	25827	31596	25827	25	395	1
slim	ENSG00000170471.15	4212	18273	4212	18273	5	1022	2
slim	ENSG00000124356.17	10375	17586	17586	10375	31	455	1
slim	ENSG00000033327.13	12918	10438	12918	10438	38	676	1
slim	ENSG00000071242.13	4766	36307	4766	36307	32	733	6
slim	ENSG00000136161.13	10938	27387	10938	27387	24	551	1
slim	ENSG00000127463.16	23739	15436	23739	15436	6	998	2
slim	ENSG00000114346.14	17274	2529	17274	2529	31	914	1
slim	ENSG00000051009.11	4807	22142	22142	4807	14	986	1
slim	ENSG00000157554.20	5935	18607	5935	18607	24	479	1
slim	ENSG00000109016.18	17939	29046	17939	29046	17	327	1
slim	ENSG00000165119.22	15642	35943	15642	35943	11	464	4
slim	ENSG00000175575.13	7768	26779	7768	26779	33	392	4
slim	ENSG00000122779.18	10834	19853	10834	19853	34	1022	2
slim	ENSG00000055955.17	4823	19192	4823	19192	30	930	1
slim	ENSG00000128609.16	11769	23322	11769	23322	39	116	4
slim	ENSG00000171867.18	16249	20404	16249	20404	15	275	4
slim	ENSG00000022267.19	14189	17618	14189	17618	16	296	1
slim	ENSG00000135046.15	3535	15751	3535	15751	24	370	1
slim	ENSG00000136270.14	3650	24561	3650	24561	22	631	1
slim	ENSG00000124570.21	16482	31796	16482	31796	13	337	3
slim	ENSG00000144747.17	32129	18565	18565	32129	3	1022	2
slim	ENSG00000165219.23	6626	23319	6626	23319	27	1022	2
slim	ENSG00000112769.20	2496	17000	2496	17000	7	1022	2
slim	ENSG00000042493.16	19527	4411	4411	19527	28	382	7
slim	ENSG00000082805.21	12753	27277	12753	27277	28	1022	2
slim	ENSG00000188343.14	25661	20362	25661	20362	38	289	1
slim	ENSG00000112419.15	21548	20687	21548	20687	14	645	1
slim	ENSG00000108433.17	31708	31721	31708	31721	16	212	4
slim	ENSG00000147421.18	26036	5899	5899	26036	26	444	3
slim	ENSG00000163629.13	19637	20655	19637	20655	19	1022	0
slim	ENSG00000198771.11	13460	26860	13460	26860	30	416	1
slim	ENSG00000139684.15	16113	23430	16113	23430	21	282	5
slim	ENSG00000142973.16	14518	14517	14518	14517	15	512	1
slim	ENSG00000147256.12	14261	31674	14261	31674	36	535	1
slim	ENSG00000122545.22	11320	21195	11320	21195	36	437	1
slim	ENSG00000120333.4	23668	13422	23668	13422	20	133	1
slim	ENSG00000071889.17	21994	20063	21994	20063	17	230	1
slim	ENSG00000087191.14	7735	35906	7735	35906	24	406	3
slim	ENSG00000100902.11	27890	3883	3883	27890	7	252	1
slim	ENSG00000170776.22	12837	17709	17709	12837	25	1022	0
slim	ENSG00000125968.10	15624	15623	15624	15623	13	155	3
slim	ENSG00000198399.16	11663	13049	11663	13049	27	1022	2
slim	ENSG00000079308.21	32102	34335	34335	32102	32	1022	4
slim	ENSG00000168769.14	27109	16377	16377	27109	21	1022	2
slim	ENSG00000095321.18	8435	22748	8435	22748	21	626	1
slim	ENSG00000075415.15	27787	27850	27850	27787	13	362	7
slim	ENSG00000009307.17	12333	35111	12333	35111	38	798	2
slim	ENSG00000181830.9	8084	21654	8084	21654	13	364	1
slim	ENSG00000178252.19	17932	30212	30212	17932	30	1022	2
slim	ENSG00000111142.14	8923	27504	8923	27504	24	478	1
slim	ENSG00000177830.18	8917	21272	8917	21272	26	419	1
slim	ENSG00000197576.15	30335	12606	12606	30335	7	335	1
slim	ENSG00000144677.15	5261	21718	5261	21718	37	382	2
slim	ENSG00000168769.14	25427	16377	16377	25427	21	1022	2
slim	ENSG00000168803.16	28371	20704	28371	20704	27	355	1
slim	ENSG00000104856.15	2176	24986	2176	24986	3	562	1
slim	ENSG00000184014.9	9287	34182	9287	34182	24	1022	2
slim	ENSG00000141367.14	5027	36292	5027	36292	37	1022	2
slim	ENSG00000120963.12	1543	7835	7835	1543	8	164	1
slim	ENSG00000136111.14	15879	20947	15879	20947	8	1022	2
slim	ENSG00000103274.11	5686	21086	5686	21086	14	320	2
slim	ENSG00000104164.12	28505	2137	2137	28505	33	177	6
slim	ENSG00000149090.13	31110	30963	30963	31110	17	737	1
slim	ENSG00000143933.20	22599	5211	5211	22599	40	188	1
slim	ENSG00000151233.11	18578	5574	18578	5574	31	440	1
slim	ENSG00000137133.11	3719	22880	3719	22880	29	163	2
slim	ENSG00000141577.14	5058	22241	22241	5058	3	1022	2
slim	ENSG00000243943.10	16319	11712	11712	16319	5	593	2
slim	ENSG00000101337.16	18494	2031	18494	2031	17	642	1
slim	ENSG00000089597.18	11070	11950	11950	11070	23	971	2
slim	ENSG00000164011.18	32508	14692	32508	14692	31	315	1
slim	ENSG00000131844.17	10530	34569	10530	34569	38	563	1
slim	ENSG00000132155.14	21647	3167	3167	21647	20	668	1
slim	ENSG00000173267.14	14541	130	14541	130	33	160	1
slim	ENSG00000107829.15	32932	9535	9535	32932	26	593	1
slim	ENSG00000182718.18	22267	9644	22267	9644	14	357	5
slim	ENSG00000125846.17	31336	31141	31336	31141	3	657	1
slim	ENSG00000136682.16	3687	1070	3687	1070	34	395	1
slim	ENSG00000125846.17	31336	15889	31336	15889	4	657	2
slim	ENSG00000111328.7	30823	3938	3938	30823	28	125	4
slim	ENSG00000075945.13	12949	636	12949	636	30	792	5
slim	ENSG00000184432.11	9687	25380	9687	25380	37	906	5
slim	ENSG00000122203.15	6673	17511	6673	17511	19	305	1
slim	ENSG00000148700.15	11844	12617	11844	12617	32	706	1
slim	ENSG00000149187.19	34911	12341	34911	12341	28	514	2
slim	ENSG00000114739.14	1180	11423	11423	1180	40	533	6
slim	ENSG00000178568.16	10756	21299	10756	21299	16	1022	0
slim	ENSG00000129084.19	18138	26429	18138	26429	25	263	1
slim	ENSG00000115365.13	22117	22216	22216	22117	12	411	1
slim	ENSG00000012048.26	23383	24564	23383	24564	22	1022	0
slim	ENSG00000164051.14	17980	1184	17980	1184	9	411	1
slim	ENSG00000187239.19	35723	21883	21883	35723	28	645	1
slim	ENSG00000112562.20	11553	11878	11878	11553	11	457	1
slim	ENSG00000196218.15	12517	36257	12517	36257	5	1022	0
slim	ENSG00000205423.12	22712	20672	20672	22712	17	142	1
slim	ENSG00000239900.14	31165	31593	31165	31593	6	484	2
slim	ENSG00000105576.16	20497	11991	20497	11991	10	897	1
slim	ENSG00000248333.9	19244	10645	10645	19244	14	795	1
slim	ENSG00000158864.13	33549	33805	33549	33805	32	469	2
slim	ENSG00000107758.16	12702	17783	12702	17783	11	524	2
slim	ENSG00000135902.10	3609	27291	3609	27291	15	517	1
slim	ENSG00000064886.14	21817	13933	13933	21817	5	390	1
slim	ENSG00000197535.16	18655	18653	18655	18653	25	1022	0
slim	ENSG00000186501.15	15177	30215	15177	30215	24	188	1
slim	ENSG00000170802.17	10484	966	10484	966	8	431	1
slim	ENSG00000112855.17	2499	31810	2499	31810	33	506	1
slim	ENSG00000139636.16	4892	27548	4892	27548	20	489	1
slim	ENSG00000143537.14	12007	12454	12007	12454	25	863	1
slim	ENSG00000052723.12	13876	1667	1667	13876	4	211	1
slim	ENSG00000151576.10	24101	5597	5597	24101	12	427	1
slim	ENSG00000100749.9	27885	33940	27885	33940	26	420	2
slim	ENSG00000170290.4	7308	26132	7308	26132	38	120	3
slim	ENSG00000157554.20	5935	18608	5935	18608	24	479	1
slim	ENSG00000141504.12	5043	28868	5043	28868	40	232	2
slim	ENSG00000063601.17	24344	21833	21833	24344	16	682	3
slim	ENSG00000140553.18	20012	17653	20012	17653	15	944	1
slim	ENSG00000141179.14	5020	28958	5020	28958	21	214	5
slim	ENSG00000165533.19	31136	11083	31136	11083	30	505	1
slim	ENSG00000138674.17	22060	25164	22060	25164	15	1022	2
slim	ENSG00000151623.15	31266	12250	12250	31266	4	988	1
slim	ENSG00000143603.19	30818	5178	5178	30818	16	746	1
slim	ENSG00000157540.22	32153	32183	32153	32183	29	754	1
slim	ENSG00000142864.15	14278	12828	12828	14278	21	402	2
slim	ENSG00000108883.13	20575	18891	20575	18891	35	972	1
slim	ENSG00000128609.16	11769	30379	11769	30379	15	116	1
slim	ENSG00000126012.14	15482	15478	15482	15478	3	1022	0
slim	ENSG00000185359.14	9359	33500	9359	33500	9	777	1
slim	ENSG00000109381.21	34841	17640	34841	17640	12	593	1
slim	ENSG00000273253.3	825	30199	30199	825	7	147	1
slim	ENSG00000143727.16	5181	5182	5181	5182	28	164	12
slim	ENSG00000144061.14	19956	21846	21846	19956	36	711	2
slim	ENSG00000063245.15	5112	1692	5112	1692	26	576	2
slim	ENSG00000106771.13	15294	19751	15294	19751	8	879	1
slim	ENSG00000141499.18	18153	8244	18153	8244	28	576	1
slim	ENSG00000085998.15	14530	34790	14530	34790	33	660	1
slim	ENSG00000184634.17	15181	35231	15181	35231	4	1022	0
slim	ENSG00000138326.21	30548	14640	14640	30548	3	133	1
slim	ENSG00000128654.14	3069	20153	3069	20153	11	263	2
slim	ENSG00000138434.17	20967	19336	20967	19336	22	1022	0
slim	ENSG00000177426.22	10865	19120	10865	19120	20	272	1
slim	ENSG00000105854.13	31416	21059	31416	21059	12	375	1
slim	ENSG00000163513.20	12407	6357	6357	12407	25	592	2
slim	ENSG00000129187.15	12038	21393	21393	12038	11	189	1
slim	ENSG00000134321.13	16737	34092	16737	34092	8	369	1
slim	ENSG00000009844.16	13412	31036	13412	31036	27	307	1
slim	ENSG00000082641.16	13062	12962	13062	12962	11	772	1
slim	ENSG00000121073.15	2757	32405	2757	32405	4	365	1
slim	ENSG00000196935.10	11654	31386	11654	31386	36	1022	6
slim	ENSG00000162946.24	21487	13117	21487	13117	22	854	1
slim	ENSG00000163517.15	1166	6358	6358	1166	34	380	1
slim	ENSG00000080815.20	8996	28103	8996	28103	4	467	1
slim	ENSG00000160299.19	35406	12508	12508	35406	11	1022	0
slim	ENSG00000162639.16	90	32551	32551	90	12	401	4
slim	ENSG00000132664.13	35554	15873	15873	35554	7	362	1
slim	ENSG00000239900.14	1960	31165	31165	1960	28	498	5
slim	ENSG00000152422.16	25355	18057	18057	25355	3	336	1
slim	ENSG00000119977.22	4812	30595	4812	30595	23	625	2
slim	ENSG00000107862.7	33174	33583	33174	33583	38	1022	3
slim	ENSG00000116191.19	13414	13413	13414	13413	26	583	1
slim	ENSG00000135655.16	5554	11468	5554	11468	32	984	2
slim	ENSG00000103978.17	28545	17032	17032	28545	28	556	6
slim	ENSG00000104299.15	25840	19923	25840	19923	21	658	1
slim	ENSG00000115216.14	16348	2572	16348	2572	8	543	1
slim	ENSG00000116001.17	21090	19858	21090	19858	12	386	1
slim	ENSG00000157450.16	28231	11201	11201	28231	9	995	1
slim	ENSG00000102054.18	16393	19008	16393	19008	9	425	1
slim	ENSG00000143437.21	12340	25557	12340	25557	14	789	2
slim	ENSG00000059758.8	3832	27281	3832	27281	13	523	4
slim	ENSG00000072121.17	11119	33514	11119	33514	26	1022	0
slim	ENSG00000100644.17	27004	10078	10078	27004	32	850	5
slim	ENSG00000101333.19	16061	34897	16061	34897	12	1022	2
slim	ENSG00000169139.12	25979	25859	25979	25859	40	145	1
slim	ENSG00000117984.15	2650	13283	2650	13283	35	412	1
slim	ENSG00000150593.18	5541	17376	5541	17376	14	469	1
slim	ENSG00000080189.15	14606	27320	14606	27320	21	365	1
slim	ENSG00000148834.13	13924	13923	13924	13923	33	241	1
slim	ENSG00000177556.12	1371	1370	1371	1370	32	120	8
slim	ENSG00000173482.17	9613	18751	9613	18751	36	1022	4
slim	ENSG00000147130.14	8115	15158	8115	15158	12	1022	2
slim	ENSG00000114737.16	24442	11229	11229	24442	16	264	2
slim	ENSG00000122085.17	2788	17122	17122	2788	3	388	1
slim	ENSG00000108312.16	21268	26600	21268	26600	37	764	1
slim	ENSG00000100714.18	32662	35533	32662	35533	31	935	6
slim	ENSG00000075413.19	20797	27904	20797	27904	9	753	1
slim	ENSG00000217128.13	25272	7517	25272	7517	28	1022	2
slim	ENSG00000234899.12	586	587	586	587	27	114	5
slim	ENSG00000163875.16	6427	1244	6427	1244	13	189	2
slim	ENSG00000100280.17	12150	19100	12150	19100	10	949	2
slim	ENSG00000133110.15	16324	16325	16324	16325	31	850	2
slim	ENSG00000010256.12	1832	36288	1832	36288	14	480	1
slim	ENSG00000286322.3	32874	35145	35145	32874	3	113	1
slim	ENSG00000123143.13	10685	2824	2824	10685	10	948	3
slim	ENSG00000183621.15	21267	9579	21267	9579	11	828	2
slim	ENSG00000177728.17	8097	29026	8097	29026	16	1022	2
slim	ENSG00000070087.15	22387	2741	2741	22387	40	171	8
slim	ENSG00000198860.14	32036	26613	32036	26613	40	171	2
slim	ENSG00000132510.11	3377	22032	22032	3377	39	1022	0
slim	ENSG00000164615.6	6553	1358	6553	1358	22	296	1
slim	ENSG00000005889.16	16198	7204	7204	16198	39	844	1
slim	ENSG00000137449.17	26932	16805	26932	16805	36	1022	3
slim	ENSG00000185760.18	10664	14116	14116	10664	19	951	1
slim	ENSG00000166181.13	26480	22556	26480	22556	19	524	5
slim	ENSG00000144231.11	5230	19578	5230	19578	37	142	2
slim	ENSG00000176896.9	833	35441	35441	833	30	381	1
slim	ENSG00000177728.17	8097	29027	8097	29027	16	1022	2
slim	ENSG00000047249.18	12504	11672	12504	11672	18	483	1
slim	ENSG00000106771.13	15294	61	15294	61	39	879	1
slim	ENSG00000125170.11	28602	10430	10430	28602	39	365	1
slim	ENSG00000163635.20	33242	23542	33242	23542	5	892	1
slim	ENSG00000087111.22	7559	17911	7559	17911	10	555	1
slim	ENSG00000148700.15	11844	5450	11844	5450	32	706	1
slim	ENSG00000171566.12	24797	6998	24797	6998	9	514	1
slim	ENSG00000162222.14	26552	8284	8284	26552	40	211	1
slim	ENSG00000080815.20	8996	12178	8996	12178	4	467	1
slim	ENSG00000070214.17	15324	15325	15324	15325	7	657	1
slim	ENSG00000131730.16	21360	3315	3315	21360	27	446	4
slim	ENSG00000169592.15	28407	7202	28407	7202	39	244	1
slim	ENSG00000136273.14	3652	21004	3652	21004	21	280	1
slim	ENSG00000157911.11	5959	21984	21984	5959	20	346	1
slim	ENSG00000100150.20	32558	31805	32558	31805	32	1022	2
slim	ENSG00000113048.19	35361	3867	3867	35361	22	427	1
slim	ENSG00000160211.20	21463	17469	17469	21463	31	546	2
slim	ENSG00000182196.14	8209	21490	8209	21490	8	237	1
slim	ENSG00000112531.17	12990	12816	12990	12816	16	341	2
slim	ENSG00000174891.14	30403	23998	30403	23998	31	334	4
slim	ENSG00000163539.19	23244	34330	34330	23244	10	1022	4
slim	ENSG00000163938.17	20010	17769	20010	17769	32	569	1
slim	ENSG00000175287.19	14718	11448	14718	11448	21	291	1
slim	ENSG00000100714.18	32662	35534	32662	35534	31	935	6
slim	ENSG00000158571.11	15399	853	15399	853	37	479	3
slim	ENSG00000125967.17	2954	15443	2954	15443	34	396	1
slim	ENSG00000163328.14	17243	30581	17243	30581	28	870	1
slim	ENSG00000129071.10	20807	25092	20807	25092	38	574	5
slim	ENSG00000106603.20	2283	21900	2283	21900	3	190	1
slim	ENSG00000088682.14	4156	28610	4156	28610	39	318	2
slim	ENSG00000007255.10	1585	29279	29279	1585	14	179	1
slim	ENSG00000101557.15	3917	29154	3917	29154	35	494	1
slim	ENSG00000101811.15	19847	14832	14832	19847	20	605	1
slim	ENSG00000171421.13	25199	24983	24983	25199	26	148	2
slim	ENSG00000127445.14	29446	3010	3010	29446	28	172	6
slim	ENSG00000129353.15	29284	9923	9923	29284	22	711	7
slim	ENSG00000089157.16	17235	27811	17235	27811	39	317	1
slim	ENSG00000123240.17	16118	16122	16118	16122	6	577	1
slim	ENSG00000139793.21	33903	15701	33903	15701	18	391	1
slim	ENSG00000087191.14	7735	29016	7735	29016	8	406	1
slim	ENSG00000114062.22	32262	31606	32262	31606	20	872	1
slim	ENSG00000128607.14	9889	1492	9889	1492	29	442	1
slim	ENSG00000136682.16	3687	19904	3687	19904	19	395	1
slim	ENSG00000110958.16	4031	22044	4031	22044	21	160	1
slim	ENSG00000107864.15	4814	19658	4814	19658	33	698	2
slim	ENSG00000176623.12	19184	20895	19184	20895	30	314	1
slim	ENSG00000109171.15	1276	4512	4512	1276	27	607	1
slim	ENSG00000170846.17	31456	21764	31456	21764	5	165	1
slim	ENSG00000196628.20	11545	28688	11545	28688	29	671	3
slim	ENSG00000102081.16	2054	21516	2054	21516	25	611	1
slim	ENSG00000153071.15	8667	27431	8667	27431	21	770	1
slim	ENSG00000152430.19	8756	1114	8756	1114	24	295	1
slim	ENSG00000139746.16	21424	21423	21424	21423	24	1007	1
slim	ENSG00000124615.21	10508	1405	10508	1405	16	628	1
slim	ENSG00000086991.13	4314	20392	4314	20392	24	578	1
slim	ENSG00000119242.9	2692	27453	2692	27453	17	331	1
slim	ENSG00000168310.12	35503	17473	17473	35503	7	356	1
slim	ENSG00000162946.24	21487	13118	21487	13118	22	854	1
slim	ENSG00000169727.14	29015	8636	29015	8636	16	487	1
slim	ENSG00000129103.19	32532	21145	21145	32532	19	320	1
slim	ENSG00000134470.21	16366	26098	16366	26098	36	267	1
slim	ENSG00000167118.11	23369	14795	14795	23369	33	121	5
slim	ENSG00000132514.14	3378	19907	19907	3378	27	316	1
slim	ENSG00000092108.22	22766	33604	22766	33604	32	648	2
slim	ENSG00000130717.13	14603	14601	14603	14601	10	277	2
slim	ENSG00000172977.13	10577	15781	10577	15781	38	551	2
slim	ENSG00000109103.12	9926	6897	9926	6897	39	240	5
slim	ENSG00000161671.17	9846	15753	9846	15753	34	262	7
slim	ENSG00000127054.22	27093	21178	21178	27093	16	606	3
slim	ENSG00000124225.16	10636	11118	10636	11118	35	287	2
slim	ENSG00000104218.16	4089	33482	4089	33482	36	1022	3
slim	ENSG00000174547.13	7805	20879	7805	20879	26	192	1
slim	ENSG00000166816.15	6803	22207	22207	6803	28	522	2
slim	ENSG00000108465.15	26816	10247	10247	26816	26	531	1
slim	ENSG00000124831.20	1146	7573	7573	1146	21	659	1
slim	ENSG00000152430.19	8756	1113	8756	1113	24	295	1
slim	ENSG00000168958.21	1141	7207	7207	1141	25	316	1
slim	ENSG00000096746.18	4798	11592	4798	11592	15	346	1
slim	ENSG00000148358.21	14657	11113	11113	14657	19	571	1
slim	ENSG00000163629.13	25330	19637	19637	25330	6	1022	2
slim	ENSG00000106665.16	2287	12933	2287	12933	35	1022	2
slim	ENSG00000162065.15	32069	28608	32069	28608	6	559	1
slim	ENSG00000084234.18	4351	10221	10221	4351	12	763	1
slim	ENSG00000130414.13	3222	33810	3222	33810	34	355	1
slim	ENSG00000150347.17	5534	34170	5534	34170	8	1022	3
slim	ENSG00000107959.17	2301	33608	2301	33608	28	1022	4
slim	ENSG00000150527.18	5538	18089	5538	18089	29	804	1
slim	ENSG00000116580.20	30687	13573	13573	30687	33	1022	7
slim	ENSG00000124749.18	2896	14232	2896	14232	3	957	1
slim	ENSG00000163995.22	27400	21942	21942	27400	36	679	3
slim	ENSG00000108506.14	21799	3138	3138	21799	8	1022	2
slim	ENSG00000134283.18	12292	30498	12292	30498	26	367	3
slim	ENSG00000110031.13	17863	26336	17863	26336	35	414	3
slim	ENSG00000141380.14	19823	5028	19823	5028	31	418	1
slim	ENSG00000081248.13	13066	13328	13066	13328	19	1022	0
slim	ENSG00000096384.20	14428	30980	14428	30980	31	755	1
slim	ENSG00000136436.16	22035	3662	3662	22035	24	470	1
slim	ENSG00000170266.16	7453	18672	7453	18672	30	677	1
slim	ENSG00000156219.18	11785	11270	11785	11270	11	389	1
slim	ENSG00000122778.10	20271	21512	20271	21512	16	1022	0
slim	ENSG00000132153.15	21816	17992	21816	17992	39	1022	3
slim	ENSG00000253729.9	8092	10241	8092	10241	34	1022	2
slim	ENSG00000186522.15	18418	18419	18418	18419	23	454	1
slim	ENSG00000142186.18	5101	20115	5101	20115	17	808	1
slim	ENSG00000127511.10	16339	3012	3012	16339	36	1022	3
slim	ENSG00000108799.13	20758	29273	20758	29273	40	747	1
slim	ENSG00000155755.20	19563	19461	19563	19461	12	408	2
slim	ENSG00000219545.12	31552	34423	34423	31552	32	169	1
slim	ENSG00000101158.15	32653	22846	32653	22846	18	599	1
slim	ENSG00000165806.21	31084	13827	13827	31084	33	336	1
slim	ENSG00000171885.18	16880	33087	16880	33087	6	329	1
slim	ENSG00000234456.11	32991	30424	32991	30424	39	141	6
slim	ENSG00000180596.9	1401	8106	8106	1401	5	133	1
slim	ENSG00000159479.17	6054	14675	14675	6054	33	301	1
slim	ENSG00000006125.18	30297	31103	30297	31103	14	951	1
slim	ENSG00000136104.22	36259	10016	10016	36259	7	319	1
slim	ENSG00000140332.18	28210	22308	22308	28210	3	772	1
slim	ENSG00000130713.17	14639	27465	14639	27465	26	297	1
slim	ENSG00000147202.19	9012	14868	9012	14868	21	1022	0
slim	ENSG00000164330.18	8056	16504	8056	16504	31	591	2
slim	ENSG00000114745.15	8540	35381	8540	35381	30	440	1
slim	ENSG00000141367.14	23468	5027	5027	23468	7	1022	0
slim	ENSG00000135723.14	496	3599	3599	496	26	1022	2
slim	ENSG00000134686.21	34485	14991	34485	14991	29	859	1
slim	ENSG00000178573.7	9119	17426	9119	17426	31	403	1
slim	ENSG00000106733.21	12790	15735	12790	15735	24	199	2
slim	ENSG00000149761.9	5517	21567	5517	21567	33	310	1
slim	ENSG00000138758.12	4625	1293	4625	1293	5	429	2
slim	ENSG00000114988.12	15793	4644	4644	15793	11	359	1
slim	ENSG00000196235.14	21026	18873	21026	18873	4	1022	2
slim	ENSG00000089682.18	34823	14681	34823	14681	24	437	1
slim	ENSG00000085433.17	14003	12782	14003	12782	28	919	1
slim	ENSG00000198522.14	30291	4595	30291	4595	3	377	1
slim	ENSG00000099330.9	1886	29934	1886	29934	40	264	6
slim	ENSG00000144674.19	11987	13032	13032	11987	36	1022	2
slim	ENSG00000164683.19	10181	11596	11596	10181	4	308	1
slim	ENSG00000117569.20	33413	30241	33413	30241	9	539	2
slim	ENSG00000164136.17	8652	23711	8652	23711	35	162	4
slim	ENSG00000155755.20	19563	19460	19563	19460	12	408	2
slim	ENSG00000162521.19	15015	15011	15015	15011	19	425	3
slim	ENSG00000115762.17	35324	18988	35324	18988	37	245	2
slim	ENSG00000157540.22	32153	32182	32153	32182	29	754	1
slim	ENSG00000108342.13	2316	17615	17615	2316	3	207	1
slim	ENSG00000169249.14	35125	7496	7496	35125	26	486	4
slim	ENSG00000214046.9	24210	29854	24210	29854	5	104	1
slim	ENSG00000165119.22	15642	35945	15642	35945	30	464	4
slim	ENSG00000162520.15	19389	15010	19389	15010	32	482	6
slim	ENSG00000137274.14	16453	20443	16453	20443	27	291	8
slim	ENSG00000156990.14	16921	21091	16921	21091	15	349	1
slim	ENSG00000189376.12	5423	1544	5423	1544	33	380	4
slim	ENSG00000100796.18	27965	27946	27965	27946	13	833	1
slim	ENSG00000132485.14	14259	3375	14259	3375	24	330	5
slim	ENSG00000154723.13	5772	18756	5772	18756	19	127	1
slim	ENSG00000108312.16	21268	10847	21268	10847	37	764	1
slim	ENSG00000079308.21	32099	34335	34335	32099	32	1022	4
slim	ENSG00000130684.14	3245	740	3245	740	32	751	1
slim	ENSG00000100722.20	3122	17462	3122	17462	25	736	1
slim	ENSG00000116871.16	23575	14912	23575	14912	32	840	1
slim	ENSG00000102038.16	14313	14315	14313	14315	12	1022	2
slim	ENSG00000102158.22	35216	30842	30842	35216	32	367	1
slim	ENSG00000137720.8	26290	3757	3757	26290	35	170	5
slim	ENSG00000197712.12	1272	12389	12389	1272	21	584	1
slim	ENSG00000092199.19	27868	9954	27868	9954	33	293	5
slim	ENSG00000131143.10	3287	28690	3287	28690	40	169	6
slim	ENSG00000132589.16	17818	29230	17818	29230	10	428	8
slim	ENSG00000134330.19	24730	23940	24730	23940	34	253	3
slim	ENSG00000163682.17	6392	32024	6392	32024	11	203	1
slim	ENSG00000080503.25	11288	12070	11288	12070	18	1022	0
slim	ENSG00000233060.2	36665	36664	36665	36664	32	135	1
slim	ENSG00000113649.14	33907	17677	33907	17677	38	1022	3
slim	ENSG00000133657.17	32010	34908	32010	34908	30	1022	0
slim	ENSG00000132406.12	16849	3364	16849	3364	29	165	3
slim	ENSG00000117859.19	22020	20737	20737	22020	36	752	2
slim	ENSG00000125691.15	23798	36411	23798	36411	3	143	1
slim	ENSG00000102158.22	12249	30842	30842	12249	32	367	1
slim	ENSG00000149809.17	5522	11030	5522	11030	27	418	1
slim	ENSG00000169032.11	7423	35264	7423	35264	24	393	4
slim	ENSG00000163125.16	13768	18811	13768	18811	26	1022	2
slim	ENSG00000256269.11	32670	27359	32670	27359	40	361	1
slim	ENSG00000118418.16	31004	36102	31004	36102	28	170	4
slim	ENSG00000130779.22	31019	7046	31019	7046	11	1022	2
slim	ENSG00000136003.16	7893	27519	7893	27519	31	167	4
slim	ENSG00000095321.18	8435	22537	8435	22537	40	626	1
slim	ENSG00000004487.18	18763	11948	18763	11948	24	876	2
slim	ENSG00000143379.13	35233	5164	35233	5164	20	1022	3
slim	ENSG00000092208.19	7556	3106	7556	3106	21	274	2
slim	ENSG00000137070.19	21581	35230	21581	35230	32	422	1
slim	ENSG00000213638.6	9381	631	9381	631	16	367	1
slim	ENSG00000170004.19	9464	12267	9464	12267	34	1022	0
slim	ENSG00000196569.14	20232	30801	20232	30801	4	1022	0
slim	ENSG00000106211.11	33471	3035	3035	33471	10	215	1
slim	ENSG00000173681.17	16310	16312	16310	16312	29	711	1
slim	ENSG00000083312.19	10099	34075	10099	34075	30	898	5
slim	ENSG00000112304.11	2480	26876	2480	26876	24	140	2
slim	ENSG00000013306.16	15796	2310	15796	2310	9	359	1
slim	ENSG00000100997.20	15677	10332	10332	15677	18	404	3
slim	ENSG00000108312.16	21268	17484	21268	17484	37	764	1
slim	ENSG00000147604.14	11444	1535	11444	1535	40	248	1
slim	ENSG00000083312.19	10099	25051	10099	25051	8	898	1
slim	ENSG00000186432.10	9764	33540	9764	33540	24	521	1
slim	ENSG00000121417.14	2767	11123	2767	11123	13	577	1
slim	ENSG00000134363.12	3503	18251	3503	18251	27	344	1
slim	ENSG00000305887.1	36681	36678	36681	36678	40	152	5
slim	ENSG00000179364.15	21971	9076	21971	9076	15	904	2
slim	ENSG00000114439.19	9101	19826	9101	19826	30	941	1
slim	ENSG00000170004.19	9464	12266	9464	12266	34	1022	0
slim	ENSG00000013306.16	15796	29525	15796	29525	9	359	1
slim	ENSG00000154654.15	18790	5770	18790	5770	18	837	1
slim	ENSG00000107957.17	13942	11817	13942	11817	28	1022	2
slim	ENSG00000162729.14	8117	536	8117	536	27	613	3
slim	ENSG00000101152.12	12738	23357	12738	23357	33	198	2
slim	ENSG00000107959.17	2301	16572	2301	16572	4	1022	3
slim	ENSG00000163743.14	8990	25403	8990	25403	27	261	3
slim	ENSG00000046653.15	12004	22471	12004	22471	19	265	1
slim	ENSG00000076685.19	33324	19053	19053	33324	8	569	1
slim	ENSG00000108433.17	31740	31708	31708	31740	38	226	3
slim	ENSG00000079308.21	32101	34335	34335	32101	32	1022	4
slim	ENSG00000182220.15	31538	31527	31538	31527	32	350	1
slim	ENSG00000101745.17	4062	18749	4062	18749	23	1022	2
slim	ENSG00000109113.20	17894	19821	17894	19821	22	259	1
slim	ENSG00000136819.15	14671	83	14671	83	20	289	1
slim	ENSG00000138802.11	4697	18638	4697	18638	35	1022	2
slim	ENSG00000308263.1	36718	36717	36718	36717	9	136	2
slim	ENSG00000121851.13	13825	13824	13825	13824	23	218	1
slim	ENSG00000166170.12	6723	21870	6723	21870	23	470	1
slim	ENSG00000013374.17	28686	19715	28686	19715	14	615	1
slim	ENSG00000162585.17	1424	16080	16080	1424	18	198	3
slim	ENSG00000132570.15	25408	3382	3382	25408	3	136	1
slim	ENSG00000074416.16	4664	18509	4664	18509	10	313	1
slim	ENSG00000070756.17	8485	25932	8485	25932	32	636	1
slim	ENSG00000125351.14	5403	11050	5403	11050	13	483	1
slim	ENSG00000118257.17	12655	12196	12196	12655	5	931	1
slim	ENSG00000135870.13	13427	13426	13427	13426	10	1022	2
slim	ENSG00000117906.14	8688	17805	17805	8688	18	335	1
slim	ENSG00000205678.8	16607	25099	16607	25099	39	363	4
slim	ENSG00000100749.9	27885	34181	27885	34181	25	420	2
slim	ENSG00000135899.20	3605	12354	3605	12354	24	713	1
slim	ENSG00000102471.16	35863	2062	2062	35863	23	351	4
slim	ENSG00000120647.10	2733	19654	2733	19654	32	488	1
slim	ENSG00000100219.17	18966	1928	18966	1928	5	266	1
slim	ENSG00000135111.16	3543	11255	11255	3543	20	743	1
slim	ENSG00000138768.15	4629	25502	25502	4629	11	973	2
slim	ENSG00000155975.10	9017	25894	9017	25894	25	397	2
slim	ENSG00000048540.16	27152	26857	26857	27152	18	163	1
slim	ENSG00000129353.15	640	9923	9923	640	32	709	10
slim	ENSG00000186501.15	15177	30216	15177	30216	24	188	1
slim	ENSG00000060656.20	15086	20703	15086	20703	3	1022	2
slim	ENSG00000139746.16	21424	4905	21424	4905	31	1007	3
slim	ENSG00000180879.14	8670	14040	14040	8670	14	184	1
slim	ENSG00000164329.15	22436	20295	22436	20295	4	484	1
slim	ENSG00000163219.12	19394	19399	19394	19399	17	646	4
slim	ENSG00000108591.10	2338	17988	2338	17988	28	364	5
slim	ENSG00000115514.12	4505	19458	4505	19458	38	268	2
slim	ENSG00000144674.19	35745	13032	13032	35745	29	1022	2
slim	ENSG00000169016.17	16665	21800	16665	21800	33	281	2
slim	ENSG00000148498.17	15342	27438	15342	27438	13	1022	2
slim	ENSG00000160194.18	769	11511	11511	769	22	494	1
slim	ENSG00000005243.10	31070	574	31070	574	29	216	3
slim	ENSG00000167863.12	6942	10940	6942	10940	29	179	2
slim	ENSG00000267508.6	30630	29614	30630	29614	18	618	2
slim	ENSG00000067064.13	16635	35416	16635	35416	39	284	1
slim	ENSG00000114054.14	23406	3159	3159	23406	28	556	5
slim	ENSG00000120697.10	2736	33964	2736	33964	38	324	1
slim	ENSG00000118200.16	12383	19727	12383	19727	16	1022	2
slim	ENSG00000162819.12	882	10529	10529	882	29	440	1
slim	ENSG00000165915.14	13059	11618	13059	11618	7	361	1
slim	ENSG00000156958.15	28284	9209	28284	9209	14	458	3
slim	ENSG00000186298.12	10512	9853	9853	10512	26	337	3
slim	ENSG00000006704.11	23698	20393	20393	23698	37	960	6
slim	ENSG00000071564.19	4232	29400	4232	29400	28	654	15
slim	ENSG00000123992.21	5255	15153	5255	15153	14	485	1
slim	ENSG00000119682.18	11898	34168	11898	34168	10	823	1
slim	ENSG00000107862.7	33174	33203	33174	33203	8	1022	2
slim	ENSG00000155229.21	14217	21444	21444	14217	12	1022	2
slim	ENSG00000078043.16	29275	618	29275	618	9	621	1
slim	ENSG00000143393.17	13710	13711	13710	13711	15	816	1
slim	ENSG00000197223.12	19606	19422	19606	19422	18	159	1
slim	ENSG00000133195.12	27230	3418	3418	27230	7	342	1
slim	ENSG00000092841.19	6203	27725	27725	6203	6	152	4
slim	ENSG00000135390.21	17667	10275	17667	10275	9	161	4
slim	ENSG00000130544.12	3237	19805	3237	19805	7	430	1
slim	ENSG00000100991.12	3178	22315	3178	22315	8	797	1
slim	ENSG00000105607.14	29353	2214	2214	29353	16	454	1
slim	ENSG00000134909.19	34367	7744	34367	7744	14	1022	2
slim	ENSG00000167186.11	8783	28711	8783	28711	37	234	6
slim	ENSG00000145216.17	10126	35885	10126	35885	36	594	1
slim	ENSG00000108312.16	21268	10846	21268	10846	37	764	1
slim	ENSG00000178053.21	23121	24099	23121	24099	40	283	2
slim	ENSG00000115652.15	5692	19474	5692	19474	5	425	1
slim	ENSG00000008988.11	25764	1602	1602	25764	31	142	3
slim	ENSG00000109654.16	10278	33490	10278	33490	27	771	1
slim	ENSG00000164967.10	16159	6611	16159	6611	23	186	1
slim	ENSG00000070423.18	6145	29496	6145	29496	28	311	2
slim	ENSG00000109475.18	17743	17741	17743	17741	11	128	1
slim	ENSG00000005194.15	17673	28625	17673	28625	14	312	1
slim	ENSG00000176731.12	30941	30464	30941	30464	24	124	1
slim	ENSG00000131732.12	16414	19281	19281	16414	21	292	1
slim	ENSG00000167840.14	3094	28856	3094	28856	27	444	1
slim	ENSG00000135506.17	8241	35821	8241	35821	16	667	2
slim	ENSG00000136870.11	10384	15367	10384	15367	14	626	1
slim	ENSG00000167862.10	6941	29199	6941	29199	28	211	2
slim	ENSG00000072310.18	11786	3927	3927	11786	30	1022	2
slim	ENSG00000133657.17	32010	32032	32010	32032	30	1022	0
slim	ENSG00000076984.18	18479	18477	18477	18479	16	435	2
slim	ENSG00000198604.11	12642	12368	12642	12368	32	1022	2
slim	ENSG00000132313.15	10070	3352	10070	3352	18	188	1
slim	ENSG00000158769.19	13507	563	13507	563	25	299	4
slim	ENSG00000197056.12	32460	12564	12564	32460	31	1022	7
slim	ENSG00000204673.11	17081	10908	10908	17081	20	276	1
slim	ENSG00000130717.13	14602	14603	14603	14602	13	282	3
slim	ENSG00000113161.17	5918	34207	5918	34207	34	922	1
slim	ENSG00000122884.13	17808	14851	17808	14851	11	534	7
slim	ENSG00000168517.11	29245	29469	29469	29245	22	308	1
slim	ENSG00000074266.24	4319	33155	4319	33155	14	441	1
slim	ENSG00000162066.16	6225	32256	6225	32256	23	409	1
slim	ENSG00000148180.22	17668	20994	20994	17668	17	748	1
slim	ENSG00000168214.22	11716	11183	11716	11183	10	492	2
slim	ENSG00000170445.16	24934	22670	24934	22670	20	509	1
slim	ENSG00000168961.17	17929	7007	17929	7007	32	355	1
slim	ENSG00000134480.17	32059	3506	3506	32059	16	325	3
slim	ENSG00000074416.16	4664	22435	4664	22435	30	313	1
slim	ENSG00000071994.11	27212	17144	27212	17144	33	344	1
slim	ENSG00000237489.5	170	31574	31574	170	12	113	3
slim	ENSG00000205221.13	16209	17051	16209	17051	15	693	1
slim	ENSG00000137177.20	31551	3721	3721	31551	40	1022	2
slim	ENSG00000105835.13	2239	34059	2239	34059	38	491	4
slim	ENSG00000166598.16	27721	34033	27721	34033	22	796	5
slim	ENSG00000102038.16	14313	14314	14313	14314	19	1022	0
slim	ENSG00000229116.4	32982	32746	32982	32746	25	250	1
slim	ENSG00000137070.19	27974	21581	21581	27974	4	426	1
slim	ENSG00000164162.14	25108	30530	25108	30530	29	214	1
slim	ENSG00000163682.17	6392	22149	6392	22149	11	203	1
slim	ENSG00000155100.11	30806	19059	19059	30806	17	323	1
slim	ENSG00000111641.13	8802	18682	8802	18682	4	812	1
slim	ENSG00000127824.15	3030	17143	3030	17143	15	448	1
slim	ENSG00000179344.17	15390	21153	21153	15390	17	294	2
slim	ENSG00000132600.18	34961	21566	21566	34961	24	713	3
slim	ENSG00000140463.15	28594	4951	4951	28594	17	527	2
slim	ENSG00000136003.16	7893	17299	7893	17299	33	167	4
slim	ENSG00000136861.19	11290	34957	11290	34957	33	1022	3
slim	ENSG00000130826.19	13884	35482	13884	35482	21	514	3
slim	ENSG00000175600.16	31343	9913	9913	31343	26	469	1
slim	ENSG00000162775.17	13951	32728	13951	32728	23	933	6
slim	ENSG00000119638.14	33696	2701	2701	33696	12	991	1
slim	ENSG00000143248.13	26431	8071	8071	26431	4	185	1
slim	ENSG00000163950.13	24307	24250	24307	24250	35	270	1
slim	ENSG00000107863.20	34031	18146	18146	34031	34	1022	7
slim	ENSG00000075234.17	16584	820	16584	820	30	469	4
slim	ENSG00000101945.17	10171	15702	15702	10171	15	423	2
slim	ENSG00000160179.20	13003	18546	18546	13003	12	678	1
slim	ENSG00000198324.14	12915	34483	34483	12915	13	262	1
slim	ENSG00000186575.20	10270	33102	10270	33102	13	595	4
slim	ENSG00000170581.15	35586	8083	8083	35586	32	902	1
slim	ENSG00000042317.17	17465	11940	17465	11940	32	599	1
slim	ENSG00000112237.13	25802	25798	25802	25798	21	283	3
slim	ENSG00000204843.13	19561	19406	19561	19406	20	1022	2
slim	ENSG00000196628.20	11545	28567	11545	28567	27	671	8
slim	ENSG00000118418.16	31004	35916	31004	35916	24	170	2
slim	ENSG00000196935.10	11654	31387	11654	31387	36	1022	6
slim	ENSG00000013375.17	25412	25482	25482	25412	24	566	2
slim	ENSG00000125868.16	2947	22126	2947	22126	34	165	4
slim	ENSG00000072682.20	12684	16179	12684	16179	27	560	1
slim	ENSG00000094841.14	14983	14982	14983	14982	31	309	3
slim	ENSG00000109881.17	9324	207	9324	207	36	373	1
slim	ENSG00000099797.15	29851	1894	1894	29851	30	338	2
slim	ENSG00000163629.13	21327	19637	19637	21327	5	1022	0
slim	ENSG00000115380.20	11705	17719	11705	17719	40	533	1
slim	ENSG00000074054.21	22527	27160	22527	27160	28	1022	8
slim	ENSG00000101096.20	18052	14405	14405	18052	26	925	3
slim	ENSG00000165219.23	17599	6626	6626	17599	28	1022	2
slim	ENSG00000168517.11	29611	29469	29469	29611	29	315	1
slim	ENSG00000065978.19	8720	1295	8720	1295	30	324	1
slim	ENSG00000172264.19	34692	2028	34692	2028	23	448	1
slim	ENSG00000148680.16	5447	14458	5447	14458	13	445	1
slim	ENSG00000291233.2	36613	34754	34754	36613	11	184	1
slim	ENSG00000125818.18	9938	2943	9938	2943	12	271	3
slim	ENSG00000135930.15	3618	19362	3618	19362	28	245	3
slim	ENSG00000107537.14	4247	18249	4247	18249	25	338	5
slim	ENSG00000148737.18	11825	5451	11825	5451	40	619	2
slim	ENSG00000131051.24	3281	12809	3281	12809	6	530	1
slim	ENSG00000160408.16	14909	14903	14909	14903	34	333	1
slim	ENSG00000119650.13	8078	27257	8078	27257	21	208	1
slim	ENSG00000115762.17	35324	2596	35324	2596	24	245	2
slim	ENSG00000101333.19	16061	34893	16061	34893	12	1022	2
slim	ENSG00000107362.14	15776	9705	9705	15776	7	293	1
slim	ENSG00000101152.12	12738	23361	12738	23361	33	198	2
slim	ENSG00000105364.14	3263	29657	3263	29657	11	311	1
slim	ENSG00000137449.17	26932	16804	26932	16804	30	1022	2
slim	ENSG00000109790.18	3869	24926	24926	3869	22	759	4
slim	ENSG00000151726.16	5605	24892	5605	24892	10	698	1
slim	ENSG00000188554.15	29574	10557	29574	10557	32	998	1
slim	ENSG00000176896.9	832	35441	35441	832	30	381	1
slim	ENSG00000105974.13	10538	22258	10538	22258	31	178	1
slim	ENSG00000253352.10	31962	31859	31962	31859	23	135	1
slim	ENSG00000163930.10	22850	6436	22850	6436	18	729	1
slim	ENSG00000111667.14	2454	16981	2454	16981	24	858	1
slim	ENSG00000046651.16	10429	16484	10429	16484	40	1012	1
slim	ENSG00000135315.12	18948	30808	18948	30808	25	1022	6
slim	ENSG00000168769.14	25428	16377	16377	25428	21	1022	2
slim	ENSG00000138399.18	22409	1087	22409	1087	23	847	1
slim	ENSG00000186106.11	9910	12405	9910	12405	33	228	1
slim	ENSG00000150093.20	20301	7014	7014	20301	13	801	6
slim	ENSG00000005471.19	4773	32366	32366	4773	7	1022	0
slim	ENSG00000135108.16	9473	31132	31132	9473	16	628	2
slim	ENSG00000112701.18	21956	14022	21956	14022	7	1022	2
slim	ENSG00000119844.17	19575	2717	19575	2717	29	936	2
slim	ENSG00000171714.13	9001	34719	9001	34719	15	913	2
slim	ENSG00000108064.11	24218	15128	24218	15128	32	246	1
slim	ENSG00000144724.20	23585	6375	23585	6375	29	1022	2
slim	ENSG00000008294.22	4023	12046	4023	12046	14	1022	2
slim	ENSG00000137764.20	1765	11549	1765	11549	39	448	5
slim	ENSG00000213689.14	31472	24460	31472	24460	26	303	5
slim	ENSG00000111358.14	319	27305	27305	319	15	323	1
slim	ENSG00000162976.13	6290	21613	6290	21613	14	202	1
slim	ENSG00000136451.9	29112	29205	29112	29205	9	521	2
slim	ENSG00000130985.17	15832	9950	9950	15832	40	1022	2
slim	ENSG00000168310.12	35504	17473	17473	35504	7	356	1
slim	ENSG00000196141.14	30972	19374	19374	30972	30	588	1
slim	ENSG00000034152.20	10735	17936	10735	17936	29	347	1
slim	ENSG00000154582.18	25789	25791	25791	25789	31	142	2
slim	ENSG00000167996.16	30978	5285	5285	30978	39	222	1
slim	ENSG00000158864.13	33549	33626	33549	33626	14	469	3
slim	ENSG00000072210.19	33067	1758	1758	33067	40	521	2
slim	ENSG00000162066.16	7075	6225	6225	7075	30	439	1
slim	ENSG00000196091.15	12909	27555	12909	27555	39	1022	2
slim	ENSG00000108799.13	20758	19863	20758	19863	9	747	1
slim	ENSG00000168291.13	7056	16901	7056	16901	18	359	1
slim	ENSG00000131100.13	3286	18727	3286	18727	22	226	1
slim	ENSG00000175354.20	7680	9215	7680	9215	30	415	4
slim	ENSG00000101972.20	14320	22538	14320	22538	37	1022	0
slim	ENSG00000117335.21	11612	13239	13239	11612	27	384	5
slim	ENSG00000275052.5	30713	30703	30713	30703	32	849	1
slim	ENSG00000037474.15	4576	25038	4576	25038	36	767	1
slim	ENSG00000110958.16	30576	4031	4031	30576	4	164	1
slim	ENSG00000181061.14	8716	22390	8716	22390	16	118	3
slim	ENSG00000107796.14	2300	22719	2300	22719	22	399	1
slim	ENSG00000168591.16	26962	8571	26962	8571	20	321	1
slim	ENSG00000099290.17	5674	11352	5674	11352	21	1022	2
slim	ENSG00000100711.14	2002	7827	7827	2002	18	252	1
slim	ENSG00000137575.12	25994	3747	3747	25994	22	318	2
slim	ENSG00000141556.22	34682	11727	11727	34682	31	1022	2
slim	ENSG00000126453.11	2976	2975	2975	2976	37	334	1
slim	ENSG00000182400.15	9429	11155	9429	11155	28	158	1
slim	ENSG00000180957.19	31422	9876	9876	31422	6	273	3
slim	ENSG00000158019.21	16300	16301	16300	16301	31	383	2
slim	ENSG00000101152.12	12738	23358	12738	23358	33	198	2
slim	ENSG00000117335.21	12264	13239	13239	12264	15	392	1
slim	ENSG00000179295.19	11375	34987	11375	34987	38	593	1
slim	ENSG00000143740.15	13151	30796	30796	13151	9	464	1
slim	BambuGene36248	1430	1431	1430	1431	26	321	6
slim	ENSG00000113360.17	10947	25435	10947	25435	37	1022	3
slim	ENSG00000197548.13	11544	35305	35305	11544	8	711	1
slim	ENSG00000155100.11	5798	19059	19059	5798	17	323	1
slim	ENSG00000099797.15	29892	1894	1894	29892	18	323	2
slim	ENSG00000157020.18	10110	11333	11333	10110	21	343	8
slim	ENSG00000187239.19	21883	35897	21883	35897	30	617	2
slim	ENSG00000011566.15	4412	10625	4412	10625	21	894	1
slim	ENSG00000048740.19	31409	18737	31409	18737	31	521	1
slim	ENSG00000187736.14	20571	11988	11988	20571	5	304	1
slim	ENSG00000111652.10	26707	27287	27287	26707	25	300	1
slim	ENSG00000197959.15	13433	24109	13433	24109	25	859	6
slim	ENSG00000120685.20	11407	31277	11407	31277	22	944	1
slim	ENSG00000165689.17	12099	6667	12099	6667	23	435	1
slim	ENSG00000185404.17	19850	2866	19850	2866	25	580	1
slim	ENSG00000177200.18	21990	28546	21990	28546	16	1022	0
slim	ENSG00000115415.21	12792	17190	12792	17190	38	750	1
slim	ENSG00000152620.13	1330	16718	16718	1330	22	464	1
slim	ENSG00000143164.16	13457	604	13457	604	14	951	1
slim	ENSG00000112640.16	24124	17603	24124	17603	32	602	1
slim	ENSG00000105486.15	4306	20679	4306	20679	31	919	2
slim	ENSG00000112186.13	2477	16162	2477	16162	26	477	1
slim	ENSG00000162433.15	27403	9216	9216	27403	37	305	7
slim	ENSG00000140262.18	9728	4927	9728	4927	24	706	1
slim	ENSG00000129353.15	643	9923	9923	643	22	711	7
slim	ENSG00000128573.28	19323	35907	35907	19323	25	740	1
slim	ENSG00000136021.19	31459	12730	12730	31459	4	933	1
slim	ENSG00000123983.15	12108	33919	12108	33919	9	720	1
slim	ENSG00000089682.18	34823	14683	34823	14683	24	437	1
slim	ENSG00000137486.17	20150	237	20150	237	13	418	2
slim	ENSG00000137500.10	26376	22525	26376	22525	30	254	8
slim	ENSG00000185033.15	19621	9633	19621	9633	5	837	1
slim	ENSG00000167985.8	6965	27260	6965	27260	23	173	3
slim	ENSG00000129317.15	10986	19913	10986	19913	12	713	1
domain	ENSG00000137145.21	21139	12771	21139	12771	1314	1022	35
domain	ENSG00000244754.9	4889	33240	4889	33240	163	583	1
domain	ENSG00000147010.19	18443	35733	18443	35733	555	665	1
domain	ENSG00000089177.20	31496	11635	11635	31496	841	1022	2
domain	ENSG00000235109.8	10914	21246	10914	21246	201	406	2
domain	ENSG00000188906.17	6695	34055	6695	34055	1702	1022	77
domain	ENSG00000115183.15	4365	24669	4365	24669	1353	1022	57
domain	ENSG00000198453.15	9744	21810	9744	21810	819	644	46
domain	ENSG00000151612.18	25183	33127	25183	33127	241	1022	3
domain	ENSG00000139263.12	8661	21073	8661	21073	505	1022	9
domain	ENSG00000116754.14	14268	24051	14268	24051	190	484	1
domain	ENSG00000104320.15	4735	35543	4735	35543	112	754	6
domain	ENSG00000158186.13	20360	31045	20360	31045	262	208	19
domain	ENSG00000064703.13	13918	33906	13918	33906	399	824	3
domain	ENSG00000095794.21	34786	15326	34786	15326	167	299	10
domain	ENSG00000005884.18	8600	25053	8600	25053	1004	1022	35
domain	ENSG00000130881.14	3272	29533	3272	29533	146	770	14
domain	ENSG00000134775.16	29553	29638	29553	29638	1094	1022	41
domain	ENSG00000071626.17	2555	29479	2555	29479	175	407	6
domain	ENSG00000087460.29	14300	34474	14300	34474	620	496	37
domain	ENSG00000131069.20	12690	23693	12690	23693	609	701	15
domain	ENSG00000186017.16	17161	22399	22399	17161	506	419	21
domain	ENSG00000106701.13	23921	15322	23921	15322	219	530	1
domain	ENSG00000112561.19	14859	20416	14859	20416	93	569	1
domain	ENSG00000005812.11	11738	23752	11738	23752	461	428	36
domain	ENSG00000138182.15	14465	23796	14465	23796	789	1022	2
domain	ENSG00000115234.11	2573	20647	2573	20647	214	470	1
domain	ENSG00000107798.18	9979	22631	9979	22631	129	412	1
domain	ENSG00000169291.10	7218	27992	7218	27992	592	495	12
domain	ENSG00000054523.20	33459	15795	33459	15795	1414	1022	37
domain	ENSG00000122482.22	10115	24770	10115	24770	1192	1022	1
domain	ENSG00000120896.14	2748	26019	2748	26019	342	671	1
domain	ENSG00000103326.12	2112	28493	2112	28493	940	1022	2
domain	ENSG00000133030.22	32511	10633	32511	10633	1442	1022	27
domain	ENSG00000163697.18	25173	24943	25173	24943	549	759	1
domain	ENSG00000122367.21	12883	14554	12883	14554	547	727	29
domain	ENSG00000115325.14	2580	10415	2580	10415	214	481	1
domain	ENSG00000130749.10	3257	29990	3257	29990	435	1022	3
domain	ENSG00000076513.17	3950	27863	3950	27863	362	590	1
domain	ENSG00000159202.18	12760	25433	12760	25433	167	354	1
domain	ENSG00000153015.17	16588	35268	16588	35268	121	472	4
domain	ENSG00000112851.16	5721	35671	5721	35671	1263	1022	40
domain	ENSG00000167549.19	16936	22789	16936	22789	346	472	10
domain	ENSG00000115183.15	4365	24670	4365	24670	1353	1022	57
domain	ENSG00000133961.22	27999	28096	27999	28096	192	603	2
domain	ENSG00000183386.11	14853	24139	14853	24139	498	339	24
domain	ENSG00000092148.14	18661	28131	18661	28131	2141	1022	59
domain	ENSG00000197928.11	29878	29893	29878	29893	656	584	16
domain	ENSG00000105429.13	3135	15991	3135	15991	431	1022	0
domain	ENSG00000197062.12	20206	8301	20206	8301	135	479	1
domain	ENSG00000173442.13	7646	26610	7646	26610	1411	1022	28
domain	ENSG00000290763.2	21238	36583	21238	36583	328	255	9
domain	ENSG00000054654.20	27973	22710	27973	22710	6381	1022	51
domain	ENSG00000186017.16	24521	22399	22399	24521	377	314	28
domain	ENSG00000168826.16	10173	1259	10173	1259	345	765	2
domain	ENSG00000174437.18	27014	27704	27014	27704	931	1022	3
domain	ENSG00000131503.21	12731	19663	12731	19663	1934	1022	3
domain	ENSG00000165322.18	18082	24503	18082	24503	698	841	4
domain	ENSG00000182150.20	32721	32935	32721	32935	1399	1022	12
domain	ENSG00000116171.19	14396	24281	14396	24281	560	547	25
domain	ENSG00000038382.23	10909	35635	10909	35635	2275	1022	24
domain	ENSG00000140795.13	17777	485	17777	485	341	819	1
domain	ENSG00000112576.13	14844	25341	14844	25341	134	345	1
domain	ENSG00000158158.12	15790	1035	15790	1035	513	775	1
domain	ENSG00000115464.15	18567	24362	18567	24362	3435	1022	23
domain	ENSG00000146063.20	8155	25562	8155	25562	412	630	4
domain	ENSG00000135424.19	3572	27927	3572	27927	753	1022	2
domain	ENSG00000072110.17	1794	27894	1794	27894	945	892	14
domain	ENSG00000109670.17	30077	30074	30077	30074	790	732	13
domain	ENSG00000134352.21	16624	35641	16624	35641	301	918	1
domain	ENSG00000148498.17	15342	35495	15342	35495	91	1022	13
domain	ENSG00000078814.19	4211	23374	4211	23374	1779	1022	2
domain	ENSG00000198039.12	23650	1459	23650	1459	464	584	6
domain	ENSG00000163539.19	34330	23051	34330	23051	1560	1022	22
domain	ENSG00000153187.21	31716	13093	31716	13093	847	825	24
domain	ENSG00000198919.13	12950	24595	12950	24595	905	1022	3
domain	ENSG00000131196.18	20666	29624	20666	29624	241	943	7
domain	ENSG00000197912.16	32045	10576	32045	10576	354	752	14
domain	ENSG00000122550.18	10324	8816	10324	8816	422	586	10
domain	ENSG00000099968.18	8385	20047	8385	20047	162	485	1
domain	ENSG00000140795.13	17777	484	17777	484	341	819	1
domain	ENSG00000099622.14	29385	29254	29385	29254	125	297	1
domain	ENSG00000138600.11	3989	28209	3989	28209	201	520	2
domain	ENSG00000267858.9	36632	32576	36632	32576	239	145	9
domain	ENSG00000131018.25	13302	13304	13302	13304	5476	1022	74
domain	ENSG00000197302.11	26363	8285	8285	26363	416	541	4
domain	ENSG00000146247.15	5367	35758	5367	35758	1466	1022	14
domain	ENSG00000140474.14	21545	32190	21545	32190	90	472	1
domain	ENSG00000166348.20	34970	23112	34970	23112	912	1022	2
domain	ENSG00000113649.14	33907	25060	33907	25060	706	1022	2
domain	ENSG00000198363.18	16253	16978	16253	16978	685	758	41
domain	ENSG00000154305.18	10992	10482	10992	10482	1151	1022	71
domain	ENSG00000009307.17	12333	35310	12333	35310	197	798	8
domain	ENSG00000171612.7	7054	162	7054	162	220	396	1
domain	ENSG00000154930.15	8903	24064	8903	24064	581	689	18
domain	ENSG00000099622.14	29385	29540	29385	29540	348	297	22
domain	ENSG00000003756.17	11164	22996	11164	22996	543	815	1
domain	ENSG00000116062.19	2606	35746	2606	35746	1266	1022	20
domain	ENSG00000104731.14	5123	21902	5123	21902	689	520	28
domain	ENSG00000144711.17	30499	30861	30499	30861	1136	1022	23
domain	ENSG00000130749.10	3257	29989	3257	29989	435	1022	3
domain	ENSG00000206560.12	34495	19678	34495	19678	1127	1022	25
domain	ENSG00000179262.10	29306	29606	29306	29606	165	363	1
domain	ENSG00000145362.21	25050	34319	25050	34319	3965	1022	15
domain	ENSG00000153944.12	5724	29131	5724	29131	222	328	3
domain	ENSG00000240303.8	4650	24672	4650	24672	587	799	1
domain	ENSG00000149091.15	22481	22590	22590	22481	223	1022	19
domain	ENSG00000129292.21	17918	17915	17918	17915	474	1017	3
domain	ENSG00000132740.10	3393	33455	3393	33455	413	993	9
domain	ENSG00000183765.24	19030	23029	19030	23029	228	543	4
domain	ENSG00000110497.15	34558	8146	34558	8146	90	1022	2
domain	ENSG00000198561.16	12361	34592	12361	34592	323	933	1
domain	ENSG00000154553.17	5762	5764	5762	5764	167	364	2
domain	ENSG00000178467.18	16903	23444	16903	23444	187	507	10
domain	ENSG00000047056.18	4275	35991	4275	35991	539	494	24
domain	ENSG00000113448.21	10497	19145	10497	19145	168	809	1
domain	ENSG00000092978.11	13209	13208	13209	13208	164	528	3
domain	ENSG00000181666.19	17157	673	17157	673	624	640	4
domain	ENSG00000197037.11	17616	1478	17616	1478	264	544	9
domain	ENSG00000107821.15	14071	23750	14071	23750	168	304	3
domain	ENSG00000173821.20	29160	20635	29160	20635	4650	1022	49
domain	ENSG00000135316.20	13895	33654	13895	33654	189	657	5
domain	ENSG00000127452.9	3011	29637	3011	29637	379	326	10
domain	ENSG00000168066.22	15838	24175	15838	24175	266	639	20
domain	ENSG00000154734.16	5773	23030	5773	23030	650	967	16
domain	ENSG00000113441.16	2511	18000	2511	18000	1192	1022	32
domain	ENSG00000156983.17	16922	24737	16922	24737	679	1022	3
domain	ENSG00000133454.16	9895	27335	9895	27335	2051	1022	21
domain	ENSG00000116754.14	14268	35131	14268	35131	139	484	7
domain	ENSG00000188321.14	17541	8352	17541	8352	231	538	1
domain	ENSG00000162086.16	33014	28885	33014	28885	142	537	15
domain	ENSG00000114423.23	17576	32042	17576	32042	440	982	4
domain	ENSG00000145191.15	32308	23236	32308	23236	427	721	2
domain	ENSG00000116260.17	13401	13400	13401	13400	146	747	4
domain	ENSG00000145390.12	35223	5301	35223	5301	349	1022	7
domain	ENSG00000151914.22	34034	32691	34034	32691	5837	1022	28
domain	ENSG00000104866.11	2179	27072	2179	27072	473	691	1
domain	ENSG00000167549.19	16936	34312	16936	34312	268	472	12
domain	ENSG00000185630.20	20140	35740	20140	35740	105	430	1
domain	ENSG00000135424.19	3572	27926	3572	27926	753	1022	2
domain	ENSG00000141258.13	5022	28851	5022	28851	883	1022	2
domain	ENSG00000164039.15	6456	24463	6456	24463	121	245	6
domain	ENSG00000108654.16	2344	29052	2344	29052	556	670	3
domain	ENSG00000013441.17	8719	21011	8719	21011	257	515	1
domain	ENSG00000009950.16	8021	11017	8021	11017	281	852	9
domain	ENSG00000100532.13	1987	33893	1987	33893	210	350	1
domain	ENSG00000183963.19	9684	24518	9684	24518	856	915	29
domain	ENSG00000168385.18	30751	17116	17116	30751	398	396	26
domain	ENSG00000147570.10	1530	1531	1530	1531	287	199	11
domain	ENSG00000113648.17	25349	22322	25349	22322	414	372	30
domain	ENSG00000132773.12	14569	1329	14569	1329	258	510	4
domain	ENSG00000104320.15	4735	25991	4735	25991	82	754	1
domain	ENSG00000185189.18	21659	26383	21659	26383	278	501	8
domain	ENSG00000185420.19	13089	18995	13089	18995	334	239	24
domain	ENSG00000163395.17	9868	23501	9868	23501	3367	1022	65
domain	ENSG00000221968.9	5489	26632	5489	26632	329	445	22
domain	ENSG00000153827.15	33428	35979	33428	35979	720	1022	3
domain	ENSG00000085224.23	14974	31226	14974	31226	1538	1022	2
domain	ENSG00000120697.10	2736	34232	2736	34232	122	324	7
domain	ENSG00000116580.20	13573	31142	13573	31142	740	1022	2
domain	ENSG00000116679.17	13365	22808	13365	22808	218	642	1
domain	ENSG00000119139.21	15818	11187	15818	11187	147	1022	13
domain	ENSG00000290860.2	20616	36520	20616	36520	229	221	21
domain	ENSG00000143507.18	13191	23212	13191	23212	261	482	7
domain	ENSG00000092148.14	18661	35224	18661	35224	1874	1022	72
domain	ENSG00000119707.14	4019	26559	4019	26559	658	843	11
domain	ENSG00000235109.8	10914	30366	10914	30366	159	406	1
domain	ENSG00000182979.18	9540	21414	9540	21414	320	715	12
domain	ENSG00000134744.14	3516	26319	3516	26319	442	1022	2
domain	ENSG00000164828.18	18837	22695	18837	22695	875	801	55
domain	ENSG00000161664.7	6202	29487	6202	29487	185	453	7
domain	ENSG00000163492.16	21734	10874	21734	10874	640	1022	2
domain	ENSG00000163681.17	33044	36026	33044	36026	98	842	4
domain	ENSG00000154330.13	18139	24700	18139	24700	626	567	25
domain	ENSG00000186017.16	24522	22399	22399	24522	377	314	28
domain	ENSG00000177697.19	18373	32052	18373	32052	129	253	1
domain	ENSG00000135631.17	24171	24535	24171	24535	838	1022	26
domain	ENSG00000110931.19	312	19022	19022	312	380	337	20
domain	ENSG00000112561.19	14859	20417	14859	20417	93	569	1
domain	ENSG00000122566.23	30838	33554	30838	33554	203	341	6
domain	ENSG00000164828.18	18837	22658	18837	22658	577	801	14
domain	ENSG00000070159.14	21906	15283	15283	21906	724	737	33
domain	ENSG00000140598.16	4975	35461	4975	35461	119	1022	6
domain	ENSG00000086200.17	9066	19753	9066	19753	1060	975	39
domain	ENSG00000198677.13	12371	25028	12371	25028	748	1022	2
domain	ENSG00000075711.21	11104	17210	11104	17210	281	926	5
domain	ENSG00000167549.19	16936	23251	16936	23251	242	472	9
domain	ENSG00000100372.15	21207	24417	21207	24417	401	307	8
domain	ENSG00000167522.18	6896	28635	6896	28635	2837	1022	28
domain	ENSG00000107758.16	12702	20899	12702	20899	357	524	2
domain	ENSG00000153201.17	5693	35560	5693	35560	1749	1022	18
domain	ENSG00000153029.16	13391	5684	13391	5684	99	349	2
domain	ENSG00000135953.11	3622	1053	3622	1053	503	474	28
domain	ENSG00000133612.20	18327	22964	18327	22964	331	911	2
domain	ENSG00000099204.23	17340	26602	26602	17340	803	718	12
domain	ENSG00000112394.18	13703	13700	13703	13700	314	515	1
domain	ENSG00000102225.17	5396	12065	12065	5396	712	570	11
domain	ENSG00000006194.11	2068	28879	2068	28879	559	683	29
domain	ENSG00000162599.18	18964	32887	18964	32887	274	509	2
domain	ENSG00000003402.21	7707	17881	7707	17881	321	480	17
domain	ENSG00000225830.16	11788	34004	11788	34004	1269	1022	6
domain	ENSG00000079432.9	34159	34649	34159	34649	1112	1022	137
domain	ENSG00000136261.16	3649	31381	3649	31381	232	457	1
domain	ENSG00000164309.15	21908	25063	21908	25063	4133	1022	30
domain	ENSG00000071655.18	21136	29635	21136	29635	109	291	14
domain	ENSG00000154734.16	5773	23032	5773	23032	650	967	16
domain	ENSG00000100372.15	21207	810	21207	810	401	307	8
domain	ENSG00000149600.12	5508	30286	5508	30286	257	200	11
domain	ENSG00000145191.15	32308	23237	32308	23237	427	721	2
domain	ENSG00000055609.21	4085	34543	4085	34543	4066	1022	3
domain	ENSG00000116731.23	7815	10794	7815	10794	240	1022	2
domain	ENSG00000170776.22	17709	17706	17709	17706	1380	1022	43
domain	ENSG00000145715.15	5326	25601	5326	25601	508	1022	3
domain	ENSG00000119402.18	34672	30229	30229	34672	372	325	19
domain	ENSG00000080503.25	11288	35958	11288	35958	131	1022	6
domain	ENSG00000167377.19	32202	28473	32202	28473	101	686	1
domain	ENSG00000254996.5	26532	23540	26532	23540	2073	1022	40
domain	ENSG00000169398.20	35498	26033	35498	26033	527	1022	11
domain	ENSG00000056097.16	4667	24998	4667	24998	722	1022	6
domain	ENSG00000103194.16	2103	28396	2103	28396	460	798	2
domain	ENSG00000080546.14	21307	11954	21307	11954	98	551	8
domain	ENSG00000132780.17	11308	23947	11308	23947	492	788	1
domain	ENSG00000160877.7	6149	35761	6149	35761	613	527	40
domain	ENSG00000183765.24	19030	32258	19030	32258	220	543	23
domain	ENSG00000161638.11	6200	27817	6200	27817	907	1022	11
domain	ENSG00000144596.13	1167	31038	31038	1167	485	428	18
domain	ENSG00000157510.14	6509	25461	6509	25461	385	768	1
domain	ENSG00000119397.19	15115	35248	15115	35248	1554	1022	2
domain	ENSG00000115361.8	2582	32694	2582	32694	141	430	1
domain	ENSG00000116198.14	16029	33347	16029	33347	254	925	4
domain	ENSG00000137710.17	32023	26546	32023	26546	355	583	6
domain	ENSG00000069869.17	25156	21214	21214	25156	562	1022	23
domain	ENSG00000196693.15	12487	105	12487	105	112	778	1
domain	ENSG00000154310.17	21305	23086	21305	23086	1354	1022	27
domain	ENSG00000055609.21	4085	34132	4085	34132	1810	1022	55
domain	ENSG00000167840.14	3094	532	3094	532	283	444	15
domain	ENSG00000148634.16	15066	24501	15066	24501	959	1022	17
domain	ENSG00000170653.19	20122	29600	20122	29600	387	483	10
domain	ENSG00000018625.15	12824	21987	12824	21987	282	902	2
domain	ENSG00000143776.20	13152	22116	13152	22116	895	1022	3
domain	ENSG00000196843.18	12127	23188	12127	23188	491	594	14
domain	ENSG00000250571.7	10420	25934	10420	25934	250	376	5
domain	ENSG00000184182.19	5242	22581	5242	22581	88	230	6
domain	ENSG00000124279.12	4575	5638	4575	5638	470	662	7
domain	ENSG00000162413.17	15884	15881	15881	15884	182	539	7
domain	ENSG00000141404.17	20290	30031	20290	30031	207	381	1
domain	ENSG00000253293.6	5714	25866	5714	25866	450	414	23
domain	ENSG00000085224.23	14974	31231	14974	31231	1141	1022	3
domain	ENSG00000074964.17	12829	24626	12829	24626	1064	1022	35
domain	ENSG00000131375.10	3300	1168	3300	1168	272	813	9
domain	ENSG00000075292.20	4538	19607	4538	19607	1298	1022	22
domain	ENSG00000166949.18	9223	26845	9223	26845	195	425	1
domain	ENSG00000196923.14	11794	1381	11794	1381	306	486	16
domain	ENSG00000077232.19	4459	33902	4459	33902	547	793	4
domain	ENSG00000164031.17	21663	23308	21663	23308	398	379	16
domain	ENSG00000003756.17	11164	22998	11164	22998	543	815	1
domain	ENSG00000088387.22	34289	31385	34289	31385	1398	1022	61
domain	ENSG00000145362.21	25050	24846	25050	24846	4171	1022	23
domain	ENSG00000001631.17	17704	23626	17704	23626	279	736	2
domain	ENSG00000132849.22	31780	14323	31780	14323	91	1022	0
domain	ENSG00000173275.13	10338	876	10338	876	120	518	1
domain	ENSG00000213949.10	5672	32473	5672	32473	275	1022	2
domain	ENSG00000138757.15	12539	33645	12539	33645	109	558	2
domain	ENSG00000119139.21	15818	11186	15818	11186	147	1022	13
domain	ENSG00000008441.19	29644	35298	29644	35298	210	502	3
domain	ENSG00000198363.18	16253	25633	16253	25633	491	758	5
domain	ENSG00000138592.14	7433	28246	7433	28246	638	1022	1
domain	ENSG00000137710.17	32023	27367	32023	27367	153	583	6
domain	ENSG00000110931.19	311	19022	19022	311	380	337	20
domain	ENSG00000125740.15	11477	29288	11477	29288	241	338	8
domain	ENSG00000055609.21	4085	33929	4085	33929	3909	1022	6
domain	ENSG00000138592.14	7433	20465	7433	20465	106	1022	3
domain	ENSG00000077782.23	22002	9138	22002	9138	91	822	2
domain	ENSG00000125826.22	11880	23608	11880	23608	427	510	22
domain	ENSG00000171316.14	20359	35426	20359	35426	2164	1022	2
domain	ENSG00000124299.16	2881	35615	2881	35615	107	493	1
domain	ENSG00000163820.16	6417	21109	6417	21109	1478	1022	27
domain	ENSG00000127603.32	28463	26419	28463	26419	8061	1022	73
domain	ENSG00000187609.16	10531	23069	10531	23069	1024	876	27
domain	ENSG00000293268.2	36325	1210	36325	1210	750	738	25
domain	ENSG00000221978.13	18799	20034	18799	20034	222	520	1
domain	ENSG00000203666.13	890	13092	13092	890	289	188	14
domain	ENSG00000003402.21	7707	10565	7707	10565	276	480	6
domain	ENSG00000120616.16	8586	24632	8586	24632	585	813	2
domain	ENSG00000131196.18	20666	29626	20666	29626	241	943	7
domain	ENSG00000088367.23	10201	31339	10201	31339	211	881	3
domain	ENSG00000153037.15	17060	25002	25002	17060	496	489	24
domain	ENSG00000162086.16	33014	28949	33014	28949	449	537	15
domain	ENSG00000146247.15	5367	35757	5367	35757	1466	1022	14
domain	ENSG00000189195.15	31547	33256	31547	33256	729	1022	2
domain	ENSG00000196569.14	20232	35059	20232	35059	2885	1022	3
domain	ENSG00000049759.20	623	33332	623	33332	662	1022	4
domain	ENSG00000108509.21	11179	28916	11179	28916	194	1022	2
domain	ENSG00000177463.16	20476	19717	20476	19717	530	717	2
domain	ENSG00000109046.15	4131	23197	4131	23197	177	421	5
domain	ENSG00000149091.15	22590	26090	22590	26090	221	928	1
domain	ENSG00000143387.14	33536	5166	5166	33536	355	329	24
domain	ENSG00000094631.22	9752	35576	9752	35576	152	1022	2
domain	ENSG00000136068.16	6393	34392	6393	34392	2097	1022	61
domain	ENSG00000018625.15	12824	21988	12824	21988	282	902	2
domain	ENSG00000168661.15	29963	29986	29963	29986	81	623	3
domain	ENSG00000185046.21	34526	27545	34526	27545	1123	1022	29
domain	ENSG00000127824.15	3030	21955	3030	21955	295	448	2
domain	ENSG00000110888.19	35380	27612	35380	27612	253	1022	3
domain	ENSG00000115380.20	11705	31486	11705	31486	178	533	2
domain	ENSG00000130529.16	3236	29762	3236	29762	610	1022	2
domain	ENSG00000167323.13	26166	26608	26166	26608	224	716	2
domain	ENSG00000196569.14	20232	24765	20232	24765	2631	1022	30
domain	ENSG00000079785.16	2556	33621	2556	33621	386	740	1
domain	ENSG00000140474.14	21545	28357	21545	28357	276	472	2
domain	ENSG00000167549.19	16936	23250	16936	23250	242	472	9
domain	ENSG00000115325.14	2580	10416	2580	10416	214	481	1
domain	ENSG00000133884.11	26305	3197	26305	3197	421	391	17
domain	ENSG00000160305.19	19948	23830	19948	23830	1466	1022	31
domain	ENSG00000124356.17	17586	34435	17586	34435	135	424	1
domain	ENSG00000086758.17	4209	20627	4209	20627	4392	1022	25
domain	ENSG00000136238.20	11856	11176	11176	11856	307	276	26
domain	ENSG00000001631.17	17704	23627	17704	23627	279	736	2
domain	ENSG00000168385.18	1151	17116	17116	1151	376	361	23
domain	ENSG00000116679.17	13365	22807	13365	22807	218	642	1
domain	ENSG00000070476.15	17018	25521	17018	25521	882	858	28
domain	ENSG00000147274.14	8655	28677	8655	28677	472	391	12
domain	ENSG00000174437.18	27014	8031	27014	8031	1067	1022	24
domain	ENSG00000132849.22	31780	14324	31780	14324	91	1022	0
domain	ENSG00000131018.25	13302	20299	13302	20299	109	1022	2
domain	ENSG00000165282.16	16097	12997	16097	12997	479	1022	3
domain	ENSG00000124942.14	15977	3523	15977	3523	5750	1022	11
domain	ENSG00000198542.15	15632	27420	15632	27420	141	494	1
domain	ENSG00000109320.14	2369	32690	2369	32690	367	969	1
domain	ENSG00000075391.18	13415	22944	13415	22944	155	1022	5
domain	ENSG00000275131.5	36365	267	36365	267	1563	1022	54
domain	ENSG00000113108.20	19708	25548	19708	25548	221	484	1
domain	ENSG00000162032.16	28570	28439	28570	28439	191	382	1
domain	ENSG00000168066.22	15838	24173	15838	24173	266	639	20
domain	ENSG00000160753.17	35483	24350	35483	24350	828	1022	2
domain	ENSG00000261408.7	28720	28621	28720	28621	119	333	8
domain	ENSG00000144061.14	21846	33451	21846	33451	422	677	21
domain	ENSG00000142002.19	4228	32114	4228	32114	111	863	11
domain	ENSG00000242265.6	30480	23965	30480	23965	382	707	6
domain	ENSG00000112183.15	16170	24921	16170	24921	355	309	18
domain	ENSG00000127527.15	22522	29993	22522	29993	465	910	4
domain	ENSG00000146247.15	5367	23807	5367	23807	1249	1022	62
domain	ENSG00000215114.10	18699	25988	18699	25988	196	331	1
domain	ENSG00000081692.13	21442	31005	31005	21442	460	447	23
domain	ENSG00000160271.16	14549	23311	14549	23311	971	914	15
domain	ENSG00000141867.19	33967	29751	33967	29751	790	1022	1
domain	ENSG00000005483.23	7823	24610	7823	24610	1871	1022	14
domain	ENSG00000197037.11	17616	9822	17616	9822	557	544	22
domain	ENSG00000154553.17	5762	24919	5762	24919	273	364	19
domain	ENSG00000170004.19	9464	16446	9464	16446	2029	1022	38
domain	ENSG00000198081.11	32612	29012	32612	29012	347	449	1
domain	ENSG00000140987.21	18232	30848	18232	30848	289	697	1
domain	ENSG00000112759.19	14454	14480	14480	14454	588	535	19
domain	ENSG00000152767.17	8575	29802	8575	29802	745	1022	44
domain	ENSG00000205726.15	16627	16620	16627	16620	846	1022	9
domain	ENSG00000103710.11	425	2126	2126	425	380	261	12
domain	ENSG00000140598.16	4975	35460	4975	35460	119	1022	6
domain	ENSG00000244754.9	4889	33254	4889	33254	163	583	1
domain	ENSG00000106034.18	7749	22246	7749	22246	253	1022	9
domain	ENSG00000124279.12	4575	25459	4575	25459	564	662	21
domain	ENSG00000138162.19	9786	13751	9786	13751	1935	1022	100
domain	ENSG00000183576.13	9583	9376	9583	9376	302	594	6
domain	ENSG00000286129.1	32637	969	32637	969	287	228	26
domain	ENSG00000196576.16	12467	23834	12467	23834	1015	1022	2
domain	ENSG00000206560.12	34495	31230	34495	31230	184	1022	2
domain	ENSG00000108469.15	8415	21689	8415	21689	406	991	3
domain	ENSG00000137965.11	14204	24606	14204	24606	272	444	10
domain	ENSG00000071242.13	4766	25254	4766	25254	774	733	36
domain	ENSG00000009830.13	3898	27954	3898	27954	302	750	1
domain	ENSG00000162755.14	13503	24370	13503	24370	238	349	1
domain	ENSG00000168374.11	7119	24160	7119	24160	201	180	20
domain	ENSG00000166233.15	16350	28414	16350	28414	627	557	21
domain	ENSG00000132436.13	17946	20149	17946	20149	780	674	7
domain	ENSG00000110497.15	34558	26639	34558	26639	119	1022	3
domain	ENSG00000154556.20	20196	35630	20196	35630	1418	1022	7
domain	ENSG00000115170.16	21166	34626	21166	34626	255	509	1
domain	ENSG00000164506.16	8744	36119	8744	36119	860	1022	2
domain	ENSG00000079616.14	1706	35084	1706	35084	504	652	15
domain	ENSG00000144824.21	20959	24602	20959	24602	534	1022	12
domain	ENSG00000129521.15	3110	27542	3110	27542	120	346	11
domain	ENSG00000160201.12	6101	24682	6101	24682	287	240	16
domain	ENSG00000169738.8	7406	29048	7406	29048	236	249	14
domain	ENSG00000101017.15	14625	23118	14625	23118	167	287	6
domain	ENSG00000033030.16	31408	317	31408	317	268	737	1
domain	ENSG00000146247.15	5367	35756	5367	35756	1466	1022	14
domain	ENSG00000099250.18	15371	15374	15371	15374	188	923	2
domain	ENSG00000070423.18	6145	30122	6145	30122	176	311	1
domain	ENSG00000145362.21	25050	34729	25050	34729	4061	1022	26
domain	ENSG00000129116.20	25012	1315	25012	1315	1177	1022	18
domain	ENSG00000143549.22	32587	13623	32587	13623	135	285	23
domain	ENSG00000163126.15	8458	23696	8458	23696	333	305	20
domain	ENSG00000100697.17	10828	35521	10828	35521	132	1022	0
domain	ENSG00000188906.17	6695	34020	6695	34020	2318	1022	2
domain	ENSG00000085832.18	14466	36060	14466	36060	215	896	2
domain	ENSG00000118689.15	19178	27127	19178	27127	220	673	1
domain	ENSG00000178878.13	26704	11942	11942	26704	610	455	26
domain	ENSG00000110888.19	35380	26871	35380	26871	658	1022	5
domain	ENSG00000157510.14	6509	25460	6509	25460	385	768	1
domain	ENSG00000145362.21	25050	34320	25050	34320	3965	1022	15
domain	ENSG00000154358.23	34126	32910	34126	32910	8838	1022	19
