cls	gene	long_idx	short_idx	canonical_idx	other_idx	size	len_long	len_short	edit_span_long	n_intervals	first_edit_start
slim	STK39	53886	53885	53886	53885	21	545	524	21	1	414
slim	NDUFS2	36807	36805	36807	36805	21	484	463	21	1	372
slim	CZIB	12422	12425	12422	12425	30	160	130	30	1	0
slim	ALOX15B	2064	2063	2064	2063	29	676	647	29	1	400
slim	NOP2	37816	37819	37816	37819	4	812	808	4	1	79
slim	G3BP2	22187	22179	22187	22179	33	482	449	33	1	242
slim	GBF1	22645	22650	22645	22650	16	1859	1843	16	3	612
slim	SOS1	52497	52503	52497	52503	15	1333	1318	15	1	1115
slim	DCAF4	12615	12614	12615	12614	8	495	489	7	2	269
slim	CPSF6	11203	11199	11199	11203	37	588	551	37	1	231
slim	UBAP2L	59186	59192	59192	59186	25	1097	1087	18	2	142
slim	ACER3	571	578	578	571	7	274	267	7	1	199
slim	GPR107	23844	23843	23843	23844	19	571	552	19	1	435
slim	PCMTD2	40371	40369	40371	40369	27	361	334	27	1	194
slim	SPCS2	52734	52733	52733	52734	31	257	226	31	1	38
slim	TSC1	58257	58262	58257	58262	6	1164	1158	6	2	380
slim	SOGA3	52436	52437	52436	52437	3	947	944	3	1	908
slim	LETR1	29826	29821	29826	29821	4	129	125	4	1	0
slim	GGA3	22902	22900	22902	22900	33	723	690	33	1	67
slim	DNPEP	14294	14297	14294	14297	14	485	471	14	1	0
slim	PRKCSH	43745	43746	43745	43746	10	535	525	10	1	343
slim	HARS1	24770	24779	24770	24779	40	509	469	40	1	59
slim	DOCK6	14347	14350	14350	14347	35	2082	2047	35	1	906
slim	KMT2A	29134	29137	29134	29137	38	3969	3931	38	1	1406
slim	LRSAM1	31539	31537	31539	31537	33	723	690	33	1	533
slim	DPP10	14523	14527	14523	14527	18	796	789	18	2	1
slim	ESRRG	19729	19732	19729	19732	23	458	435	23	1	0
slim	NAP1L1	36163	36157	36163	36157	27	391	368	27	2	363
slim	CORO6	10995	10991	10995	10991	40	472	432	40	1	211
slim	SNCA	51920	51921	51920	51921	14	140	126	14	1	40
slim	MPP2	34575	34576	34575	34576	11	552	541	11	1	0
slim	MYL6	35690	35688	35690	35688	5	151	151	5	3	142
slim	DCP1A	12715	12713	12715	12713	38	582	544	38	1	170
slim	C1orf21	6319	6315	6315	6319	16	123	121	10	4	109
slim	PRORP	43876	43872	43876	43872	16	583	567	16	1	329
slim	FPGS	21886	21887	21886	21887	26	587	561	26	1	166
slim	CRYZL1	11496	11498	11496	11498	15	349	334	15	1	72
slim	SGTA	49819	49814	49819	49814	32	313	299	28	4	1
slim	NAP1L4	36175	36178	36178	36175	12	387	375	12	1	58
slim	NDUFB6	36765	36768	36765	36768	15	128	113	15	1	91
slim	RPS24	47778	47772	47772	47778	13	143	130	13	1	130
slim	NFIX	37249	37256	37249	37256	5	502	501	4	4	1
slim	EXOSC1	19910	19911	19910	19911	25	195	170	25	1	49
slim	CPSF7	11206	11205	11205	11206	9	471	462	9	1	175
slim	ATE1	4105	4109	4105	4109	36	518	482	36	1	0
slim	CSNK1G3	11627	11623	11627	11623	32	456	424	32	1	363
slim	PDP1	40733	40737	40737	40733	36	573	537	36	1	0
slim	BBS5	5176	5175	5176	5175	21	341	320	21	1	206
slim	SKIC2	50227	50224	50227	50224	23	1246	1223	23	1	931
slim	ZNF778	63628	63629	63628	63629	28	757	729	28	1	81
slim	ASH1L	3966	3964	3966	3964	5	2969	2964	5	1	2834
slim	MARK3	32674	32666	32674	32666	40	753	713	40	2	370
slim	PFN1	40997	40998	40997	40998	40	140	104	39	5	1
slim	SEMA4F	49249	49246	49249	49246	33	770	737	33	1	119
slim	C8orf88	6544	6545	6544	6545	25	129	128	14	3	111
slim	TUBB2A	58836	58839	58839	58836	34	454	445	25	3	1
slim	CAMK2D	6939	6944	6939	6944	26	533	512	26	6	122
slim	STXBP1	54061	54054	54061	54054	14	594	580	14	1	0
slim	HMGA1	25566	25567	25566	25567	11	107	96	11	1	34
slim	PIP5K1C	41686	41685	41685	41686	26	694	668	26	1	640
slim	PPARGC1B	42974	42973	42974	42973	34	1023	1017	23	8	990
slim	UBE2D3	59218	59226	59218	59226	29	147	118	29	1	0
slim	PROKR2	43865	43866	43866	43865	11	395	384	11	1	0
slim	PTPA	44589	44587	44587	44589	6	329	323	6	1	43
slim	HGS	25316	25327	25327	25316	6	783	777	6	1	220
slim	CAMK2A	6906	6911	6906	6911	11	489	478	11	1	328
slim	POGZ	42549	42552	42549	42552	7	1417	1410	7	1	0
slim	APP	3102	3097	3102	3097	20	770	751	20	1	344
slim	SCRN1	48898	48901	48901	48898	20	434	414	20	1	0
slim	CDK2AP1	8562	8566	8566	8562	40	133	115	31	5	1
slim	SLC1A2	50443	50460	50443	50460	4	574	570	4	1	1
slim	CSTPP1	11732	11734	11734	11732	6	337	331	6	1	275
slim	RAD51C	45408	45413	45408	45413	32	376	346	32	3	342
slim	HMBS	25550	25547	25550	25547	17	361	344	17	1	0
slim	EIF3H	15579	15577	15577	15579	14	366	352	14	1	0
slim	GLYR1	23224	23227	23224	23227	6	553	547	6	1	302
slim	CPEB2	11097	11098	11097	11098	28	1034	1007	28	1	650
slim	GALK2	22381	22380	22381	22380	24	458	434	24	1	0
slim	G3BP2	22187	22171	22187	22171	33	482	449	33	1	242
slim	CELF2	8731	8732	8731	8732	21	521	514	18	5	1
slim	SNAP91	51899	51896	51899	51896	5	907	902	5	1	716
slim	EP300	19159	19158	19159	19158	26	2414	2388	26	2	684
slim	FANCL	20715	20727	20715	20727	19	375	356	19	1	72
slim	TMEM87B	56990	56991	56990	56991	25	555	555	17	6	344
slim	FIP1L1	21442	21433	21442	21433	28	594	591	16	3	28
slim	KLHL4	29087	29085	29085	29087	23	720	718	17	4	699
slim	ZNF106	62151	62154	62151	62154	33	1906	1883	30	7	1
slim	ITPR1	27607	27625	27607	27625	10	2758	2750	9	2	918
slim	YKT6	61260	61263	61263	61260	17	200	198	11	3	187
slim	NME4	37626	37624	37626	37624	34	187	153	34	1	75
slim	DOCK7	14357	14355	14357	14355	31	2140	2109	31	1	922
slim	MRS2	34956	34955	34956	34955	36	443	408	36	1	407
slim	CYRIB	12380	12385	12380	12385	11	324	324	8	4	4
slim	ILDR2	26919	26923	26919	26923	19	639	620	19	1	166
slim	PCSK6	40430	40435	40430	40435	13	969	956	13	2	679
slim	HSPA1B	26154	26155	26154	26155	22	641	619	22	1	537
slim	MRPL11	34689	34690	34689	34690	34	192	158	34	2	157
slim	LYPD6B	31735	31734	31735	31734	24	207	183	24	1	2
slim	ICOSLG	26427	26426	26426	26427	22	303	302	13	3	288
slim	SLC8A1	51298	51295	51298	51295	35	973	938	35	2	638
slim	DDX25	12956	12957	12956	12957	18	483	465	18	3	463
slim	NBN	36343	36350	36350	36343	17	771	754	17	1	728
slim	INKA2	27041	27042	27041	27042	16	297	282	16	3	1
slim	SNX9	52393	52391	52391	52393	30	625	595	30	1	100
slim	AIMP1	1659	1656	1659	1656	9	321	312	9	1	0
slim	CTSH	11986	11987	11986	11987	38	335	297	38	1	0
slim	ATP5PF	4542	4539	4539	4542	17	109	108	11	3	96
slim	PEX5L	40936	40939	40936	40939	35	626	591	35	1	30
slim	NCL	36502	36514	36502	36514	16	710	694	16	1	0
slim	BRCC3	5797	5794	5794	5797	25	316	291	25	1	183
slim	TRAF3IP2	57659	57665	57665	57659	9	574	565	9	1	0
slim	MLF1	34228	34231	34228	34231	25	268	243	25	1	0
slim	LSM14B	31572	31573	31573	31572	39	424	385	39	1	142
slim	DMXL2	13955	13954	13955	13954	21	3058	3037	21	1	2642
slim	TAFA5	54809	54813	54809	54813	38	132	125	26	9	1
slim	RDX	46246	46245	46245	46246	21	604	583	21	1	583
slim	SEPTIN7	49372	49376	49372	49376	21	437	417	21	1	1
slim	IMPDH1	26978	26980	26978	26980	26	589	563	26	1	48
slim	DNM1L	14232	14234	14234	14232	13	749	736	13	1	83
slim	TENT5A	55570	55571	55571	55570	19	461	442	19	1	0
slim	TSPAN3	58444	58443	58444	58443	25	253	228	25	1	85
slim	MDM1	33109	33105	33109	33105	10	724	714	10	1	335
slim	CELF1	8722	8717	8722	8717	28	514	486	28	2	0
slim	MTCH1	35185	35183	35185	35183	17	389	372	17	1	285
slim	ZIM2	62028	62025	62028	62025	31	558	527	31	1	132
slim	PLEKHB2	42081	42078	42078	42081	8	230	222	8	1	141
slim	MBNL2	32858	32856	32858	32856	18	391	373	18	1	268
slim	SRRT	53270	53274	53270	53274	5	876	872	5	1	775
slim	SPTAN1	53042	53050	53042	53050	20	2477	2457	20	1	1052
slim	FLNC	21589	21590	21589	21590	33	2725	2692	33	1	1734
slim	MRPL43	34791	34786	34786	34791	8	164	159	8	2	155
slim	BAZ1A	5084	5086	5084	5086	32	1556	1524	32	1	503
slim	OPTN	39165	39170	39165	39170	6	577	571	6	1	209
slim	HNRNPA2B1	25669	25675	25675	25669	12	353	341	12	1	2
slim	HLA-C	25477	25476	25476	25477	6	372	366	6	1	339
slim	NFATC3	37185	37188	37185	37188	36	1075	1045	36	4	1035
slim	ENSG00000288921	18243	18244	18243	18244	26	663	637	26	1	637
slim	MYL6B	35695	35697	35695	35697	33	208	175	33	1	141
slim	MARK2	32652	32651	32652	32651	25	788	763	25	2	412
slim	GULP1	24585	24579	24585	24579	24	304	291	20	4	281
slim	MEF2C	33325	33312	33325	33312	32	473	441	32	1	367
slim	MOBP	34400	34401	34401	34400	25	206	183	24	2	68
slim	ZBTB16	61413	61412	61413	61412	29	673	644	29	1	455
slim	CCDC92	7873	7877	7873	7877	17	331	314	17	1	0
slim	SCMH1	48771	48772	48771	48772	22	670	648	22	1	560
slim	IFT20	26648	26642	26642	26648	26	158	132	26	1	0
slim	ATAT1	4093	4094	4093	4094	10	333	323	10	2	322
slim	DENND4A	13184	13183	13183	13184	10	1915	1907	9	2	900
slim	SSR3	53407	53406	53407	53406	19	185	169	19	3	164
slim	ITCH	27457	27460	27457	27460	32	862	830	32	1	285
slim	SRPK2	53215	53217	53215	53217	23	699	688	19	3	2
slim	ANAPC5	2293	2295	2293	2295	13	755	742	13	1	374
slim	DDX1	12886	12887	12886	12887	6	740	734	6	1	0
slim	RNPS1	47282	47281	47282	47281	23	305	282	23	1	1
slim	KICS2	28694	28693	28693	28694	23	468	445	23	1	445
slim	CCDC149	7555	7557	7555	7557	11	540	529	11	1	348
slim	CAV1	7351	7352	7351	7352	31	178	147	31	1	0
slim	FBXO2	20967	20966	20967	20966	29	296	267	29	1	0
slim	ING5	27029	27027	27029	27027	14	240	226	14	1	226
slim	BANP	5056	5061	5056	5061	25	530	505	25	2	400
slim	KIAA0513	28596	28597	28596	28597	10	411	401	10	1	327
slim	RPS15	47732	47733	47732	47733	27	145	118	27	1	0
slim	MRE11	34639	34643	34639	34643	28	708	680	28	1	595
slim	HNRNPA3	25682	25692	25682	25692	22	378	356	22	1	1
slim	ADSL	1360	1354	1360	1354	15	484	469	15	1	119
slim	TBK1	55192	55188	55192	55188	40	729	689	40	1	689
slim	KCNQ5	28317	28321	28321	28317	7	939	932	7	1	416
slim	TUBA8	58828	58826	58828	58826	40	449	426	35	5	407
slim	PPP1R1B	43269	43268	43269	43268	36	204	168	36	1	0
slim	PSMB3	44199	44196	44199	44196	13	205	193	13	3	190
slim	PALB2	39685	39682	39682	39685	24	1188	1186	14	4	1
slim	ZNF385D	62735	62736	62735	62736	6	395	392	6	2	1
slim	ELAVL4	15753	15752	15752	15753	14	380	366	14	1	258
slim	PUS7L	44871	44872	44871	44872	12	713	701	12	1	0
slim	C4orf48	6465	6466	6465	6466	33	128	95	33	1	0
slim	ACVR1B	877	876	877	876	36	505	476	36	5	464
slim	CTNNB1	11854	11861	11861	11854	3	783	781	3	1	80
slim	ENSG00000291068	18824	18823	18823	18824	7	258	251	7	1	1
slim	GNL3	23417	23416	23417	23416	12	549	537	12	1	0
slim	ZNF615	63299	63297	63299	63297	11	742	731	11	1	79
slim	PMM2	42318	42319	42318	42319	33	246	228	30	3	213
slim	PPP6R3	43443	43444	43444	43443	6	879	873	6	2	816
slim	MAN1B1	32152	32146	32152	32146	13	699	686	13	1	632
slim	NDUFV1	36872	36877	36872	36877	9	464	455	9	1	15
slim	CEP97	9113	9115	9113	9115	34	865	831	34	1	113
slim	AFDN	1397	1391	1397	1391	15	1831	1816	15	1	392
slim	NMRAL1	37670	37672	37672	37670	36	335	299	36	1	0
slim	RPSA	47895	47898	47895	47898	35	295	274	28	4	264
slim	SLC25A44	50670	50671	50671	50670	8	322	314	8	1	208
slim	CD200	8146	8144	8144	8146	25	294	269	25	1	4
slim	SMAP2	51493	51492	51493	51492	31	429	399	31	2	1
slim	FBXW2	21066	21067	21067	21066	32	486	454	32	1	0
slim	IRF2	27353	27356	27356	27353	7	356	349	7	1	0
slim	MAPK10	32452	32475	32452	32475	38	464	426	38	1	0
slim	GOLGA3	23487	23486	23487	23486	40	1498	1458	40	1	96
slim	IPO5	27251	27252	27251	27252	18	1115	1097	18	1	0
slim	NR3C2	38169	38171	38171	38169	4	988	984	4	1	633
slim	HIPK3	25425	25426	25425	25426	21	1215	1194	21	1	769
slim	RHOBTB2	46666	46663	46663	46666	9	736	727	9	1	0
slim	GSTO1	24417	24416	24417	24416	33	241	208	33	1	123
slim	ALG8	1998	1994	1998	1994	32	526	503	29	3	1
slim	MUTYH	35476	35481	35481	35476	25	546	521	25	2	0
slim	AREL1	3187	3188	3187	3188	34	823	789	34	1	789
slim	WDR17	60700	60702	60702	60700	40	1322	1283	40	2	0
slim	PTGES3	44496	44493	44493	44496	4	164	160	4	1	1
slim	GRIA2	24123	24145	24145	24123	19	892	883	16	6	350
slim	CHMP2B	9559	9557	9557	9559	28	229	213	23	4	1
slim	FIP1L1	21442	21428	21442	21428	36	594	583	24	3	212
slim	PLEKHG5	42104	42101	42104	42101	23	1085	1062	23	2	1
slim	ZNF511	62983	62984	62984	62983	35	262	252	29	6	227
slim	AKAP8L	1763	1751	1763	1751	34	646	612	34	1	60
slim	GRIPAP1	24271	24255	24271	24255	26	841	815	26	1	533
slim	NDUFV1	36872	36878	36872	36878	7	464	457	7	1	17
slim	NAP1L3	36170	36172	36170	36172	30	506	476	30	1	188
slim	ZDHHC23	61728	61729	61728	61729	26	435	409	26	3	406
slim	CDCA7L	8406	8405	8406	8405	10	454	445	10	1	444
slim	CALM3	6868	6869	6868	6869	36	149	113	36	1	0
slim	HARS2	24785	24787	24785	24787	33	506	473	33	1	210
slim	AOAH	2816	2815	2816	2815	32	575	543	32	1	42
slim	GTF3C5	24520	24522	24522	24520	7	526	519	7	1	389
slim	MNDA	34372	34370	34372	34370	13	407	396	13	2	393
slim	HIPK3	25425	25424	25425	25424	21	1215	1194	21	1	769
slim	CAMK2A	6906	6909	6906	6909	22	489	467	22	2	171
slim	SMARCA1	51494	51495	51494	51495	12	1070	1058	12	1	542
slim	PRMT7	43838	43848	43848	43838	24	713	692	24	3	686
slim	ENSG00000287273	17990	17991	17990	17991	33	208	185	28	2	0
slim	PUF60	44827	44817	44827	44817	29	559	530	29	1	8
slim	PSMC5	44241	44242	44241	44242	24	406	387	24	3	1
slim	TNIK	57180	57177	57180	57177	8	1360	1352	8	1	794
slim	SIPA1L1	50166	50162	50162	50166	21	1804	1783	21	1	1215
slim	ARFGAP2	3214	3210	3214	3210	28	521	493	28	1	132
slim	KIF21A	28781	28786	28781	28786	13	1674	1661	13	1	557
slim	TMEM237	56767	56770	56767	56770	12	408	400	12	2	1
slim	HCFC1R1	24867	24866	24867	24866	19	138	119	19	2	31
slim	SUMF2	54196	54191	54191	54196	34	305	301	19	2	0
slim	CADM1	6780	6785	6780	6785	29	471	442	29	1	360
slim	SAMHD1	48440	48436	48440	48436	35	626	591	35	1	502
slim	PFKFB3	40975	40973	40975	40973	13	520	514	13	3	505
slim	ZNF827	63708	63710	63708	63710	5	1081	1077	5	1	1076
slim	AP1G1	2839	2840	2840	2839	3	825	822	3	1	213
slim	SUZ12	54294	54297	54294	54297	23	739	716	23	1	128
slim	GAPVD1	22483	22478	22483	22478	21	1460	1439	21	1	556
slim	ZRANB2	63862	63864	63862	63864	19	330	320	18	4	309
slim	SNX10	52265	52258	52265	52258	9	201	192	9	1	175
slim	ZNF426	62810	62808	62810	62808	38	554	516	38	1	1
slim	CTSA	11925	11920	11920	11925	35	481	480	18	2	0
slim	FIG4	21409	21413	21409	21413	29	907	878	29	1	820
slim	TRMT112	58114	58113	58114	58113	32	125	106	28	5	91
slim	EEF1A1	15218	15206	15218	15206	3	462	459	3	1	48
slim	EPS15	19378	19372	19372	19378	37	933	896	37	1	217
slim	SKP1	50281	50285	50281	50285	11	163	158	9	3	152
slim	RRAGB	47930	47929	47929	47930	28	374	346	28	1	76
slim	BAIAP3	5041	5044	5044	5041	17	1169	1152	17	1	73
slim	DECR1	13114	13108	13114	13108	17	335	322	17	2	317
slim	ZNF286A	62541	62538	62541	62538	10	521	511	10	1	1
slim	MS4A7	34991	34985	34991	34985	30	250	240	23	10	216
slim	ARFIP2	3240	3239	3239	3240	33	374	341	33	1	65
slim	CSDE1	11522	11537	11522	11537	38	798	760	38	2	103
slim	CSNK1G3	11627	11625	11627	11625	33	456	423	33	2	282
slim	STX2	54030	54031	54030	54031	18	288	287	13	8	263
slim	PTPN13	44619	44616	44616	44619	5	2490	2485	5	1	1383
slim	ZFAT	61849	61851	61849	61851	12	1243	1231	12	1	0
slim	TMEM94	57009	57013	57013	57009	16	1366	1356	13	5	1
slim	SIRT5	50197	50192	50192	50197	36	313	310	23	4	286
slim	SNX10	52260	52265	52265	52260	30	227	201	30	4	1
slim	PHTF2	41338	41337	41338	41337	38	785	747	38	2	15
slim	UBE2B	59212	59211	59212	59211	9	152	143	9	1	80
slim	FAM153CP	20301	20300	20301	20300	29	173	144	29	1	0
slim	FIP1L1	21442	21447	21442	21447	34	594	578	25	2	212
slim	PRRC1	43987	43986	43986	43987	29	462	445	25	4	433
slim	AVL9	4838	4837	4838	4837	18	648	630	18	1	563
slim	ENSG00000290796	18654	18653	18654	18653	30	252	224	30	3	219
slim	PDHA1	40650	40649	40650	40649	31	390	359	31	1	169
slim	FASTK	20814	20820	20814	20820	27	549	522	27	1	201
slim	PSMD12	44277	44278	44277	44278	20	456	436	20	1	36
slim	PTBP1	44410	44409	44409	44410	3	559	557	3	2	1
slim	FXYD1	22100	22101	22101	22100	18	110	92	18	1	0
slim	FAM76A	20583	20585	20583	20585	31	307	288	27	2	279
slim	NQO1	38096	38098	38096	38098	38	274	236	38	1	101
slim	LETR1	29826	29817	29826	29817	28	129	101	28	1	0
slim	COL4A5	10726	10727	10726	10727	6	1691	1685	6	1	1264
slim	MAP1S	32232	32233	32232	32233	32	1059	1033	32	5	2
slim	C7orf50	6524	6522	6524	6522	40	194	178	32	9	0
slim	AMDHD2	2131	2132	2131	2132	23	409	386	23	1	324
slim	DCP2	12722	12720	12722	12720	15	420	405	15	2	1
slim	TMEM94	57013	57018	57013	57018	4	1356	1352	4	1	1212
slim	FANCM	20757	20746	20757	20746	26	2048	2022	26	1	227
slim	ACKR1	597	596	596	597	7	338	336	6	3	1
slim	TNKS	57194	57196	57194	57196	35	1327	1316	25	4	1299
slim	JTB	27857	27854	27857	27854	33	146	117	32	5	1
slim	FSD1L	21976	21977	21976	21977	33	530	497	33	2	5
slim	XPNPEP1	61096	61098	61096	61098	24	666	642	24	1	440
slim	KDM5D	28495	28496	28496	28495	31	1570	1539	31	1	457
slim	TRMT11	58112	58110	58112	58110	5	463	458	5	1	415
slim	JTB	27857	27856	27857	27856	33	146	117	32	5	1
slim	RBCK1	45879	45886	45886	45879	17	527	510	17	1	7
slim	BAIAP2	5030	5033	5033	5030	24	552	534	22	2	528
slim	AGO2	1514	1515	1514	1515	34	859	825	34	1	723
slim	LARP7	29588	29594	29594	29588	13	595	582	13	1	332
slim	PPP4R3A	43413	43410	43413	43410	13	833	820	13	1	409
slim	GLRA3	23162	23163	23162	23163	15	464	449	15	1	357
slim	RAPGEF6	45668	45666	45666	45668	8	1609	1601	8	1	1067
slim	EEF1A1	15218	15212	15218	15212	40	462	433	37	3	422
slim	RAP1GAP	45619	45618	45618	45619	34	681	663	26	2	478
slim	GIGYF2	22972	22976	22972	22976	6	1299	1293	6	1	237
slim	C1orf159	6299	6305	6299	6305	38	198	165	38	3	157
slim	ENSG00000291147	18940	18941	18940	18941	13	109	96	13	1	96
slim	MBNL1	32844	32848	32844	32848	12	382	370	12	1	320
slim	CANX	7048	7047	7047	7048	36	626	592	35	2	0
slim	PI4KB	41380	41379	41380	41379	15	816	801	15	1	303
slim	JKAMP	27783	27781	27783	27781	6	311	305	6	1	1
slim	SRI	53175	53176	53175	53176	24	198	180	22	4	1
slim	NFKBIA	37274	37273	37274	37273	16	317	305	14	2	302
slim	MYO1B	35756	35759	35756	35759	29	1136	1107	29	1	799
slim	ELAVL2	15744	15748	15748	15744	30	389	359	30	2	0
slim	PARP3	39908	39907	39908	39907	7	540	533	7	1	0
slim	YY1AP1	61344	61351	61344	61351	20	750	730	20	1	243
slim	SNX21	52337	52336	52337	52336	9	373	364	9	1	0
slim	ERGIC3	19574	19576	19576	19574	5	388	383	5	1	230
slim	POLR1B	42678	42677	42677	42678	38	1173	1135	38	1	0
slim	TMEM254	56802	56805	56805	56802	28	127	123	19	8	1
slim	NDRG2	36631	36630	36631	36630	14	371	357	14	1	25
slim	NOL8	37758	37753	37758	37753	38	1167	1129	38	1	786
slim	AIMP1	1659	1662	1659	1662	9	321	312	9	1	0
slim	YY1AP1	61344	61349	61344	61349	11	750	739	11	1	0
slim	CUL4B	12108	12099	12099	12108	29	904	895	20	3	1
slim	FAS	20798	20801	20801	20798	25	350	335	22	3	1
slim	CHPT1	9619	9621	9619	9621	10	406	398	10	3	393
slim	NCS1	36570	36569	36570	36569	20	190	172	20	2	1
slim	ZNF44	62854	62855	62854	62855	26	615	589	26	1	589
slim	TGDS	55730	55731	55730	55731	32	350	318	32	1	0
slim	RSRC1	48034	48039	48034	48039	31	334	314	27	4	304
slim	PSMC5	44241	44247	44241	44247	32	406	383	28	3	0
slim	RSPO3	48024	48025	48025	48024	22	292	272	22	4	265
slim	TMEM132B	56472	56474	56472	56474	21	1083	1078	16	5	1
slim	GLB1	23067	23068	23067	23068	30	677	647	30	1	0
slim	TRIM2	57885	57899	57885	57899	32	797	765	32	2	1
slim	CSDE1	11522	11530	11522	11530	31	798	767	31	1	103
slim	CAMSAP2	6997	6996	6996	6997	11	1489	1478	11	1	215
slim	CDK11A	8502	8500	8502	8500	11	780	770	11	1	108
slim	C19orf47	6233	6232	6233	6232	30	385	355	30	1	0
slim	NAMPT	36144	36149	36144	36149	3	491	488	3	1	71
slim	VTI1A	60506	60501	60506	60501	36	217	203	27	3	187
slim	HSP90B1	26114	26112	26114	26112	8	803	796	8	2	794
slim	MIF	33851	33852	33851	33852	20	115	113	16	5	94
slim	PTGES3	44493	44494	44493	44494	30	160	130	30	1	95
slim	P4HB	39520	39517	39520	39517	22	508	486	22	1	432
slim	TCF7L2	55384	55389	55384	55389	17	596	579	17	1	416
slim	ACO2	613	615	613	615	5	780	775	5	1	313
slim	NELFE	37046	37044	37044	37046	7	387	380	7	1	0
slim	P4HB	39488	39520	39520	39488	34	542	508	34	1	117
slim	ATAT1	4093	4097	4093	4097	33	333	300	33	4	194
slim	DHCR7	13378	13386	13378	13386	32	475	443	32	2	32
slim	FAM104B	20137	20136	20136	20137	36	116	115	20	10	40
slim	CHCHD5	9374	9376	9376	9374	15	124	110	15	1	0
slim	B2M	4872	4875	4875	4872	23	124	119	18	6	0
slim	TMEM161A	56549	56546	56549	56546	25	479	454	25	1	95
slim	CAMK1G	6899	6896	6899	6896	33	476	460	26	4	447
slim	SYT1	54501	54513	54501	54513	3	422	419	3	1	117
slim	RPL17	47476	47474	47476	47474	15	184	169	15	1	169
slim	HNRNPK	25778	25760	25778	25760	6	464	463	4	3	458
slim	CCDC127	7500	7497	7497	7500	39	299	260	39	1	0
slim	CELF4	8755	8747	8755	8747	3	486	484	3	2	149
slim	LAMTOR3	29518	29520	29518	29520	7	124	117	7	1	34
slim	HNRNPU	25809	25813	25809	25813	19	825	806	19	1	211
slim	PDZD4	40787	40786	40787	40786	40	660	626	38	3	0
slim	NUP214	38740	38741	38740	38741	13	2090	2078	13	1	589
slim	MIA2	33735	33730	33735	33730	5	809	804	5	1	128
slim	ZNF416	62789	62788	62789	62788	20	594	574	20	1	0
slim	ARNT	3750	3749	3750	3749	15	789	774	15	1	74
slim	CERT1	9175	9177	9175	9177	26	624	598	26	1	370
slim	SLC25A14	50561	50562	50561	50562	35	325	290	35	1	0
slim	NAPB	36191	36189	36191	36189	39	298	259	39	1	59
slim	PTPN2	44627	44624	44627	44624	30	415	387	30	4	381
slim	RBPJ	46153	46142	46153	46142	8	487	485	5	2	1
slim	NTRK2	38557	38535	38557	38535	16	838	822	16	1	465
slim	RIC8B	46728	46729	46728	46729	37	560	536	33	3	524
slim	CALM3	6868	6866	6868	6866	36	149	113	36	1	0
slim	CCDC47	7700	7703	7700	7703	38	483	480	24	3	457
slim	ALDH5A1	1916	1917	1917	1916	13	548	535	13	1	242
slim	ACSL1	691	693	691	693	10	698	688	10	1	507
slim	GABPB1	22247	22246	22246	22247	12	395	383	12	1	194
slim	LSM7	31589	31586	31586	31589	35	137	103	35	2	0
slim	GOLGA4	23499	23495	23495	23499	29	2250	2230	26	4	54
slim	ARHGEF2	3439	3434	3434	3439	27	987	986	17	4	1
slim	FNBP1	21703	21702	21703	21702	21	617	606	17	3	329
slim	TRIM39	57956	57955	57955	57956	30	518	488	30	1	268
slim	FAM221A	20487	20486	20487	20486	36	298	262	36	1	212
slim	SSX2IP	53430	53432	53430	53432	27	614	587	27	1	0
slim	PMPCB	42359	42356	42356	42359	22	490	489	15	7	469
slim	ARNT2	3760	3763	3760	3763	11	717	706	11	1	0
slim	STX16	54003	54004	54003	54004	21	325	304	21	1	27
slim	MEF2C	33325	33318	33325	33318	32	473	471	23	15	86
slim	NIF3L1	37395	37397	37395	37397	27	377	350	27	1	0
slim	ASL	3987	3986	3987	3986	26	464	438	26	1	174
slim	MIGA1	33866	33860	33866	33860	33	633	600	33	2	0
slim	RAB2A	45134	45135	45134	45135	24	212	188	24	1	15
slim	DLG1	13730	13738	13730	13738	38	893	871	31	4	635
slim	PCCB	40112	40117	40117	40112	20	559	539	20	1	363
slim	KIAA0930	28619	28621	28621	28619	32	413	404	24	4	1
slim	AP2A1	2866	2865	2865	2866	22	977	955	22	1	705
slim	HARS1	24770	24777	24770	24777	36	509	473	36	1	174
slim	AKR1C2	1812	1810	1812	1810	26	323	297	26	1	123
slim	SUV39H2-DT	54292	54293	54292	54293	18	149	131	18	1	0
slim	SLC35F5	50905	50903	50905	50903	13	523	517	11	2	1
slim	VPS72	60428	60427	60427	60428	11	375	364	11	1	236
slim	NAV3	36264	36267	36264	36267	22	2385	2363	22	1	1766
slim	BAZ2A	5090	5092	5090	5092	32	1903	1875	30	2	0
slim	STUM	53997	53996	53997	53996	3	141	138	3	2	127
slim	NAXE	36284	36280	36284	36280	21	288	267	21	1	221
slim	CRAT	11264	11255	11264	11255	24	626	602	24	1	532
slim	CLYBL	10253	10255	10253	10255	34	340	306	34	1	146
slim	AIFM3	1647	1648	1647	1648	9	605	596	9	2	427
slim	SLA	50298	50297	50297	50298	40	316	276	40	1	0
slim	SOX5	52562	52566	52562	52566	35	763	728	35	1	55
slim	CTDSPL	11805	11806	11805	11806	11	276	265	11	1	78
slim	C1GALT1	6242	6241	6242	6241	8	371	363	8	1	0
slim	ERMP1	19647	19635	19647	19635	31	904	873	31	1	340
slim	RCN2	46216	46215	46215	46216	18	335	317	18	1	149
slim	EIF2B4	15504	15500	15500	15504	29	544	523	27	3	1
slim	G3BP2	22187	22176	22187	22176	33	482	449	33	1	242
slim	FAM153CP	20301	20299	20301	20299	29	173	144	29	1	0
slim	SEC23B	49070	49071	49070	49071	18	767	749	18	1	122
slim	TBC1D5	55100	55099	55100	55099	22	817	795	22	1	530
slim	SPAST	52663	52668	52663	52668	33	616	583	33	2	138
slim	LRBA	31184	31192	31192	31184	5	2857	2852	5	1	2484
slim	ELF1	15761	15763	15761	15763	4	619	615	4	1	615
slim	MKRN2	34200	34207	34207	34200	20	427	416	17	2	1
slim	RAB3GAP1	45183	45177	45177	45183	7	988	981	7	1	903
slim	HNRNPH1	25743	25738	25743	25738	21	449	429	21	2	372
slim	TMEM126B	56448	56447	56448	56447	30	230	200	30	1	0
slim	NFE2L2	37197	37199	37197	37199	14	605	604	10	4	1
slim	HLA-A	25467	25468	25467	25468	28	365	337	28	1	0
slim	PPARGC1B	42974	42971	42974	42971	39	1023	984	39	1	155
slim	CAMKV	6979	6982	6979	6982	28	501	473	28	1	187
slim	ELOVL2	15846	15845	15846	15845	40	296	257	40	2	255
slim	UBE3A	59317	59314	59314	59317	11	875	872	8	2	1
slim	LY6H	31708	31709	31708	31709	21	161	140	21	1	0
slim	SEPTIN4	49347	49348	49347	49348	19	479	460	19	1	1
slim	CYB5B	12219	12221	12219	12221	33	150	127	33	5	111
slim	CNBP	10321	10323	10321	10323	7	177	170	7	1	33
slim	STIL	53801	53799	53801	53799	18	1288	1270	18	1	872
slim	MEF2D	33340	33339	33340	33339	7	521	514	7	1	285
slim	ENSG00000282057	17647	17646	17647	17646	17	110	93	17	1	0
slim	PLK2	42153	42155	42153	42155	14	685	671	14	1	54
slim	PTGES3	44493	44495	44493	44495	21	160	139	21	1	125
slim	UPF1	59636	59635	59635	59636	11	1129	1118	11	1	352
slim	PAX6	39973	39968	39973	39968	14	436	422	14	1	47
slim	CAMSAP1	6992	6993	6993	6992	11	1613	1602	11	1	222
slim	IL17RD	26852	26851	26852	26851	39	739	711	35	5	1
slim	HK1	25451	25450	25451	25450	36	917	916	19	2	1
slim	AGTPBP1	1555	1556	1555	1556	40	1226	1186	40	1	302
slim	NDUFA5	36706	36702	36706	36702	15	116	101	15	1	7
slim	USP10	59760	59759	59760	59759	10	803	802	7	3	1
slim	SLC39A13	50999	51000	50999	51000	7	371	364	7	1	306
slim	KAT5	27975	27979	27975	27979	33	546	513	33	1	4
slim	ADGRG1	1222	1221	1221	1222	6	693	687	6	1	429
slim	PDZD11	40781	40779	40779	40781	32	172	140	32	1	0
slim	MKLN1	34178	34177	34178	34177	32	735	712	29	4	1
slim	IDH3B	26463	26464	26463	26464	17	385	383	14	6	360
slim	DCTN3	12768	12767	12768	12767	28	186	158	28	1	89
slim	CARMIL1	7201	7199	7201	7199	6	1371	1365	6	1	1211
slim	AMDHD2	2130	2131	2131	2130	30	439	409	30	1	324
slim	CAST	7317	7318	7317	7318	22	791	769	22	1	90
slim	DECR1	13114	13107	13114	13107	14	335	334	12	6	316
slim	SLA	50299	50297	50297	50299	17	293	276	17	1	0
slim	SEC24B	49077	49079	49077	49079	35	1268	1233	35	1	353
slim	MYO5A	35782	35777	35782	35777	28	1880	1852	28	2	1283
slim	SCP2	48886	48887	48886	48887	24	547	523	24	1	42
slim	UBE3A	59314	59315	59314	59315	20	872	852	20	1	0
slim	ARMC10	3664	3661	3664	3661	35	343	308	35	1	46
slim	MRPL35	34759	34757	34759	34757	18	188	170	18	1	170
slim	MEST	33442	33445	33442	33445	9	335	326	9	1	0
slim	PBXIP1	40044	40045	40044	40045	29	731	702	29	1	0
slim	PPP1CA	43198	43195	43195	43198	31	335	330	19	3	1
slim	SGCE	49725	49717	49725	49717	9	437	428	9	1	346
slim	XRCC4	61155	61152	61155	61152	36	334	298	36	1	298
slim	NAP1L1	36163	36166	36163	36166	38	391	379	27	3	143
slim	KIF3A	28837	28838	28837	28838	24	726	702	24	2	409
slim	ZNF131	62175	62179	62175	62179	34	623	589	34	1	243
slim	ANKRD12	2494	2495	2494	2495	23	2062	2039	23	1	78
slim	NDUFA6	36713	36712	36712	36713	26	154	128	26	1	0
slim	TMBIM6	56287	56291	56287	56291	37	237	200	37	1	0
slim	DVL1	14860	14859	14860	14859	26	695	670	26	1	377
slim	ZRSR2	63870	63872	63872	63870	20	486	482	15	3	469
slim	DCAF6	12625	12626	12625	12626	20	880	860	20	1	460
slim	SHROOM1	50063	50064	50063	50064	5	852	847	5	1	742
slim	GTF2I	24483	24480	24483	24480	20	998	978	20	1	253
slim	HM13	25536	25538	25536	25538	33	426	394	33	1	393
slim	MSRB2	35087	35086	35087	35086	32	182	158	31	3	148
slim	SLBP	50315	50313	50315	50313	39	270	231	39	1	19
slim	TNPO3	57226	57222	57222	57226	34	957	923	34	1	453
slim	DENND2D	13170	13169	13170	13169	20	471	468	14	5	1
slim	PMS2P3	42398	42397	42398	42397	17	169	168	9	3	158
slim	SERAC1	49401	49396	49401	49396	30	654	624	30	1	88
slim	HDAC2	24928	24927	24928	24927	30	488	458	30	1	0
slim	COA4	10593	10592	10592	10593	17	139	122	17	1	0
slim	HBP1	24845	24849	24849	24845	10	524	514	10	1	0
slim	PEX11B	40903	40904	40903	40904	16	259	245	16	2	1
slim	C12orf75	6141	6140	6140	6141	30	136	130	18	2	0
slim	ARFRP1	3249	3242	3249	3242	28	201	173	28	1	173
slim	FNIP1	21738	21736	21738	21736	28	1166	1138	28	1	207
slim	IPO5	27251	27244	27251	27244	18	1115	1097	18	1	0
slim	UBR5	59410	59412	59410	59412	7	2799	2792	7	2	295
slim	PLXNB3	42285	42282	42282	42285	36	1932	1909	31	5	1
slim	YME1L1	61274	61275	61274	61275	33	716	683	33	1	110
slim	CALM2	6863	6858	6863	6858	36	149	113	36	1	0
slim	AFTPH	1440	1435	1435	1440	31	967	936	31	2	818
slim	PLIN3	42144	42145	42144	42145	12	434	422	12	1	115
slim	LMAN2L	30989	30991	30991	30989	11	359	348	11	1	169
slim	NDUFS7	36857	36864	36857	36864	32	213	182	32	1	181
slim	FKBP1A	21495	21499	21495	21499	8	108	103	8	4	1
slim	SLC12A2	50341	50340	50341	50340	16	1212	1196	16	1	976
slim	ARAP1	3170	3168	3170	3168	11	1450	1439	11	1	1319
slim	CD99	8292	8291	8292	8291	26	185	160	26	2	158
slim	PTPRZ1	44791	44793	44791	44793	17	2315	2301	16	3	1
slim	HNRNPC	25700	25701	25700	25701	33	293	288	22	5	266
slim	PROM1	43868	43869	43868	43869	31	865	834	31	1	830
slim	SERBP1	49406	49405	49405	49406	15	408	393	15	1	232
slim	CSNK1D	11606	11605	11606	11605	19	415	409	13	3	399
slim	ALKBH8	2030	2031	2031	2030	3	667	664	3	1	0
slim	ZNF419	62802	62803	62802	62803	13	510	498	13	1	11
slim	ENTPD5	19113	19114	19113	19114	27	428	407	26	2	400
slim	ZCRB1	61656	61659	61659	61656	11	228	217	11	1	174
slim	RAPGEF2	45644	45643	45643	45644	31	1679	1660	25	2	175
slim	CDC42	8352	8345	8352	8345	10	191	191	7	5	162
slim	TMF1	57031	57032	57032	57031	3	1096	1093	3	1	449
slim	OTUB1	39363	39360	39360	39363	37	308	271	37	1	0
slim	NEDD4L	36938	36943	36938	36943	14	955	942	14	2	1
slim	FMR1	21684	21678	21684	21678	33	632	599	33	2	375
slim	KLHL13	29027	29032	29027	29032	26	639	613	26	1	0
slim	SCAF4	48628	48627	48628	48627	15	1147	1132	15	1	37
slim	CASP1	7272	7275	7272	7275	29	404	375	29	2	374
slim	PPP1R21	43277	43278	43277	43278	11	780	769	11	1	645
slim	LARP1B	29561	29565	29561	29565	12	914	902	12	1	549
slim	DNM1	14226	14222	14226	14222	23	864	864	14	11	406
slim	MAPK10	32452	32437	32452	32437	38	464	426	38	1	0
slim	GABRG2	22319	22325	22319	22325	36	475	446	33	2	1
slim	TAF6	54748	54756	54748	54756	10	677	667	10	1	42
slim	PFKP	40996	40992	40996	40992	38	784	746	38	1	0
slim	PPFIA2	43000	43010	43000	43010	39	1257	1232	34	6	83
slim	KLF10	28966	28965	28966	28965	11	480	469	11	1	1
slim	PCGF5	40309	40315	40309	40315	20	256	236	20	1	221
slim	NAA80	36029	36028	36028	36029	22	308	286	22	1	0
slim	SMARCB1	51546	51549	51546	51549	9	385	376	9	1	68
slim	STAMBPL1	53625	53622	53622	53625	39	461	436	35	7	419
slim	ARL13B	3572	3577	3577	3572	29	457	428	29	2	229
slim	G3BP2	22187	22177	22187	22177	33	482	449	33	1	242
slim	CDC42	8352	8349	8352	8349	27	191	166	27	3	162
slim	NAP1L1	36163	36160	36163	36160	29	391	383	21	7	363
slim	NAP1L4	36180	36178	36178	36180	12	386	375	12	1	374
slim	MFN1	33583	33582	33582	33583	28	769	741	28	1	0
slim	UBE2J2	59267	59268	59267	59268	40	259	224	39	4	1
slim	DDX19B	12926	12927	12926	12927	31	479	448	31	1	99
slim	AMZ2P1	2249	2245	2249	2245	23	119	98	23	4	92
slim	RALGDS	45520	45521	45520	45521	12	914	902	12	1	162
slim	SLC1A2	50443	50451	50443	50451	9	574	565	9	1	0
slim	ABI1	351	349	351	349	5	481	476	5	1	153
slim	CSDE1	11522	11516	11522	11516	31	798	767	31	1	103
slim	SGK3	49770	49768	49770	49768	32	496	464	32	1	326
slim	TRIM36	57941	57940	57940	57941	23	728	716	18	3	0
slim	SMARCE1	51592	51581	51592	51581	35	411	376	35	1	16
slim	DLGAP4	13812	13809	13812	13809	38	992	989	23	6	670
slim	DPH1	14477	14473	14477	14473	16	443	427	16	2	0
slim	SOS2	52509	52510	52509	52510	33	1332	1299	33	1	323
slim	MTCH2	35189	35188	35189	35188	9	303	294	9	1	93
slim	GPM6A	23819	23822	23819	23822	11	278	267	11	1	1
slim	CEP162	8894	8897	8894	8897	38	1403	1365	38	1	0
slim	UPF3B	59651	59654	59651	59654	13	483	470	13	1	269
slim	MATK	32755	32758	32758	32755	29	508	507	17	6	1
slim	TCOF1	55405	55409	55405	55409	38	1489	1451	38	1	1062
slim	DIMT1	13557	13549	13557	13549	28	313	285	28	1	0
slim	MIB2	33771	33760	33760	33771	18	1009	999	14	2	36
slim	UBTF	59423	59424	59423	59424	37	764	727	37	1	220
slim	DNAJB6	14054	14052	14052	14054	40	334	326	26	7	300
slim	LINGO1	30934	30935	30934	30935	6	620	614	6	1	0
slim	TSEN2	58345	58359	58345	58359	25	465	460	15	4	446
slim	IMPACT	26977	26975	26975	26977	22	332	320	20	3	310
slim	NPM1	38032	38034	38032	38034	29	294	265	29	1	194
slim	TMEM268	56843	56844	56843	56844	37	342	321	30	4	1
slim	CLUAP1	10239	10236	10236	10239	19	432	413	19	1	364
slim	PRELID2	43583	43580	43583	43580	17	177	164	16	3	158
slim	CHD9	9478	9472	9478	9472	16	2897	2881	16	1	2335
slim	MFSD14CP	33625	33624	33624	33625	20	151	131	20	1	131
slim	SIN3B	50154	50152	50152	50154	32	1162	1130	32	1	422
slim	ZMYND11	62121	62113	62121	62113	31	602	571	31	1	172
slim	ST7L	53544	53541	53544	53541	40	575	555	30	2	544
slim	DDT	12878	12877	12878	12877	22	118	112	20	3	95
slim	KIF21B	28789	28793	28793	28789	24	1637	1623	23	7	1606
slim	NTRK3	38578	38574	38574	38578	25	864	839	25	1	711
slim	PTPRK	44728	44730	44730	44728	19	1458	1440	19	2	831
slim	RNASET2	46974	46968	46974	46968	38	256	218	38	1	0
slim	ENSG00000291066	18816	18814	18814	18816	40	243	233	31	6	1
slim	NECAB3	36899	36900	36899	36900	34	396	362	34	1	241
slim	PHIP	41262	41259	41259	41262	13	1834	1821	13	1	412
slim	LRRC73	31444	31445	31444	31445	23	316	299	21	3	293
slim	USP54	59973	59977	59973	59977	40	1684	1644	40	2	787
slim	VPS54	60425	60424	60425	60424	12	977	965	12	1	45
slim	ECHDC2	15102	15101	15102	15101	31	292	261	31	1	121
slim	ARHGEF10	3401	3400	3400	3401	26	1368	1344	25	3	0
slim	NCKAP1	36487	36485	36485	36487	6	1134	1128	6	1	35
slim	L1CAM	29409	29406	29409	29406	10	1257	1248	10	2	25
slim	FAS	20801	20810	20801	20810	21	335	314	21	1	168
slim	CELF1	8722	8718	8722	8718	29	514	485	29	3	0
slim	ENTPD1	19091	19090	19090	19091	14	522	510	14	3	1
slim	CSPP1	11678	11695	11695	11678	36	1262	1226	36	1	0
slim	PLRG1	42229	42231	42229	42231	9	514	505	9	1	95
slim	MRPL39	34770	34769	34769	34770	27	353	338	23	6	323
slim	ZMIZ2	62073	62075	62073	62075	32	894	862	32	1	54
slim	CDON	8661	8664	8664	8661	23	1287	1264	23	1	1211
slim	FRMD4A	21921	21917	21917	21921	39	1050	1039	26	7	1017
slim	PARP10	39887	39888	39887	39888	9	1025	1016	9	1	583
slim	STAT3	53709	53726	53709	53726	10	770	760	10	2	576
slim	SSBP1	53356	53358	53358	53356	25	159	148	21	4	134
slim	MRPL10	34685	34684	34684	34685	28	271	261	20	5	1
slim	ART3	3861	3857	3857	3861	11	400	389	11	1	334
slim	CDC27	8331	8332	8332	8331	6	830	824	6	1	319
slim	ITSN2	27657	27654	27657	27654	27	1697	1670	27	1	619
slim	KCTD17	28364	28365	28364	28365	31	314	297	24	2	0
slim	DHDDS	13389	13391	13389	13391	34	333	299	34	2	146
slim	CXXC1	12181	12180	12181	12180	9	656	647	9	1	213
slim	LAMP2	29509	29510	29509	29510	22	410	410	19	15	366
slim	ATP1A1	4380	4382	4380	4382	31	1023	992	31	1	0
slim	ABR	396	399	399	396	40	871	859	27	5	1
slim	TUBA1A	58806	58809	58806	58809	35	451	416	35	1	0
slim	SGTA	49819	49813	49819	49813	37	313	276	37	1	276
slim	CTH	11810	11811	11810	11811	32	405	373	32	1	84
slim	TP53BP1	57414	57416	57414	57416	5	1977	1972	5	1	0
slim	PIGP	41495	41493	41495	41493	26	134	108	26	1	2
slim	HIKESHI	25388	25387	25388	25387	20	197	194	12	4	182
slim	IRF7	27381	27379	27379	27381	17	516	503	16	2	1
slim	TKT	56133	56136	56136	56133	8	631	623	8	1	145
slim	RFFL	46436	46437	46436	46437	36	363	327	36	2	197
slim	PCYT2	40461	40459	40459	40461	18	407	389	18	1	179
slim	CMPK2	10291	10292	10291	10292	40	449	409	40	1	409
slim	GJB1	23035	23036	23036	23035	15	289	283	12	2	276
slim	TAF15	54694	54691	54694	54691	3	592	589	3	1	59
slim	STAT1	53679	53684	53684	53679	31	779	750	31	3	746
slim	MBNL2	32858	32852	32858	32852	12	391	379	12	1	337
slim	LSS	31611	31612	31611	31612	11	732	721	11	1	132
slim	HLA-F	25502	25504	25502	25504	10	281	273	10	3	269
slim	TM2D1	56228	56227	56228	56227	32	207	176	32	4	171
slim	SDCBP	48946	48945	48945	48946	22	318	298	21	2	0
slim	SIRT2	50183	50181	50183	50181	37	389	352	37	1	0
slim	ZDHHC3	61735	61736	61736	61735	34	333	299	34	1	102
slim	COPB2	10849	10848	10849	10848	37	906	898	24	5	875
slim	KIAA1586	28659	28660	28659	28660	27	787	760	27	1	35
slim	TERF1	55581	55585	55581	55585	20	439	419	20	1	295
slim	PCDH7	40157	40159	40157	40159	34	1255	1228	33	3	1095
slim	PSME1	44327	44330	44327	44330	25	249	233	22	5	223
slim	CPT2	11227	11226	11226	11227	12	670	658	12	1	549
slim	UBP1	59378	59379	59378	59379	36	540	504	36	1	273
slim	ABCB8	191	187	191	187	25	718	693	25	1	647
slim	SPTAN1	53043	53042	53042	53043	12	2489	2477	12	1	0
slim	RRN3	47954	47955	47954	47955	30	651	621	30	1	84
slim	IL17RC	26849	26847	26849	26847	13	720	707	13	1	494
slim	ECD	15076	15078	15078	15076	33	677	644	33	1	375
slim	MXRA7	35555	35557	35557	35555	9	177	170	9	2	167
slim	ARHGEF2	3434	3436	3434	3436	28	986	958	28	2	0
slim	PALS1	39716	39723	39716	39723	34	675	641	34	1	0
slim	DSN1	14672	14674	14672	14674	16	356	340	16	1	0
slim	TNFSF13B	57168	57166	57168	57166	19	285	266	19	1	141
slim	HSF2	26088	26087	26088	26087	18	536	518	18	1	392
slim	SLC24A4	50540	50543	50540	50543	19	622	603	19	1	274
slim	COMMD5	10796	10795	10796	10795	35	224	189	35	1	0
slim	STAG1	53568	53567	53568	53567	34	1258	1224	34	1	895
slim	RPAP3	47383	47384	47383	47384	34	665	631	34	1	395
slim	GOLGA2	23463	23461	23463	23461	27	1029	1002	27	1	187
slim	MBD4	32820	32818	32818	32820	6	580	574	6	1	394
slim	PIK3C2B	41560	41562	41560	41562	28	1634	1606	28	1	849
slim	PEPD	40864	40868	40868	40864	15	507	493	15	4	1
slim	ZNF211	62336	62342	62336	62342	39	577	540	39	3	1
slim	GRAMD2B	24055	24052	24055	24052	39	432	410	31	7	67
slim	MAPK9	32534	32531	32534	32531	24	424	424	13	3	215
slim	A1BG-AS1	4	6	4	6	30	270	240	30	1	240
slim	TUBA1A	58806	58808	58806	58808	35	451	416	35	1	0
slim	SMC1A	51605	51607	51605	51607	32	1233	1211	31	5	1
slim	C6orf89	6513	6514	6514	6513	7	354	347	7	1	0
slim	SCHIP1	48754	48753	48753	48754	26	260	244	22	4	1
slim	CPEB3	11101	11107	11101	11107	33	698	684	24	2	366
slim	GOSR2	23647	23646	23647	23646	18	212	194	18	1	0
slim	CAPZB	7164	7162	7164	7162	28	272	244	28	1	244
slim	AXL	4849	4848	4849	4848	9	894	885	9	1	428
slim	HSPA9	26190	26191	26190	26191	25	679	665	23	3	654
slim	TCF4	55352	55362	55362	55352	11	680	671	10	2	0
slim	DDX5	13045	13047	13045	13047	18	614	614	10	4	1
slim	HSPA1A	26151	26153	26151	26153	27	641	614	27	1	450
slim	STAT2	53702	53704	53702	53704	4	851	847	4	1	94
slim	ACTR2	848	847	847	848	5	399	394	5	1	53
slim	EXOSC8	19951	19954	19951	19954	34	276	246	34	3	239
slim	SCN8A	48851	48861	48861	48851	13	1991	1980	13	3	206
slim	SETD4	49538	49536	49538	49536	24	440	416	24	1	1
slim	KCNK10	28234	28233	28234	28233	17	543	543	12	5	1
slim	INTS4	27180	27181	27180	27181	20	963	943	20	1	743
slim	ATF7IP	4162	4156	4156	4162	8	1278	1270	8	1	0
slim	ZNF211	62336	62338	62336	62338	40	577	576	23	6	1
slim	CRLF1	11411	11412	11412	11411	26	426	422	16	5	404
slim	SIVA1	50210	50208	50210	50208	16	175	166	16	2	157
slim	HNRNPK	25778	25776	25778	25776	6	464	463	4	3	458
slim	CEP43	8989	8990	8989	8990	20	399	379	20	1	172
slim	TPT1	57608	57609	57608	57609	12	172	160	12	1	0
slim	RAB8B	45276	45275	45276	45275	31	207	194	24	7	0
slim	ZSWIM8	63957	63958	63958	63957	13	1837	1834	8	3	936
slim	PACRGL	39594	39593	39594	39593	27	248	221	27	1	203
slim	NRXN2	38297	38299	38297	38299	10	1521	1511	10	2	392
slim	ADGRL1	1225	1226	1226	1225	6	1474	1469	6	1	131
slim	C19orf47	6231	6233	6233	6231	37	422	385	37	1	0
slim	RNF150	47073	47075	47073	47075	36	438	405	36	2	401
slim	STAT1	53684	53670	53684	53670	38	750	712	38	1	712
slim	ABLIM1	379	380	379	380	4	655	654	4	1	1
slim	CAMK2D	6939	6936	6939	6936	27	533	511	27	7	122
slim	NCL	36502	36506	36502	36506	16	710	694	16	1	0
slim	HEY1	25291	25290	25290	25291	4	308	304	4	1	82
slim	DCLK2	12682	12684	12684	12682	17	783	766	17	1	320
slim	TCF4	55362	55376	55362	55376	4	671	667	4	1	545
slim	TMEM143	56500	56499	56500	56499	35	459	424	35	1	87
slim	SRSF1	53276	53277	53277	53276	7	253	248	7	1	246
slim	ATXN7L3	4805	4804	4804	4805	7	354	347	7	1	159
slim	TENT2	55563	55562	55563	55562	4	484	480	4	1	224
slim	EXOSC10	19914	19916	19914	19916	25	885	860	25	1	694
slim	HSPA12A	26131	26128	26128	26131	22	686	675	18	4	1
slim	NUP98	38819	38826	38819	38826	34	1817	1783	34	2	253
slim	PNKD	42437	42441	42437	42441	4	385	382	4	1	174
slim	OPRM1	39161	39163	39163	39161	24	476	462	21	5	450
slim	LYRM9	31767	31766	31766	31767	15	106	100	13	2	0
slim	GABPB2	22258	22257	22258	22257	38	448	410	38	1	207
slim	CTSF	11973	11979	11973	11979	3	484	481	3	1	71
slim	USP43	59930	59928	59930	59928	5	1123	1118	5	1	665
slim	SSBP2	53362	53363	53362	53363	30	369	339	30	1	94
slim	TGOLN2	55774	55776	55776	55774	16	453	437	16	2	436
slim	CDC42	8352	8344	8352	8344	27	191	166	27	3	162
slim	MIEF2	33832	33831	33831	33832	11	465	454	11	1	0
slim	ANXA2R-AS1	2797	2798	2797	2798	14	217	203	14	1	0
slim	NLGN3	37549	37544	37549	37544	20	848	828	20	1	152
slim	CELF4	8755	8750	8755	8750	4	486	484	4	2	149
slim	ZDHHC6	61750	61755	61750	61755	4	413	409	4	1	89
slim	MED12L	33200	33201	33200	33201	35	2180	2145	35	1	656
slim	LRPPRC	31302	31288	31302	31288	15	1394	1379	15	1	639
slim	PDE2A	40531	40532	40531	40532	40	941	920	34	10	1
slim	C1orf159	6300	6299	6299	6300	32	230	198	32	1	0
slim	PRKAR2A	43703	43705	43703	43705	22	404	382	22	1	291
slim	SCN1A	48801	48794	48801	48794	11	2009	1998	11	1	670
slim	SRRM1	53245	53240	53240	53245	14	918	904	14	1	543
slim	GRIPAP1	24271	24249	24271	24249	6	841	835	6	1	759
slim	CNOT1	10400	10398	10400	10398	6	2376	2371	6	1	821
slim	TLCD5	56148	56147	56147	56148	22	267	245	22	1	0
slim	UPF3A	59645	59643	59645	59643	33	476	443	33	1	140
slim	PDHA1	40641	40650	40650	40641	28	418	390	28	1	19
slim	HMGCR	25589	25587	25587	25589	20	908	888	20	1	0
slim	BTD	6008	6003	6008	6003	20	543	523	20	1	0
slim	PHACTR4	41118	41120	41118	41120	16	702	686	16	1	0
slim	ELMOD1	15807	15806	15807	15806	8	334	326	8	1	207
slim	ATP5PF	4538	4539	4539	4538	8	116	108	8	1	0
slim	PLD2	41982	41983	41982	41983	11	933	922	11	2	809
slim	C11orf54	6102	6101	6102	6101	19	315	296	19	1	0
slim	EIF4B	15632	15633	15633	15632	6	616	611	6	1	435
slim	ST7	53532	53534	53532	53534	6	577	572	6	1	463
slim	KDM4B	28443	28441	28441	28443	34	1130	1096	34	1	372
slim	NOTCH2NLA	37865	37863	37863	37865	13	249	236	13	1	0
slim	ZFAND1	61809	61810	61809	61810	7	268	261	7	1	160
slim	BAIAP2	5033	5034	5033	5034	24	534	520	21	2	511
slim	TRIM2	57885	57891	57885	57891	36	797	761	36	3	1
slim	CUL2	12079	12080	12079	12080	39	745	706	39	1	663
slim	KCNAB1	28110	28108	28110	28108	31	401	374	29	2	172
slim	CAPRIN1	7123	7120	7123	7120	19	709	694	19	2	689
slim	PHIP	41259	41266	41259	41266	20	1821	1801	20	1	43
slim	ST18	53436	53443	53436	53443	35	1047	1012	35	1	0
slim	PAX6	39973	39967	39973	39967	14	436	422	14	1	47
slim	UQCRB	59685	59684	59685	59684	21	111	98	20	5	86
slim	GDF11	22785	22786	22785	22786	28	407	379	28	1	0
slim	ATP5MF	4521	4520	4520	4521	9	98	94	9	2	4
slim	SLC35C2	50869	50868	50868	50869	29	394	365	29	1	0
slim	SUV39H1	54287	54288	54288	54287	15	423	412	15	2	1
slim	FAHD1	20116	20117	20117	20116	15	226	224	10	4	212
slim	DDHD1	12839	12834	12839	12834	35	900	879	28	3	337
slim	ASAH1	3896	3890	3896	3890	25	395	370	25	1	127
slim	BTRC	6058	6057	6058	6057	26	605	579	26	1	51
slim	MED24	33265	33263	33265	33263	13	989	976	13	1	71
slim	IMMT	26964	26961	26964	26961	11	758	747	11	1	140
slim	NDRG4	36650	36645	36650	36645	26	352	327	26	2	259
slim	CRYL1	11484	11486	11484	11486	22	319	297	22	1	0
slim	OSBPL9	39299	39297	39297	39299	36	746	736	23	2	106
slim	PHRF1	41324	41326	41324	41326	4	1649	1645	4	1	28
slim	FAM153CP	20301	20313	20301	20313	29	173	144	29	1	0
slim	ZNF549	63092	63094	63092	63094	13	640	627	13	1	10
slim	CD37	8194	8193	8194	8193	34	281	270	23	3	256
slim	ZNF534	63059	63058	63058	63059	13	674	661	13	1	47
slim	AK2	1675	1685	1675	1685	8	239	232	8	1	231
slim	PPP1R12B	43230	43234	43234	43230	33	998	982	30	9	954
slim	CCDC144BP	7545	7544	7544	7545	30	755	725	30	1	245
slim	ERCC6L2-AS1	19536	19542	19536	19542	13	149	136	13	1	0
slim	CIAPIN1	9755	9754	9755	9754	14	312	299	14	1	52
slim	NDUFB8	36773	36774	36773	36774	35	186	164	29	2	156
slim	KIF1B	28772	28767	28772	28767	36	1816	1809	23	7	393
slim	GPBP1	23755	23754	23754	23755	7	480	473	7	1	20
slim	USP19	59816	59813	59816	59813	15	1421	1406	15	1	99
slim	GRIK1	24175	24170	24175	24170	15	949	934	15	1	401
slim	PRDM16-DT	43532	43531	43532	43531	13	211	198	13	1	0
slim	SGCE	49725	49723	49725	49723	13	437	426	13	2	346
slim	TTC1	58527	58523	58527	58523	37	292	256	37	4	251
domain	KIF9	28881	28882	28881	28882	634	725	91	634	4	87
domain	ARMCX4	3722	3720	3722	3720	2049	2382	360	2037	8	25
domain	ABCC8	256	239	256	239	1033	1581	548	1033	5	273
domain	PARD3B	39836	39835	39836	39835	1115	1205	95	1115	10	74
domain	TBC1D14	55012	55008	55012	55008	630	693	386	469	15	1
domain	NRBP2	38194	38196	38194	38196	278	501	269	258	8	0
domain	CHERP	9488	9491	9488	9491	723	916	193	723	3	0
domain	MARK1	32633	32632	32633	32632	689	795	106	689	3	103
domain	CDK20	8561	8558	8561	8558	193	346	153	193	1	0
domain	SCML4	48787	48786	48787	48786	314	414	100	314	5	95
domain	RYR3	48296	48297	48296	48297	4465	4873	410	4465	4	0
domain	NCAM1	36422	36416	36422	36416	941	858	461	669	2	0
domain	KIAA2026	28690	28691	28690	28691	2589	2103	729	2001	61	1
domain	ACTN1	807	805	805	807	258	966	914	155	3	787
domain	LTBP4	31635	31634	31635	31634	1302	1557	274	1294	11	0
domain	DMD	13859	13883	13859	13883	3479	3685	257	3455	6	0
domain	SVEP1	54310	54312	54310	54312	2255	3571	1316	2255	3	0
domain	KALRN	27864	27887	27864	27887	2870	2986	116	2870	3	0
domain	AGAP3	1456	1455	1456	1455	528	683	169	522	8	148
domain	AP3D1	2933	2938	2933	2938	941	1215	325	933	31	1
domain	AP3B2	2917	2927	2917	2927	578	1101	530	576	8	0
domain	SMARCAL1	51539	51529	51539	51529	202	954	752	202	3	748
domain	MAP3K10	32273	32271	32273	32271	729	954	241	722	6	0
domain	FASTK	20814	20819	20814	20819	340	549	243	327	12	27
domain	ABCC5	228	224	228	224	1230	1437	208	1230	7	197
domain	KIF1A	28761	28754	28761	28754	1354	1799	445	1354	1	445
domain	UBXN1	59432	59433	59432	59433	151	297	146	151	4	0
domain	KLHL8	29108	29107	29108	29107	183	620	437	183	1	72
domain	ZBTB11	61394	61392	61394	61392	284	1053	769	284	1	0
domain	C5	6474	6470	6474	6470	720	1676	956	720	2	0
domain	LSM8	31590	31591	31591	31590	126	101	96	71	13	11
domain	TAPBP	54910	54902	54910	54902	154	448	299	152	6	289
domain	C2	6344	6346	6344	6346	308	752	539	262	13	2
domain	KDM4C	28451	28449	28451	28449	313	1056	743	313	1	0
domain	NRXN1	38285	38290	38285	38290	1343	1507	176	1340	16	1
domain	FADS3	20100	20102	20100	20102	265	445	261	230	9	0
domain	DNAJB12	14026	14028	14026	14028	246	409	172	244	3	0
domain	RIMS2	46794	46806	46794	46806	1352	1607	285	1342	14	1
domain	ANK3	2405	2412	2405	2412	3582	4377	1001	3479	8	2
domain	AHI1	1608	1576	1608	1576	138	1196	1064	137	4	1055
domain	STAT2	53702	53706	53702	53706	509	851	365	504	15	1
domain	PEAK1	40816	40818	40816	40818	1380	1746	368	1380	6	0
domain	ASPH	4009	4008	4009	4008	662	758	203	613	23	84
domain	CLASP2	9921	9927	9921	9927	1075	1506	454	1071	24	1
domain	DDX21	12938	12941	12938	12941	638	783	145	638	1	0
domain	APBA1	2974	2975	2974	2975	654	837	211	642	20	167
domain	DDX18	12917	12918	12917	12918	484	670	226	470	12	0
domain	RAPGEF2	45643	45639	45643	45639	1474	1660	186	1474	3	0
domain	WDR91	60879	60877	60879	60877	385	747	365	385	9	350
domain	PRDM11	43517	43518	43517	43518	533	516	477	292	23	185
domain	TRIM2	57885	57874	57885	57874	154	797	659	146	3	1
domain	AP1G1	2840	2838	2840	2838	575	822	247	575	1	0
domain	EP400	19169	19173	19169	19173	2210	3123	985	2174	5	445
domain	SPG7	52827	52853	52827	52853	583	795	212	583	1	0
domain	PDE8A	40607	40608	40607	40608	711	829	120	711	9	0
domain	MYH10	35642	35648	35642	35648	1911	2037	128	1911	6	0
domain	HLA-C	25476	25475	25476	25475	121	366	245	121	1	0
domain	DDX39A	12969	12970	12969	12970	278	427	161	274	7	145
domain	FASTKD1	20823	20826	20823	20826	188	847	659	188	3	648
domain	RGS3	46567	46568	46567	46568	557	1086	537	553	8	2
domain	RSPRY1	48028	48027	48028	48027	430	576	146	430	1	146
domain	TMEM25	56793	56795	56793	56795	263	366	104	263	3	1
domain	OCRL	38964	38963	38964	38963	343	901	567	343	8	0
domain	DNMT3A	14286	14282	14286	14282	691	912	222	691	4	0
domain	TSEN2	58345	58341	58345	58341	159	465	312	159	3	303
domain	ZCCHC8	61650	61651	61650	61651	389	707	318	389	1	0
domain	MARK1	32633	32645	32633	32645	498	795	297	498	1	0
domain	RAF1	45452	45472	45452	45472	308	648	346	306	9	330
domain	DDX27	12960	12962	12960	12962	363	765	471	332	7	0
domain	SETD2	49517	49527	49517	49527	2140	2564	424	2140	1	0
domain	HSP90B1	26114	26110	26114	26110	650	803	191	633	9	0
domain	PRKG2	43783	43779	43783	43779	284	762	482	284	5	470
domain	CELSR3	8770	8769	8770	8769	3104	3312	208	3104	1	0
domain	NRG1	38227	38226	38227	38226	303	700	652	183	23	2
domain	PMS2	42392	42383	42392	42383	107	862	759	107	7	1
domain	INPP5B	27073	27074	27073	27074	860	913	173	817	37	0
domain	ZFYVE19	61958	61957	61958	61957	370	471	141	357	16	93
domain	ADAM19	953	956	953	956	797	918	135	796	8	110
domain	LONP1	31110	31109	31110	31109	652	959	307	652	1	0
domain	PLD1	41978	41981	41978	41981	790	1074	331	767	4	0
domain	ARHGEF9	3497	3499	3497	3499	313	523	213	313	4	206
domain	SCAF11	48624	48622	48624	48622	315	1463	1148	315	1	0
domain	DDX20	12932	12931	12932	12931	342	824	482	342	1	0
domain	AP2A2	2878	2876	2878	2876	826	939	123	822	6	0
domain	SMARCA2	51501	51506	51501	51506	1330	1590	278	1325	12	1
domain	ERCC6L2	19533	19532	19533	19532	298	1561	1263	298	1	0
domain	EPB41L3	19219	19216	19219	19216	617	1087	1046	329	4	162
domain	AHI1	1608	1587	1608	1587	569	1196	659	555	7	0
domain	ZNF226	62380	62383	62380	62383	720	803	94	717	7	78
domain	BSG	5953	5958	5953	5958	119	385	266	119	1	22
domain	ATP2C1	4463	4470	4463	4470	619	919	300	619	2	299
domain	SCN8A	48861	48854	48861	48854	1011	1980	972	1010	2	968
domain	PIKFYVE	41629	41628	41629	41628	1550	2098	548	1550	3	545
domain	PTPRO	44753	44752	44753	44752	811	1216	405	811	1	0
domain	IMPACT	26975	26976	26975	26976	168	320	154	168	6	0
domain	PIK3CD	41581	41583	41581	41583	943	1044	140	929	24	0
domain	ZNF431	62824	62823	62824	62823	107	576	485	100	5	1
domain	PWWP2A	44900	44901	44900	44901	236	755	520	236	4	516
domain	SYNE2	54436	54440	54436	54440	5962	6907	945	5962	1	945
domain	HNRNPU	25809	25819	25809	25819	699	825	136	696	9	1
domain	SCN8A	48861	48859	48861	48859	1264	1980	759	1252	35	666
domain	KALRN	27864	27889	27864	27889	2347	2986	641	2347	8	0
domain	SLC22A10	50502	50501	50502	50501	266	348	155	232	7	0
domain	PDE3A	40536	40535	40536	40535	653	1141	493	653	9	474
domain	EHMT1	15423	15420	15423	15420	1126	1298	209	1110	8	1
domain	NFATC2	37182	37180	37182	37180	476	921	447	476	2	444
domain	NVL	38851	38854	38851	38854	767	856	145	742	14	95
domain	KIF5C	28874	28872	28874	28872	364	957	593	364	1	0
domain	TNS2	57259	57258	57259	57258	1208	1409	261	1178	3	2
domain	FBXW4	21072	21069	21072	21069	437	567	130	437	1	0
domain	PLEKHH1	42112	42109	42112	42109	1453	1364	195	1320	25	0
domain	VIPR1	60213	60215	60213	60215	531	457	123	433	15	1
domain	NCOR1	36549	36553	36549	36553	1993	2440	454	1993	9	2
domain	ACTN2	825	823	825	823	252	894	653	249	9	1
domain	HNRNPU	25809	25811	25809	25811	653	825	176	652	4	0
domain	SNX19	52328	52326	52328	52326	865	992	246	810	30	0
domain	SEC63	49131	49132	49131	49132	665	760	95	665	1	0
domain	CPNE6	11169	11172	11169	11172	690	612	211	555	34	0
domain	EBF1	15055	15053	15055	15053	390	560	185	384	12	161
domain	FOXRED2	21874	21878	21874	21878	448	684	236	448	1	0
domain	DTNA	14737	14723	14737	14723	463	770	320	459	5	201
domain	VSTM2A	60482	60484	60482	60484	152	240	153	124	12	99
domain	RGPD5	46513	46515	46513	46515	873	1765	904	871	16	867
domain	OSBP2	39242	39247	39242	39247	205	916	743	194	13	1
domain	ADGRV1	1271	1264	1271	1264	4679	6306	1627	4679	4	0
domain	TRIM11	57820	57819	57820	57819	208	468	385	152	19	287
domain	EXOSC10	19914	19913	19914	19913	689	885	206	684	2	0
domain	MAP3K11	32275	32277	32275	32277	584	847	263	584	1	0
domain	ZKSCAN1	62030	62031	62030	62031	364	563	200	364	6	193
domain	ZNF23	62401	62399	62401	62399	101	686	585	101	1	0
domain	MAST3	32713	32714	32713	32714	1087	1347	290	1076	15	1
domain	WDR18	60705	60703	60705	60703	324	432	108	324	1	0
domain	SPG7	52827	52839	52827	52839	741	795	109	716	9	0
domain	ANKHD1	2447	2440	2447	2440	1379	2542	1197	1362	3	0
domain	TFEB	55682	55680	55682	55680	287	476	189	287	1	0
domain	SBF2	48588	48600	48588	48600	1242	1881	650	1239	13	620
domain	FBXW7	21082	21085	21082	21085	592	707	141	581	6	0
domain	CHD3	9422	9420	9422	9420	1590	2114	524	1590	3	0
domain	TUBE1	58860	58861	58860	58861	208	475	269	208	3	1
domain	SYNE1	54433	54429	54433	54429	5476	8797	3321	5476	1	0
domain	ASPH	4009	4015	4009	4015	445	758	313	445	2	311
domain	PHKA2	41269	41268	41269	41268	1112	1235	123	1112	1	0
domain	ZNF566	63141	63140	63141	63140	116	418	405	66	8	0
domain	PHF20L1	41201	41196	41201	41196	858	1017	160	858	9	144
domain	ZC3H4	61583	61582	61583	61582	1004	1303	299	1004	1	0
domain	CLASP1	9916	9912	9916	9912	1294	1559	274	1291	9	0
domain	ANKRD45	2640	2641	2640	2641	148	266	121	148	6	110
domain	POMT1	42860	42854	42860	42854	520	725	205	520	1	0
domain	ABCA2	131	132	131	132	1954	2435	484	1953	6	53
domain	TAOK2	54883	54882	54883	54882	499	1235	736	499	2	0
domain	SPECC1	52755	52753	52755	52753	285	1068	783	285	1	783
domain	NEK10	36999	37001	36999	37001	921	1115	218	910	9	189
domain	MACF1	31834	31840	31834	31840	6460	7385	929	6458	3	0
domain	NCOA1	36521	36518	36521	36518	211	1441	1248	202	6	0
domain	CSNK1D	11606	11608	11606	11608	154	415	274	148	4	0
domain	RPTOR	47909	47908	47909	47908	1186	1105	379	956	2	0
domain	BMAL2	5627	5625	5627	5625	527	599	95	520	11	10
domain	MACF1	31834	31838	31834	31838	5263	7385	2187	5234	27	1
domain	SNX14	52294	52279	52294	52279	463	946	483	463	1	483
domain	PRAG1	43481	43482	43481	43482	690	1406	765	667	10	721
domain	RBCK1	45886	45876	45886	45876	418	510	133	402	11	0
domain	PTPN20	44630	44633	44630	44633	236	339	145	215	8	113
domain	STAT2	53702	53695	53702	53695	323	851	528	323	1	0
domain	UNC5C	59601	59600	59601	59600	671	931	260	671	2	258
domain	SLC25A48	50688	50687	50688	50687	385	311	165	272	28	1
domain	PA2G4	39527	39529	39527	39529	428	394	110	356	7	0
domain	DNAJC21	14124	14125	14124	14125	415	618	203	415	1	0
domain	TRPV2	58232	58231	58232	58231	670	764	94	670	1	0
domain	DROSHA	14645	14649	14645	14649	505	1374	880	503	9	858
domain	ANKZF1	2723	2717	2723	2717	384	726	361	375	9	0
domain	MIB2	33760	33769	33760	33769	903	999	96	903	1	0
domain	SLTM	51435	51437	51435	51437	431	1034	603	431	1	0
domain	MACF1	31834	31855	31834	31855	7289	7385	122	7280	11	0
domain	N4BP2	35937	35934	35937	35934	1078	1770	718	1067	9	1
domain	COL15A1	10673	10675	10673	10675	1170	1388	218	1170	2	216
domain	PRKG2	43783	43782	43783	43782	300	762	462	300	1	462
domain	APOLD1	3086	3085	3085	3086	610	455	248	412	26	1
domain	RSF1	47997	47996	47997	47996	739	1441	702	739	2	0
domain	BOC	5706	5704	5706	5704	1249	1115	221	1077	21	0
domain	ARPC1B	3774	3769	3774	3769	300	372	108	285	6	0
domain	ABCB8	191	190	191	190	300	718	431	297	11	405
domain	RALGPS1	45527	45531	45527	45531	348	557	213	348	5	204
domain	KMT2C	29148	29150	29148	29150	3457	4911	1499	3443	31	0
domain	NSMCE2	38398	38397	38398	38397	150	247	103	149	9	88
domain	FCHSD2	21135	21130	21135	21130	619	740	121	619	4	0
domain	FNBP4	21714	21715	21714	21715	897	1017	163	878	14	0
domain	TTC1	58527	58524	58527	58524	110	292	183	110	3	180
domain	ABLIM2	383	384	383	384	444	627	236	421	18	0
domain	ANKRD36C	2611	2610	2611	2610	1774	2119	353	1774	5	0
domain	ADGRV1	1271	1275	1271	1275	5486	6306	827	5484	11	0
domain	NPHP3	37960	37955	37960	37955	758	1330	572	758	1	0
domain	FLRT2	21607	21603	21607	21603	683	660	102	628	23	0
domain	UBE3A	59314	59325	59314	59325	750	872	135	746	10	1
domain	MACF1	31834	31852	31834	31852	5255	7385	2146	5250	6	1
domain	KDM5B	28462	28470	28462	28470	1252	1544	314	1243	9	0
domain	USP13	59769	59771	59769	59771	658	863	205	658	1	0
domain	DEPDC5	13240	13241	13240	13241	429	1603	1198	421	12	1161
domain	IMPDH2	26989	26991	26989	26991	337	514	180	337	4	1
domain	CHD2	9413	9409	9413	9409	1403	1828	425	1403	4	148
domain	APBB3	3005	3007	3005	3007	223	486	263	223	1	0
domain	SRSF10	53282	53283	53282	53283	312	262	114	238	18	1
domain	MCL1	32964	32963	32964	32963	226	350	124	226	5	0
domain	DMTF1	13923	13919	13923	13919	357	760	442	340	6	1
domain	PCDHGA3	40244	40246	40244	40246	240	932	692	240	1	0
domain	PLA2R1	41853	41852	41853	41852	1295	1463	184	1289	9	164
domain	SETD5	49543	49546	49543	49546	1040	1442	440	1021	3	0
domain	HDAC9	25006	25002	25006	25002	571	1069	506	571	9	179
domain	CDK13	8526	8521	8526	8521	1009	1512	503	1009	2	0
domain	ZNF302	62581	62575	62581	62575	98	399	301	98	1	0
domain	SYNE1	54433	54409	54433	54409	8328	8797	494	8317	18	103
domain	ABCC8	256	231	256	231	1136	1581	445	1136	3	273
domain	DMD	13859	13891	13859	13891	2410	3685	1282	2410	8	1262
domain	ATF2	4124	4125	4124	4125	296	505	209	296	1	209
domain	DDX27	12960	12961	12960	12961	513	765	252	513	2	0
domain	GULP1	24585	24581	24585	24581	228	304	142	197	7	0
domain	SMARCE1	51592	51591	51592	51591	230	411	181	230	4	1
domain	ARHGAP1	3255	3256	3255	3256	333	439	106	333	1	106
domain	DHX57	13490	13487	13490	13487	749	1386	658	739	7	635
domain	ZNF276	62502	62498	62502	62498	421	614	194	421	3	1
domain	MYO9A	35830	35837	35830	35837	1347	2548	1343	1276	2	0
domain	ATP13A2	4355	4356	4355	4356	861	1180	446	803	15	0
domain	ZNF665	63400	63401	63400	63401	746	678	135	650	19	2
domain	RAB10	45061	45060	45061	45060	108	200	92	108	1	1
domain	PREPL	43600	43594	43600	43594	474	638	342	385	2	0
domain	MYO16	35738	35737	35738	35737	1536	1880	344	1536	2	0
domain	WRNIP1	60989	60988	60989	60988	384	665	281	384	1	0
domain	SAFB	48380	48377	48380	48377	191	917	759	176	6	1
domain	HACE1	24714	24709	24714	24709	349	909	562	349	7	1
domain	SORBS2	52470	52474	52470	52474	1175	1300	414	1034	15	1
domain	PEG3	40849	40839	40849	40839	128	1588	1464	126	3	0
domain	NEDD4L	36938	36948	36938	36948	515	955	440	515	1	0
domain	ZFPM2	61920	61919	61920	61919	961	1151	190	961	8	178
domain	NHLRC3	37363	37361	37363	37361	256	347	139	235	9	1
domain	PLEKHA5	42036	42051	42036	42051	126	1282	1156	126	3	0
domain	FBXO11	20947	20949	20947	20949	813	927	114	813	1	0
domain	ATF6B	4142	4146	4142	4146	494	703	252	475	11	0
domain	CNTN5	10522	10517	10522	10517	918	911	371	729	2	0
domain	ANKHD1	2447	2446	2447	2446	1591	2542	985	1574	4	0
domain	JARID2	27760	27759	27760	27759	1119	1246	132	1119	14	108
domain	P4HB	39520	39492	39520	39492	597	508	254	435	22	0
domain	PABPC4	39562	39569	39562	39569	421	660	267	409	3	1
domain	SF1	49606	49607	49606	49607	422	548	126	422	2	0
domain	ADGRV1	1271	1263	1271	1263	5889	6306	417	5889	3	414
domain	FANCM	20757	20752	20757	20752	400	2048	1658	395	2	0
domain	ST6GALNAC5	53522	53520	53522	53520	251	336	105	242	6	87
domain	TTC3	58627	58640	58627	58640	1406	2025	624	1404	8	0
domain	EZH2	20036	20038	20036	20038	363	707	422	328	15	73
domain	ARRDC1	3816	3815	3816	3815	168	433	317	146	16	1
domain	RBM25	46001	45998	46001	45998	205	843	638	205	1	0
domain	FCHSD2	21135	21134	21135	21134	226	740	530	219	8	1
domain	KMT2C	29148	29158	29148	29158	3910	4911	1001	3910	1	0
domain	CDKL3	8625	8626	8625	8626	498	455	363	295	2	0
domain	FBXO9	21053	21054	21053	21054	298	437	139	298	1	0
domain	NRXN1	38285	38294	38285	38294	1217	1507	290	1217	7	278
domain	RABGGTA	45307	45309	45307	45309	149	567	424	148	5	413
domain	PRDM2	43538	43536	43538	43536	1545	1718	173	1545	2	171
domain	LAMA2	29460	29462	29460	29462	2605	3210	605	2605	6	594
domain	ITGB1	27530	27536	27530	27536	420	798	380	419	3	376
domain	ERCC6	19505	19504	19505	19504	1017	1493	481	1017	7	466
domain	DNMBP	14267	14266	14267	14266	740	1577	865	732	12	1
domain	EPB41L1	19198	19196	19198	19196	692	881	189	692	1	189
domain	ARHGEF28	3453	3457	3453	3457	1575	1705	131	1575	3	0
domain	IFT80	26680	26682	26680	26682	317	777	460	317	1	0
domain	TRIM27	57918	57919	57918	57919	156	513	358	156	4	353
domain	KMT2C	29148	29165	29148	29165	3849	4911	1069	3847	9	0
domain	SASH1	48516	48515	48516	48515	998	1247	249	998	4	243
domain	WSB1	60991	60994	60991	60994	208	421	213	208	6	13
domain	DNAJC7	14180	14178	14180	14178	241	494	253	241	5	0
domain	MICAL3	33792	33789	33792	33789	2025	2002	102	1966	22	1
domain	NDUFA5	36708	36706	36706	36708	208	179	116	143	11	22
domain	ASPSCR1	4033	4029	4033	4029	294	553	470	199	27	0
domain	ZNF415	62781	62778	62778	62781	108	603	555	80	9	1
domain	LRIG2	31232	31231	31232	31231	512	1065	553	512	1	0
domain	ROBO3	47316	47312	47316	47312	1075	1386	311	1075	1	0
domain	ADAM17	940	943	940	943	570	824	254	570	3	251
domain	SYNE2	54436	54438	54436	54438	6241	6907	668	6240	3	0
domain	RNF126	47015	47014	47015	47014	333	311	179	240	19	1
domain	BCAR1	5217	5216	5217	5216	210	870	660	210	1	1
domain	TCERG1	55310	55306	55310	55306	983	1115	161	971	19	1
domain	MYH9	35679	35673	35679	35673	1609	1960	362	1605	9	338
domain	TAP2	54898	54897	54898	54897	366	686	331	362	7	315
domain	DAB2	12457	12453	12457	12453	656	770	116	655	5	111
domain	CRELD1	11345	11365	11345	11365	114	420	363	92	20	304
domain	BSG	5953	5956	5953	5956	209	385	176	209	1	0
domain	CACNA1D	6673	6678	6673	6678	1762	2161	399	1762	1	0
domain	ADAMTS16	1020	1023	1020	1023	917	1224	387	881	14	322
domain	LLGL2	30975	30976	30975	30976	465	1020	578	457	8	0
domain	MAP3K7	32323	32326	32323	32326	346	606	260	346	2	0
domain	LRRC37A2	31365	31362	31365	31362	1023	1700	677	1023	1	0
domain	ANKHD1	2447	2449	2447	2449	1574	2542	968	1574	2	0
domain	SH3TC2	49952	49950	49952	49950	1061	1288	227	1061	2	225
domain	CLASP1	9916	9917	9916	9917	358	1559	1263	327	5	0
domain	ZNF181	62282	62280	62282	62280	461	571	110	461	2	72
domain	SBF1	48578	48574	48578	48574	1446	1888	583	1394	54	2
domain	FANCM	20757	20749	20757	20749	663	2048	1385	663	2	0
domain	DOCK4	14340	14335	14340	14335	1696	1975	279	1696	6	1
domain	STAT5B	53747	53741	53747	53741	388	787	436	374	9	1
domain	TNS1	57251	57253	57251	57253	159	1860	1727	146	2	0
domain	TBCB	55132	55133	55132	55133	159	244	129	141	11	87
domain	ARHGAP17	3275	3278	3275	3278	481	881	414	478	12	1
domain	PALS2	39726	39727	39726	39727	323	540	217	323	1	217
domain	CNTRL	10568	10565	10565	10568	1179	1773	1700	627	3	0
domain	ALS2	2080	2085	2080	2085	868	1657	812	860	9	784
domain	MLH1	34238	34240	34238	34240	480	756	276	480	1	0
domain	ZBTB24	61445	61446	61445	61446	294	697	405	294	2	402
domain	ZNF687	63453	63451	63453	63451	643	1237	691	600	15	0
domain	SALL3	48397	48396	48397	48396	890	1300	484	858	11	0
domain	RASGRP1	45778	45779	45778	45779	557	797	249	553	11	1
domain	CEP350	8963	8967	8963	8967	1846	3117	1369	1803	17	1
domain	MYCBP2	35597	35592	35597	35592	4528	4678	153	4528	13	0
domain	FANCM	20757	20754	20757	20754	662	2048	1386	662	3	1
domain	WBP2	60644	60641	60644	60641	253	261	163	181	9	0
domain	PLEKHA5	42036	42048	42036	42048	772	1282	520	769	8	0
domain	BRWD3	5918	5917	5918	5917	1104	1802	699	1104	3	0
domain	SEMA4C	49231	49230	49231	49230	500	833	333	500	1	0
domain	SETMAR	49593	49589	49593	49589	322	684	362	322	1	0
domain	ZNF783	63649	63647	63649	63647	639	546	258	477	40	0
domain	NPHP3	37960	37958	37960	37958	787	1330	543	787	1	0
domain	SLC27A1	50726	50724	50726	50724	532	646	225	481	15	0
domain	EZH2	20036	20030	20036	20030	503	707	204	503	1	204
domain	RASIP1	45793	45795	45793	45795	739	963	224	739	1	0
domain	RPS6KB1	47853	47854	47853	47854	329	525	196	329	2	195
domain	EGLN3	15389	15388	15388	15389	232	257	239	127	10	0
domain	PHC3	41154	41155	41154	41155	850	995	151	847	6	138
domain	DPP9	14569	14565	14569	14565	379	892	518	379	7	505
domain	EIF4G1	15672	15665	15672	15665	768	1599	833	767	2	696
domain	NID2	37388	37389	37388	37389	1043	1375	345	1038	10	1
domain	STARD9	53663	53666	53663	53666	4552	4700	148	4552	3	78
domain	SMARCA2	51501	51499	51501	51499	1354	1590	236	1354	2	0
domain	NPAS2	37898	37894	37898	37894	605	824	219	605	2	1
domain	VRK1	60441	60439	60441	60439	271	396	125	271	2	124
domain	RGS12	46541	46539	46541	46539	801	1447	646	801	1	0
domain	ERCC8	19547	19553	19547	19553	639	396	284	378	12	1
domain	KDM6A	28498	28502	28498	28502	391	1453	1067	391	6	397
domain	EGLN1	15382	15378	15382	15378	327	426	146	306	10	0
domain	PDZRN3	40798	40801	40798	40801	576	1066	492	576	3	1
domain	SMAD4	51468	51469	51468	51469	397	552	163	395	5	0
domain	PRKG1	43775	43774	43775	43774	528	671	287	466	35	1
domain	ARHGEF2	3434	3437	3434	3437	772	986	214	772	2	0
domain	BRWD1	5909	5914	5909	5914	1471	2269	890	1427	8	0
domain	HNRNPUL1	25828	25824	25828	25824	678	856	295	622	12	215
domain	POMT1	42860	42866	42860	42866	520	725	205	520	1	0
domain	KLHL29	29067	29068	29067	29068	441	875	434	441	1	0
domain	UBE2F	59244	59248	59244	59248	116	185	102	103	9	71
domain	PPIG	43080	43079	43080	43079	286	754	468	286	1	0
domain	RAPGEF5	45658	45660	45658	45660	856	883	104	822	20	1
domain	TAF5L	54747	54746	54747	54746	264	589	325	264	2	324
domain	ZSCAN32	63923	63927	63923	63927	289	697	408	289	1	0
domain	FAXDC2	20854	20855	20854	20855	237	333	155	208	2	123
domain	ERAL1	19398	19396	19398	19396	193	437	244	193	1	0
domain	PRDM2	43538	43539	43538	43539	1528	1718	226	1515	19	170
domain	RASGRP1	45778	45773	45778	45773	232	797	565	232	3	561
domain	IKZF2	26799	26801	26799	26801	385	526	141	385	4	136
domain	TRIM2	57885	57860	57885	57860	278	797	519	278	5	0
domain	ERCC6	19505	19512	19505	19512	970	1493	527	970	7	510
domain	RNF170	47105	47104	47105	47104	121	258	162	115	13	1
domain	RBFOX3	45939	45932	45939	45932	411	359	93	341	11	0
domain	AHI1	1608	1577	1608	1577	138	1196	1064	137	4	1055
domain	SMARCA2	51501	51497	51501	51497	1312	1590	279	1312	9	264
domain	AKT3	1844	1842	1844	1842	240	479	247	237	8	232
domain	ATAD1	4072	4077	4072	4077	227	361	138	226	7	128
domain	ITGB3	27555	27554	27555	27554	213	788	588	209	10	564
domain	RAPGEF5	45658	45663	45658	45663	849	883	124	812	28	1
domain	ZNF846	63750	63749	63750	63749	129	533	404	129	1	0
domain	ITGA4	27488	27487	27488	27487	918	1032	159	899	18	107
domain	DENND4C	13195	13194	13195	13194	1288	1958	670	1288	1	0
domain	EYA2	20007	20006	20007	20006	271	538	355	230	9	296
domain	MICAL2	33785	33783	33785	33783	1655	1124	695	1053	44	0
domain	LAMA2	29460	29459	29460	29459	2302	3210	951	2283	8	1
domain	ABCC8	256	242	256	242	1031	1581	561	1027	8	543
domain	ERBIN	19434	19424	19434	19424	1238	1419	181	1238	2	0
domain	NUDCD1	38625	38623	38625	38623	413	583	236	380	6	1
domain	KRIT1	29328	29336	29328	29336	466	736	271	466	6	0
domain	PRKCG	43731	43730	43731	43730	106	697	592	106	3	588
domain	COMMD3	10782	10781	10782	10781	90	195	105	90	3	0
domain	MYH14	35662	35658	35662	35658	1690	2036	346	1690	1	0
domain	MKRN3	34211	34208	34211	34208	222	507	301	220	7	279
domain	ANKRD18A	2525	2521	2525	2521	1057	992	205	930	39	1
domain	DNAJC13	14088	14090	14088	14090	1497	2243	747	1497	7	736
domain	CRACR2A	11248	11250	11248	11250	867	731	179	711	11	0
domain	DPP6	14543	14539	14543	14539	936	803	281	744	38	1
domain	SGK1	49762	49758	49762	49758	570	526	97	503	17	1
domain	DMD	13859	13884	13859	13884	3345	3685	340	3345	5	1
domain	FBN1	20889	20882	20889	20882	2346	2871	525	2346	1	0
domain	PTPRC	44670	44668	44670	44668	1139	1306	167	1139	1	0
domain	GRHPR	24113	24112	24113	24112	358	328	203	248	25	1
domain	RALYL	45541	45546	45541	45546	150	291	154	147	12	2
domain	SEPTIN7	49372	49378	49372	49378	358	437	102	349	5	0
domain	CBFA2T2	7360	7362	7360	7362	384	595	211	384	2	0
domain	SPTB	53054	53055	53054	53055	2120	2137	148	2065	43	1
domain	POGZ	42549	42547	42549	42547	1054	1417	363	1054	5	0
domain	CTTN	12027	12030	12030	12027	173	634	550	129	6	265
domain	DGKA	13315	13317	13315	13317	622	735	215	583	30	1
domain	ZCCHC8	61650	61652	61650	61652	238	707	469	238	1	0
domain	ASCC1	3936	3937	3936	3937	134	357	275	113	9	0
domain	PXN	44936	44937	44936	44937	805	1081	311	791	15	0
domain	ADGRD1	1204	1206	1204	1206	515	633	130	513	10	104
domain	BSG	5953	5950	5953	5950	209	385	176	209	1	0
domain	ARAP2	3172	3174	3172	3174	887	1704	817	887	3	814
domain	TYK2	59061	59063	59061	59063	832	1187	367	827	14	337
