gene	cluster	layer	sample	condition	ct_counts	ad_counts	total	frac_ct
ZNF736	1	L2/3	SMC030	CT	26	0	26	1.0
ZNF736	1	L2/3	SMC053	CT	8	0	8	1.0
ZNF736	1	L2/3	SMC052	CT	51	0	51	1.0
ZNF736	1	L2/3	SMC035	CT	0	0	0	
ZNF736	1	L2/3	PO11	AD	0	0	0	
ZNF736	1	L2/3	SMC049	AD	0	5	5	0.0
ZNF736	1	L2/3	SMC038	AD	0	0	0	
ZNF736	1	L2/3	SMC027	CT	0	0	0	
ZNF736	1	L2/3	SMC032	AD	0	0	0	
ZNF736	1	L2/3	PO42	AD	0	0	0	
ZNF736	1	L2/3	PO20	CT	0	0	0	
ZNF736	1	L2/3	PO23	CT	0	1	1	0.0
ZNF736	1	L2/3	SMC033	CT	1	0	1	1.0
ZNF736	1	L2/3	PO05	AD	0	0	0	
ZNF736	1	L2/3	PO15	CT	0	0	0	
ZNF736	1	L2/3	SMC041	AD	0	0	0	
ZNF736	1	L2/3	SMC029	AD	0	0	0	
ZNF736	1	L2/3	SMC043	AD	0	0	0	
ZNF736	1	L2/3	PO13	CT	0	0	0	
ZNF736	1	L2/3	SMC031	CT	1	0	1	1.0
ZNF736	1	L2/3	SMC036	AD	0	0	0	
ZNF736	1	L2/3	SMC037	CT	0	0	0	
ZNF736	1	L2/3	PO41	AD	0	0	0	
ZNF736	1	L2/3	PO28	AD	0	0	0	
ZNF736	1	L2/3	SMC039	AD	0	0	0	
ZNF736	2	L2/3	PO23	CT	0	0	0	
ZNF736	2	L2/3	PO11	AD	0	0	0	
ZNF736	2	L2/3	SMC033	CT	0	0	0	
ZNF736	2	L2/3	SMC053	CT	7	12	19	0.3684210526315789
ZNF736	2	L2/3	SMC052	CT	7	1	8	0.875
ZNF736	2	L2/3	SMC038	AD	8	0	8	1.0
ZNF736	2	L2/3	SMC049	AD	0	0	0	
ZNF736	2	L2/3	PO20	CT	0	0	0	
ZNF736	2	L2/3	PO42	AD	0	0	0	
ZNF736	2	L2/3	PO28	AD	0	1	1	0.0
ZNF736	2	L2/3	PO15	CT	0	0	0	
ZNF736	2	L2/3	PO05	AD	0	0	0	
ZNF736	2	L2/3	SMC030	CT	0	0	0	
ZNF736	2	L2/3	SMC032	AD	0	0	0	
ZNF736	2	L2/3	SMC035	CT	19	0	19	1.0
ZNF736	2	L2/3	SMC036	AD	0	0	0	
ZNF736	2	L2/3	PO13	CT	0	0	0	
ZNF736	2	L2/3	PO41	AD	0	22	22	0.0
ZNF736	2	L2/3	SMC037	CT	0	1	1	0.0
ZNF736	2	L2/3	SMC041	AD	0	0	0	
ZNF736	2	L2/3	SMC031	CT	0	0	0	
ZNF736	2	L2/3	SMC039	AD	0	0	0	
ZNF736	2	L2/3	SMC029	AD	0	0	0	
ZNF736	2	L2/3	SMC027	CT	0	0	0	
ZNF736	2	L2/3	SMC043	AD	0	0	0	
ZNF736	10	L4	SMC035	CT	0	0	0	
ZNF736	10	L4	SMC053	CT	0	0	0	
ZNF736	10	L4	PO41	AD	0	0	0	
ZNF736	10	L4	SMC037	CT	0	0	0	
ZNF736	10	L4	PO28	AD	0	0	0	
ZNF736	10	L4	SMC030	CT	0	0	0	
ZNF736	10	L4	SMC033	CT	0	0	0	
ZNF736	10	L4	SMC049	AD	1	0	1	1.0
ZNF736	10	L4	PO23	CT	0	0	0	
ZNF736	10	L4	SMC038	AD	0	33	33	0.0
ZNF736	10	L4	SMC032	AD	0	0	0	
ZNF736	10	L4	PO11	AD	0	0	0	
ZNF736	10	L4	PO15	CT	0	0	0	
ZNF736	10	L4	SMC052	CT	1	0	1	1.0
ZNF736	10	L4	SMC027	CT	0	0	0	
ZNF736	10	L4	PO05	AD	0	0	0	
ZNF736	10	L4	SMC041	AD	0	0	0	
ZNF736	10	L4	PO13	CT	0	0	0	
ZNF736	10	L4	PO20	CT	0	0	0	
ZNF736	10	L4	PO42	AD	0	0	0	
ZNF736	10	L4	SMC029	AD	0	0	0	
ZNF736	10	L4	SMC039	AD	0	0	0	
ZNF736	10	L4	SMC031	CT	0	0	0	
ZNF736	10	L4	SMC043	AD	0	0	0	
ZNF736	10	L4	SMC036	AD	0	0	0	
ZNF736	11	L4	PO28	AD	0	0	0	
ZNF736	11	L4	PO20	CT	0	0	0	
ZNF736	11	L4	SMC049	AD	0	0	0	
ZNF736	11	L4	SMC035	CT	0	0	0	
ZNF736	11	L4	SMC053	CT	0	0	0	
ZNF736	11	L4	PO42	AD	0	0	0	
ZNF736	11	L4	SMC033	CT	3	0	3	1.0
ZNF736	11	L4	PO05	AD	0	0	0	
ZNF736	11	L4	PO15	CT	0	0	0	
ZNF736	11	L4	PO41	AD	0	1	1	0.0
ZNF736	11	L4	PO23	CT	0	0	0	
ZNF736	11	L4	PO11	AD	0	0	0	
ZNF736	11	L4	SMC041	AD	0	0	0	
ZNF736	11	L4	SMC052	CT	0	0	0	
ZNF736	11	L4	SMC037	CT	0	0	0	
ZNF736	11	L4	SMC039	AD	0	0	0	
ZNF736	11	L4	SMC030	CT	0	0	0	
ZNF736	11	L4	SMC032	AD	0	0	0	
ZNF736	11	L4	SMC038	AD	0	1	1	0.0
ZNF736	11	L4	PO13	CT	0	0	0	
ZNF736	11	L4	SMC031	CT	0	0	0	
ZNF736	11	L4	SMC029	AD	0	0	0	
ZNF736	11	L4	SMC043	AD	0	0	0	
ZNF736	11	L4	SMC027	CT	0	0	0	
ZNF736	11	L4	SMC036	AD	0	0	0	
ZNF736	18	L5	SMC049	AD	0	0	0	
ZNF736	18	L5	SMC041	AD	0	0	0	
ZNF736	18	L5	PO11	AD	0	0	0	
ZNF736	18	L5	SMC032	AD	0	0	0	
ZNF736	18	L5	SMC035	CT	0	0	0	
ZNF736	18	L5	SMC037	CT	7	0	7	1.0
ZNF736	18	L5	SMC052	CT	0	0	0	
ZNF736	18	L5	PO42	AD	1	0	1	1.0
ZNF736	18	L5	PO05	AD	0	0	0	
ZNF736	18	L5	SMC053	CT	0	0	0	
ZNF736	18	L5	SMC033	CT	0	0	0	
ZNF736	18	L5	PO28	AD	0	0	0	
ZNF736	18	L5	SMC039	AD	0	5	5	0.0
ZNF736	18	L5	SMC030	CT	3	0	3	1.0
ZNF736	18	L5	PO23	CT	0	0	0	
ZNF736	18	L5	PO15	CT	0	0	0	
ZNF736	18	L5	PO13	CT	0	0	0	
ZNF736	18	L5	SMC038	AD	0	0	0	
ZNF736	18	L5	PO41	AD	0	0	0	
ZNF736	18	L5	SMC029	AD	0	0	0	
ZNF736	18	L5	PO20	CT	0	0	0	
ZNF736	18	L5	SMC031	CT	0	0	0	
ZNF736	18	L5	SMC043	AD	0	0	0	
ZNF736	18	L5	SMC036	AD	0	0	0	
ZNF736	19	L5	SMC035	CT	0	0	0	
ZNF736	19	L5	SMC052	CT	0	0	0	
ZNF736	19	L5	SMC031	CT	0	0	0	
ZNF736	19	L5	SMC033	CT	0	0	0	
ZNF736	19	L5	PO20	CT	0	0	0	
ZNF736	19	L5	SMC053	CT	0	0	0	
ZNF736	19	L5	PO28	AD	0	0	0	
ZNF736	19	L5	PO23	CT	0	0	0	
ZNF736	19	L5	PO42	AD	0	0	0	
ZNF736	19	L5	PO05	AD	0	0	0	
ZNF736	19	L5	PO15	CT	0	0	0	
ZNF736	19	L5	PO13	CT	0	0	0	
ZNF736	19	L5	PO11	AD	0	0	0	
ZNF736	19	L5	SMC049	AD	0	0	0	
ZNF736	19	L5	SMC030	CT	0	0	0	
ZNF736	19	L5	SMC036	AD	0	0	0	
ZNF736	19	L5	PO41	AD	0	1	1	0.0
ZNF736	19	L5	SMC037	CT	0	0	0	
ZNF736	19	L5	SMC041	AD	0	0	0	
ZNF736	19	L5	SMC032	AD	0	0	0	
ZNF736	19	L5	SMC038	AD	0	0	0	
ZNF736	19	L5	SMC039	AD	0	0	0	
ZNF736	19	L5	SMC027	CT	0	0	0	
ZNF736	19	L5	SMC043	AD	0	0	0	
ZNF736	20	L6	PO11	AD	0	0	0	
ZNF736	20	L6	PO05	AD	0	0	0	
ZNF736	20	L6	PO20	CT	0	0	0	
ZNF736	20	L6	SMC053	CT	0	0	0	
ZNF736	20	L6	PO41	AD	8	6	14	0.5714285714285714
ZNF736	20	L6	PO23	CT	7	0	7	1.0
ZNF736	20	L6	SMC033	CT	0	0	0	
ZNF736	20	L6	SMC036	AD	0	0	0	
ZNF736	20	L6	SMC038	AD	0	0	0	
ZNF736	20	L6	SMC037	CT	0	0	0	
ZNF736	20	L6	PO28	AD	0	0	0	
ZNF736	20	L6	SMC052	CT	0	0	0	
ZNF736	20	L6	SMC035	CT	0	0	0	
ZNF736	20	L6	SMC049	AD	0	0	0	
ZNF736	20	L6	PO42	AD	0	0	0	
ZNF736	20	L6	PO13	CT	0	0	0	
ZNF736	20	L6	SMC030	CT	0	0	0	
ZNF736	20	L6	PO15	CT	0	0	0	
ZNF736	20	L6	SMC041	AD	0	0	0	
ZNF736	20	L6	SMC032	AD	0	0	0	
ZNF736	20	L6	SMC027	CT	0	0	0	
ZNF736	25	L6	SMC037	CT	0	0	0	
ZNF736	25	L6	PO28	AD	0	0	0	
ZNF736	25	L6	SMC035	CT	0	0	0	
ZNF736	25	L6	SMC053	CT	0	0	0	
ZNF736	25	L6	SMC049	AD	0	0	0	
ZNF736	25	L6	PO42	AD	0	0	0	
ZNF736	25	L6	PO20	CT	0	0	0	
ZNF736	25	L6	SMC030	CT	0	0	0	
ZNF736	25	L6	SMC033	CT	0	0	0	
ZNF736	25	L6	SMC052	CT	0	0	0	
ZNF736	25	L6	PO13	CT	0	0	0	
ZNF736	25	L6	PO41	AD	0	0	0	
ZNF736	25	L6	SMC038	AD	0	37	37	0.0
ZNF736	25	L6	PO23	CT	0	0	0	
ZNF736	25	L6	PO11	AD	0	0	0	
ZNF736	25	L6	SMC029	AD	0	0	0	
ZNF736	25	L6	PO05	AD	0	0	0	
ZNF736	25	L6	SMC041	AD	0	0	0	
ZNF736	25	L6	PO15	CT	0	0	0	
ZNF736	25	L6	SMC032	AD	0	0	0	
ZNF736	25	L6	SMC039	AD	0	0	0	
ZNF736	25	L6	SMC031	CT	0	0	0	
ZNF736	26	L5	SMC053	CT	0	0	0	
ZNF736	26	L5	SMC030	CT	0	0	0	
ZNF736	26	L5	PO28	AD	0	0	0	
ZNF736	26	L5	SMC049	AD	0	0	0	
ZNF736	26	L5	SMC035	CT	0	0	0	
ZNF736	26	L5	PO11	AD	0	0	0	
ZNF736	26	L5	SMC033	CT	0	0	0	
ZNF736	26	L5	PO20	CT	0	0	0	
ZNF736	26	L5	SMC037	CT	0	0	0	
ZNF736	26	L5	SMC041	AD	0	0	0	
ZNF736	26	L5	SMC039	AD	0	0	0	
ZNF736	26	L5	PO41	AD	0	0	0	
ZNF736	26	L5	PO23	CT	0	0	0	
ZNF736	26	L5	SMC052	CT	0	0	0	
ZNF736	26	L5	SMC038	AD	0	0	0	
ZNF736	26	L5	SMC029	AD	0	0	0	
ZNF736	26	L5	PO05	AD	0	0	0	
ZNF736	26	L5	PO15	CT	0	0	0	
ZNF736	26	L5	SMC032	AD	0	0	0	
ZNF736	26	L5	PO13	CT	0	0	0	
ZNF736	26	L5	PO42	AD	0	0	0	
ZNF736	26	L5	SMC036	AD	0	0	0	
ZNF736	26	L5	SMC027	CT	0	0	0	
ZNF736	27	L2/3	SMC035	CT	0	0	0	
ZNF736	27	L2/3	SMC053	CT	0	0	0	
ZNF736	27	L2/3	SMC052	CT	0	0	0	
ZNF736	27	L2/3	SMC049	AD	0	0	0	
ZNF736	27	L2/3	SMC037	CT	0	0	0	
ZNF736	27	L2/3	SMC033	CT	0	0	0	
ZNF736	27	L2/3	PO41	AD	0	0	0	
ZNF736	27	L2/3	PO28	AD	0	0	0	
ZNF736	27	L2/3	PO20	CT	1	0	1	1.0
ZNF736	27	L2/3	PO13	CT	0	0	0	
ZNF736	27	L2/3	PO23	CT	0	0	0	
ZNF736	27	L2/3	PO05	AD	0	0	0	
ZNF736	27	L2/3	SMC038	AD	0	0	0	
ZNF736	27	L2/3	PO11	AD	0	0	0	
ZNF736	27	L2/3	SMC039	AD	0	0	0	
ZNF736	27	L2/3	PO42	AD	0	0	0	
ZNF736	27	L2/3	SMC030	CT	2	0	2	1.0
ZNF736	27	L2/3	SMC041	AD	0	0	0	
ZNF736	27	L2/3	SMC032	AD	0	0	0	
ZNF736	27	L2/3	SMC031	CT	0	0	0	
ZNF736	27	L2/3	SMC029	AD	0	0	0	
ZNF736	27	L2/3	PO15	CT	0	0	0	
ZNF736	27	L2/3	SMC027	CT	0	0	0	
ZNF582	1	L2/3	SMC030	CT	12	27	39	0.3076923076923077
ZNF582	1	L2/3	SMC053	CT	0	3	3	0.0
ZNF582	1	L2/3	SMC052	CT	0	0	0	
ZNF582	1	L2/3	SMC035	CT	0	8	8	0.0
ZNF582	1	L2/3	PO11	AD	0	0	0	
ZNF582	1	L2/3	SMC049	AD	0	38	38	0.0
ZNF582	1	L2/3	SMC038	AD	9	2	11	0.8181818181818182
ZNF582	1	L2/3	SMC027	CT	0	0	0	
ZNF582	1	L2/3	SMC032	AD	0	0	0	
ZNF582	1	L2/3	PO42	AD	0	0	0	
ZNF582	1	L2/3	PO20	CT	0	0	0	
ZNF582	1	L2/3	PO23	CT	0	0	0	
ZNF582	1	L2/3	SMC033	CT	0	0	0	
ZNF582	1	L2/3	PO05	AD	0	1	1	0.0
ZNF582	1	L2/3	PO15	CT	6	0	6	1.0
ZNF582	1	L2/3	SMC041	AD	0	0	0	
ZNF582	1	L2/3	SMC029	AD	0	0	0	
ZNF582	1	L2/3	SMC043	AD	0	0	0	
ZNF582	1	L2/3	PO13	CT	0	0	0	
ZNF582	1	L2/3	SMC031	CT	29	0	29	1.0
ZNF582	1	L2/3	SMC036	AD	0	0	0	
ZNF582	1	L2/3	SMC037	CT	0	0	0	
ZNF582	1	L2/3	PO41	AD	0	0	0	
ZNF582	1	L2/3	PO28	AD	0	0	0	
ZNF582	1	L2/3	SMC039	AD	0	0	0	
ZNF582	2	L2/3	PO23	CT	0	1	1	0.0
ZNF582	2	L2/3	PO11	AD	0	0	0	
ZNF582	2	L2/3	SMC033	CT	0	0	0	
ZNF582	2	L2/3	SMC053	CT	1	2	3	0.3333333333333333
ZNF582	2	L2/3	SMC052	CT	4	0	4	1.0
ZNF582	2	L2/3	SMC038	AD	0	0	0	
ZNF582	2	L2/3	SMC049	AD	6	2	8	0.75
ZNF582	2	L2/3	PO20	CT	0	0	0	
ZNF582	2	L2/3	PO42	AD	0	0	0	
ZNF582	2	L2/3	PO28	AD	0	1	1	0.0
ZNF582	2	L2/3	PO15	CT	3	6	9	0.3333333333333333
ZNF582	2	L2/3	PO05	AD	0	9	9	0.0
ZNF582	2	L2/3	SMC030	CT	0	0	0	
ZNF582	2	L2/3	SMC032	AD	0	0	0	
ZNF582	2	L2/3	SMC035	CT	0	7	7	0.0
ZNF582	2	L2/3	SMC036	AD	0	0	0	
ZNF582	2	L2/3	PO13	CT	0	0	0	
ZNF582	2	L2/3	PO41	AD	0	7	7	0.0
ZNF582	2	L2/3	SMC037	CT	0	0	0	
ZNF582	2	L2/3	SMC041	AD	0	0	0	
ZNF582	2	L2/3	SMC031	CT	0	0	0	
ZNF582	2	L2/3	SMC039	AD	0	0	0	
ZNF582	2	L2/3	SMC029	AD	0	0	0	
ZNF582	2	L2/3	SMC027	CT	0	0	0	
ZNF582	2	L2/3	SMC043	AD	0	0	0	
ZNF582	10	L4	SMC035	CT	0	1	1	0.0
ZNF582	10	L4	SMC053	CT	0	0	0	
ZNF582	10	L4	PO41	AD	0	0	0	
ZNF582	10	L4	SMC037	CT	0	0	0	
ZNF582	10	L4	PO28	AD	0	1	1	0.0
ZNF582	10	L4	SMC030	CT	0	0	0	
ZNF582	10	L4	SMC033	CT	0	0	0	
ZNF582	10	L4	SMC049	AD	0	12	12	0.0
ZNF582	10	L4	PO23	CT	0	0	0	
ZNF582	10	L4	SMC038	AD	0	0	0	
ZNF582	10	L4	SMC032	AD	0	0	0	
ZNF582	10	L4	PO11	AD	0	3	3	0.0
ZNF582	10	L4	PO15	CT	0	0	0	
ZNF582	10	L4	SMC052	CT	0	0	0	
ZNF582	10	L4	SMC027	CT	0	0	0	
ZNF582	10	L4	PO05	AD	0	0	0	
ZNF582	10	L4	SMC041	AD	0	0	0	
ZNF582	10	L4	PO13	CT	0	0	0	
ZNF582	10	L4	PO20	CT	0	0	0	
ZNF582	10	L4	PO42	AD	0	0	0	
ZNF582	10	L4	SMC029	AD	0	0	0	
ZNF582	10	L4	SMC039	AD	0	0	0	
ZNF582	10	L4	SMC031	CT	0	0	0	
ZNF582	10	L4	SMC043	AD	0	0	0	
ZNF582	10	L4	SMC036	AD	0	0	0	
ZNF582	11	L4	PO28	AD	0	1	1	0.0
ZNF582	11	L4	PO20	CT	0	0	0	
ZNF582	11	L4	SMC049	AD	0	4	4	0.0
ZNF582	11	L4	SMC035	CT	0	0	0	
ZNF582	11	L4	SMC053	CT	0	0	0	
ZNF582	11	L4	PO42	AD	0	0	0	
ZNF582	11	L4	SMC033	CT	0	3	3	0.0
ZNF582	11	L4	PO05	AD	0	14	14	0.0
ZNF582	11	L4	PO15	CT	0	0	0	
ZNF582	11	L4	PO41	AD	0	0	0	
ZNF582	11	L4	PO23	CT	0	0	0	
ZNF582	11	L4	PO11	AD	0	0	0	
ZNF582	11	L4	SMC041	AD	1	0	1	1.0
ZNF582	11	L4	SMC052	CT	0	0	0	
ZNF582	11	L4	SMC037	CT	0	0	0	
ZNF582	11	L4	SMC039	AD	0	0	0	
ZNF582	11	L4	SMC030	CT	1	0	1	1.0
ZNF582	11	L4	SMC032	AD	0	0	0	
ZNF582	11	L4	SMC038	AD	0	102	102	0.0
ZNF582	11	L4	PO13	CT	0	0	0	
ZNF582	11	L4	SMC031	CT	0	0	0	
ZNF582	11	L4	SMC029	AD	0	0	0	
ZNF582	11	L4	SMC043	AD	0	0	0	
ZNF582	11	L4	SMC027	CT	0	0	0	
ZNF582	11	L4	SMC036	AD	0	0	0	
ZNF582	18	L5	SMC049	AD	0	0	0	
ZNF582	18	L5	SMC041	AD	0	0	0	
ZNF582	18	L5	PO11	AD	0	1	1	0.0
ZNF582	18	L5	SMC032	AD	0	0	0	
ZNF582	18	L5	SMC035	CT	0	0	0	
ZNF582	18	L5	SMC037	CT	0	0	0	
ZNF582	18	L5	SMC052	CT	0	0	0	
ZNF582	18	L5	PO42	AD	0	0	0	
ZNF582	18	L5	PO05	AD	0	0	0	
ZNF582	18	L5	SMC053	CT	0	0	0	
ZNF582	18	L5	SMC033	CT	0	0	0	
ZNF582	18	L5	PO28	AD	0	1	1	0.0
ZNF582	18	L5	SMC039	AD	0	0	0	
ZNF582	18	L5	SMC030	CT	0	0	0	
ZNF582	18	L5	PO23	CT	0	0	0	
ZNF582	18	L5	PO15	CT	0	0	0	
ZNF582	18	L5	PO13	CT	0	0	0	
ZNF582	18	L5	SMC038	AD	0	0	0	
ZNF582	18	L5	PO41	AD	0	0	0	
ZNF582	18	L5	SMC029	AD	0	0	0	
ZNF582	18	L5	PO20	CT	0	0	0	
ZNF582	18	L5	SMC031	CT	0	0	0	
ZNF582	18	L5	SMC043	AD	0	0	0	
ZNF582	18	L5	SMC036	AD	0	0	0	
ZNF582	19	L5	SMC035	CT	0	0	0	
ZNF582	19	L5	SMC052	CT	0	0	0	
ZNF582	19	L5	SMC031	CT	0	0	0	
ZNF582	19	L5	SMC033	CT	0	0	0	
ZNF582	19	L5	PO20	CT	0	0	0	
ZNF582	19	L5	SMC053	CT	0	0	0	
ZNF582	19	L5	PO28	AD	0	0	0	
ZNF582	19	L5	PO23	CT	0	0	0	
ZNF582	19	L5	PO42	AD	0	0	0	
ZNF582	19	L5	PO05	AD	0	0	0	
ZNF582	19	L5	PO15	CT	0	0	0	
ZNF582	19	L5	PO13	CT	0	0	0	
ZNF582	19	L5	PO11	AD	0	0	0	
ZNF582	19	L5	SMC049	AD	0	0	0	
ZNF582	19	L5	SMC030	CT	0	0	0	
ZNF582	19	L5	SMC036	AD	0	0	0	
ZNF582	19	L5	PO41	AD	0	1	1	0.0
ZNF582	19	L5	SMC037	CT	0	0	0	
ZNF582	19	L5	SMC041	AD	0	0	0	
ZNF582	19	L5	SMC032	AD	0	0	0	
ZNF582	19	L5	SMC038	AD	0	0	0	
ZNF582	19	L5	SMC039	AD	0	0	0	
ZNF582	19	L5	SMC027	CT	0	0	0	
ZNF582	19	L5	SMC043	AD	0	0	0	
ZNF582	20	L6	PO11	AD	0	0	0	
ZNF582	20	L6	PO05	AD	0	0	0	
ZNF582	20	L6	PO20	CT	0	0	0	
ZNF582	20	L6	SMC053	CT	0	0	0	
ZNF582	20	L6	PO41	AD	0	0	0	
ZNF582	20	L6	PO23	CT	0	0	0	
ZNF582	20	L6	SMC033	CT	0	0	0	
ZNF582	20	L6	SMC036	AD	0	0	0	
ZNF582	20	L6	SMC038	AD	0	0	0	
ZNF582	20	L6	SMC037	CT	0	0	0	
ZNF582	20	L6	PO28	AD	0	0	0	
ZNF582	20	L6	SMC052	CT	0	0	0	
ZNF582	20	L6	SMC035	CT	0	0	0	
ZNF582	20	L6	SMC049	AD	0	0	0	
ZNF582	20	L6	PO42	AD	0	0	0	
ZNF582	20	L6	PO13	CT	0	0	0	
ZNF582	20	L6	SMC030	CT	10	1	11	0.9090909090909091
ZNF582	20	L6	PO15	CT	0	0	0	
ZNF582	20	L6	SMC041	AD	0	0	0	
ZNF582	20	L6	SMC032	AD	0	0	0	
ZNF582	20	L6	SMC027	CT	0	0	0	
ZNF582	25	L6	SMC037	CT	0	0	0	
ZNF582	25	L6	PO28	AD	0	0	0	
ZNF582	25	L6	SMC035	CT	0	0	0	
ZNF582	25	L6	SMC053	CT	0	0	0	
ZNF582	25	L6	SMC049	AD	0	0	0	
ZNF582	25	L6	PO42	AD	0	0	0	
ZNF582	25	L6	PO20	CT	0	0	0	
ZNF582	25	L6	SMC030	CT	0	0	0	
ZNF582	25	L6	SMC033	CT	0	0	0	
ZNF582	25	L6	SMC052	CT	0	0	0	
ZNF582	25	L6	PO13	CT	0	0	0	
ZNF582	25	L6	PO41	AD	0	0	0	
ZNF582	25	L6	SMC038	AD	0	1	1	0.0
ZNF582	25	L6	PO23	CT	0	0	0	
ZNF582	25	L6	PO11	AD	0	0	0	
ZNF582	25	L6	SMC029	AD	0	0	0	
ZNF582	25	L6	PO05	AD	0	0	0	
ZNF582	25	L6	SMC041	AD	0	0	0	
ZNF582	25	L6	PO15	CT	0	0	0	
ZNF582	25	L6	SMC032	AD	0	0	0	
ZNF582	25	L6	SMC039	AD	0	0	0	
ZNF582	25	L6	SMC031	CT	0	0	0	
ZNF582	26	L5	SMC053	CT	0	0	0	
ZNF582	26	L5	SMC030	CT	0	0	0	
ZNF582	26	L5	PO28	AD	0	0	0	
ZNF582	26	L5	SMC049	AD	0	2	2	0.0
ZNF582	26	L5	SMC035	CT	0	0	0	
ZNF582	26	L5	PO11	AD	0	0	0	
ZNF582	26	L5	SMC033	CT	0	0	0	
ZNF582	26	L5	PO20	CT	0	0	0	
ZNF582	26	L5	SMC037	CT	0	0	0	
ZNF582	26	L5	SMC041	AD	0	0	0	
ZNF582	26	L5	SMC039	AD	0	0	0	
ZNF582	26	L5	PO41	AD	0	0	0	
ZNF582	26	L5	PO23	CT	0	0	0	
ZNF582	26	L5	SMC052	CT	0	0	0	
ZNF582	26	L5	SMC038	AD	0	0	0	
ZNF582	26	L5	SMC029	AD	0	0	0	
ZNF582	26	L5	PO05	AD	0	0	0	
ZNF582	26	L5	PO15	CT	0	0	0	
ZNF582	26	L5	SMC032	AD	0	0	0	
ZNF582	26	L5	PO13	CT	0	0	0	
ZNF582	26	L5	PO42	AD	0	0	0	
ZNF582	26	L5	SMC036	AD	0	0	0	
ZNF582	26	L5	SMC027	CT	0	0	0	
ZNF582	27	L2/3	SMC035	CT	0	0	0	
ZNF582	27	L2/3	SMC053	CT	0	0	0	
ZNF582	27	L2/3	SMC052	CT	0	0	0	
ZNF582	27	L2/3	SMC049	AD	0	0	0	
ZNF582	27	L2/3	SMC037	CT	0	0	0	
ZNF582	27	L2/3	SMC033	CT	0	0	0	
ZNF582	27	L2/3	PO41	AD	0	0	0	
ZNF582	27	L2/3	PO28	AD	0	0	0	
ZNF582	27	L2/3	PO20	CT	0	0	0	
ZNF582	27	L2/3	PO13	CT	0	0	0	
ZNF582	27	L2/3	PO23	CT	0	0	0	
ZNF582	27	L2/3	PO05	AD	0	0	0	
ZNF582	27	L2/3	SMC038	AD	0	0	0	
ZNF582	27	L2/3	PO11	AD	0	0	0	
ZNF582	27	L2/3	SMC039	AD	0	0	0	
ZNF582	27	L2/3	PO42	AD	0	0	0	
ZNF582	27	L2/3	SMC030	CT	0	0	0	
ZNF582	27	L2/3	SMC041	AD	0	0	0	
ZNF582	27	L2/3	SMC032	AD	0	0	0	
ZNF582	27	L2/3	SMC031	CT	0	0	0	
ZNF582	27	L2/3	SMC029	AD	0	0	0	
ZNF582	27	L2/3	PO15	CT	0	0	0	
ZNF582	27	L2/3	SMC027	CT	0	0	0	
NDUFAF5	1	L2/3	SMC030	CT	2	0	2	1.0
NDUFAF5	1	L2/3	SMC053	CT	1	0	1	1.0
NDUFAF5	1	L2/3	SMC052	CT	0	0	0	
NDUFAF5	1	L2/3	SMC035	CT	0	0	0	
NDUFAF5	1	L2/3	PO11	AD	0	0	0	
NDUFAF5	1	L2/3	SMC049	AD	6	0	6	1.0
NDUFAF5	1	L2/3	SMC038	AD	0	0	0	
NDUFAF5	1	L2/3	SMC027	CT	0	0	0	
NDUFAF5	1	L2/3	SMC032	AD	1	0	1	1.0
NDUFAF5	1	L2/3	PO42	AD	0	0	0	
NDUFAF5	1	L2/3	PO20	CT	0	0	0	
NDUFAF5	1	L2/3	PO23	CT	0	0	0	
NDUFAF5	1	L2/3	SMC033	CT	2	0	2	1.0
NDUFAF5	1	L2/3	PO05	AD	0	0	0	
NDUFAF5	1	L2/3	PO15	CT	0	0	0	
NDUFAF5	1	L2/3	SMC041	AD	0	0	0	
NDUFAF5	1	L2/3	SMC029	AD	1	0	1	1.0
NDUFAF5	1	L2/3	SMC043	AD	0	0	0	
NDUFAF5	1	L2/3	PO13	CT	0	0	0	
NDUFAF5	1	L2/3	SMC031	CT	0	0	0	
NDUFAF5	1	L2/3	SMC036	AD	0	0	0	
NDUFAF5	1	L2/3	SMC037	CT	1	0	1	1.0
NDUFAF5	1	L2/3	PO41	AD	3	0	3	1.0
NDUFAF5	1	L2/3	PO28	AD	0	0	0	
NDUFAF5	1	L2/3	SMC039	AD	0	0	0	
NDUFAF5	2	L2/3	PO23	CT	0	0	0	
NDUFAF5	2	L2/3	PO11	AD	1	0	1	1.0
NDUFAF5	2	L2/3	SMC033	CT	5	0	5	1.0
NDUFAF5	2	L2/3	SMC053	CT	3	0	3	1.0
NDUFAF5	2	L2/3	SMC052	CT	1	0	1	1.0
NDUFAF5	2	L2/3	SMC038	AD	2	0	2	1.0
NDUFAF5	2	L2/3	SMC049	AD	3	0	3	1.0
NDUFAF5	2	L2/3	PO20	CT	0	0	0	
NDUFAF5	2	L2/3	PO42	AD	2	0	2	1.0
NDUFAF5	2	L2/3	PO28	AD	0	0	0	
NDUFAF5	2	L2/3	PO15	CT	3	0	3	1.0
NDUFAF5	2	L2/3	PO05	AD	0	0	0	
NDUFAF5	2	L2/3	SMC030	CT	0	0	0	
NDUFAF5	2	L2/3	SMC032	AD	1	0	1	1.0
NDUFAF5	2	L2/3	SMC035	CT	6	0	6	1.0
NDUFAF5	2	L2/3	SMC036	AD	0	0	0	
NDUFAF5	2	L2/3	PO13	CT	0	0	0	
NDUFAF5	2	L2/3	PO41	AD	0	0	0	
NDUFAF5	2	L2/3	SMC037	CT	0	0	0	
NDUFAF5	2	L2/3	SMC041	AD	0	0	0	
NDUFAF5	2	L2/3	SMC031	CT	0	0	0	
NDUFAF5	2	L2/3	SMC039	AD	0	0	0	
NDUFAF5	2	L2/3	SMC029	AD	0	0	0	
NDUFAF5	2	L2/3	SMC027	CT	0	0	0	
NDUFAF5	2	L2/3	SMC043	AD	0	0	0	
NDUFAF5	10	L4	SMC035	CT	0	0	0	
NDUFAF5	10	L4	SMC053	CT	0	0	0	
NDUFAF5	10	L4	PO41	AD	0	0	0	
NDUFAF5	10	L4	SMC037	CT	1	0	1	1.0
NDUFAF5	10	L4	PO28	AD	0	0	0	
NDUFAF5	10	L4	SMC030	CT	1	0	1	1.0
NDUFAF5	10	L4	SMC033	CT	0	0	0	
NDUFAF5	10	L4	SMC049	AD	6	0	6	1.0
NDUFAF5	10	L4	PO23	CT	0	0	0	
NDUFAF5	10	L4	SMC038	AD	6	0	6	1.0
NDUFAF5	10	L4	SMC032	AD	0	0	0	
NDUFAF5	10	L4	PO11	AD	0	0	0	
NDUFAF5	10	L4	PO15	CT	0	0	0	
NDUFAF5	10	L4	SMC052	CT	1	0	1	1.0
NDUFAF5	10	L4	SMC027	CT	0	0	0	
NDUFAF5	10	L4	PO05	AD	0	0	0	
NDUFAF5	10	L4	SMC041	AD	0	0	0	
NDUFAF5	10	L4	PO13	CT	0	0	0	
NDUFAF5	10	L4	PO20	CT	0	0	0	
NDUFAF5	10	L4	PO42	AD	0	0	0	
NDUFAF5	10	L4	SMC029	AD	0	0	0	
NDUFAF5	10	L4	SMC039	AD	0	0	0	
NDUFAF5	10	L4	SMC031	CT	0	0	0	
NDUFAF5	10	L4	SMC043	AD	0	0	0	
NDUFAF5	10	L4	SMC036	AD	0	0	0	
NDUFAF5	11	L4	PO28	AD	0	0	0	
NDUFAF5	11	L4	PO20	CT	0	0	0	
NDUFAF5	11	L4	SMC049	AD	1	0	1	1.0
NDUFAF5	11	L4	SMC035	CT	0	0	0	
NDUFAF5	11	L4	SMC053	CT	2	0	2	1.0
NDUFAF5	11	L4	PO42	AD	0	0	0	
NDUFAF5	11	L4	SMC033	CT	1	0	1	1.0
NDUFAF5	11	L4	PO05	AD	1	0	1	1.0
NDUFAF5	11	L4	PO15	CT	0	0	0	
NDUFAF5	11	L4	PO41	AD	0	0	0	
NDUFAF5	11	L4	PO23	CT	2	0	2	1.0
NDUFAF5	11	L4	PO11	AD	0	0	0	
NDUFAF5	11	L4	SMC041	AD	0	0	0	
NDUFAF5	11	L4	SMC052	CT	0	0	0	
NDUFAF5	11	L4	SMC037	CT	0	0	0	
NDUFAF5	11	L4	SMC039	AD	0	0	0	
NDUFAF5	11	L4	SMC030	CT	0	0	0	
NDUFAF5	11	L4	SMC032	AD	0	0	0	
NDUFAF5	11	L4	SMC038	AD	0	0	0	
NDUFAF5	11	L4	PO13	CT	0	0	0	
NDUFAF5	11	L4	SMC031	CT	0	0	0	
NDUFAF5	11	L4	SMC029	AD	0	0	0	
NDUFAF5	11	L4	SMC043	AD	0	0	0	
NDUFAF5	11	L4	SMC027	CT	0	0	0	
NDUFAF5	11	L4	SMC036	AD	0	0	0	
NDUFAF5	18	L5	SMC049	AD	9	0	9	1.0
NDUFAF5	18	L5	SMC041	AD	0	0	0	
NDUFAF5	18	L5	PO11	AD	0	0	0	
NDUFAF5	18	L5	SMC032	AD	0	0	0	
NDUFAF5	18	L5	SMC035	CT	0	0	0	
NDUFAF5	18	L5	SMC037	CT	1	0	1	1.0
NDUFAF5	18	L5	SMC052	CT	0	0	0	
NDUFAF5	18	L5	PO42	AD	0	0	0	
NDUFAF5	18	L5	PO05	AD	0	0	0	
NDUFAF5	18	L5	SMC053	CT	1	0	1	1.0
NDUFAF5	18	L5	SMC033	CT	0	0	0	
NDUFAF5	18	L5	PO28	AD	0	0	0	
NDUFAF5	18	L5	SMC039	AD	0	0	0	
NDUFAF5	18	L5	SMC030	CT	0	0	0	
NDUFAF5	18	L5	PO23	CT	0	0	0	
NDUFAF5	18	L5	PO15	CT	0	0	0	
NDUFAF5	18	L5	PO13	CT	0	0	0	
NDUFAF5	18	L5	SMC038	AD	0	0	0	
NDUFAF5	18	L5	PO41	AD	1	0	1	1.0
NDUFAF5	18	L5	SMC029	AD	0	0	0	
NDUFAF5	18	L5	PO20	CT	0	0	0	
NDUFAF5	18	L5	SMC031	CT	0	0	0	
NDUFAF5	18	L5	SMC043	AD	0	0	0	
NDUFAF5	18	L5	SMC036	AD	0	0	0	
NDUFAF5	19	L5	SMC035	CT	0	0	0	
NDUFAF5	19	L5	SMC052	CT	0	0	0	
NDUFAF5	19	L5	SMC031	CT	0	0	0	
NDUFAF5	19	L5	SMC033	CT	0	0	0	
NDUFAF5	19	L5	PO20	CT	0	0	0	
NDUFAF5	19	L5	SMC053	CT	0	0	0	
NDUFAF5	19	L5	PO28	AD	0	0	0	
NDUFAF5	19	L5	PO23	CT	0	0	0	
NDUFAF5	19	L5	PO42	AD	0	0	0	
NDUFAF5	19	L5	PO05	AD	0	0	0	
NDUFAF5	19	L5	PO15	CT	0	0	0	
NDUFAF5	19	L5	PO13	CT	0	0	0	
NDUFAF5	19	L5	PO11	AD	0	0	0	
NDUFAF5	19	L5	SMC049	AD	0	0	0	
NDUFAF5	19	L5	SMC030	CT	0	0	0	
NDUFAF5	19	L5	SMC036	AD	0	0	0	
NDUFAF5	19	L5	PO41	AD	1	0	1	1.0
NDUFAF5	19	L5	SMC037	CT	0	0	0	
NDUFAF5	19	L5	SMC041	AD	0	0	0	
NDUFAF5	19	L5	SMC032	AD	0	0	0	
NDUFAF5	19	L5	SMC038	AD	0	0	0	
NDUFAF5	19	L5	SMC039	AD	0	0	0	
NDUFAF5	19	L5	SMC027	CT	0	0	0	
NDUFAF5	19	L5	SMC043	AD	0	0	0	
NDUFAF5	20	L6	PO11	AD	0	0	0	
NDUFAF5	20	L6	PO05	AD	0	0	0	
NDUFAF5	20	L6	PO20	CT	0	0	0	
NDUFAF5	20	L6	SMC053	CT	0	0	0	
NDUFAF5	20	L6	PO41	AD	0	0	0	
NDUFAF5	20	L6	PO23	CT	0	0	0	
NDUFAF5	20	L6	SMC033	CT	0	0	0	
NDUFAF5	20	L6	SMC036	AD	0	0	0	
NDUFAF5	20	L6	SMC038	AD	0	0	0	
NDUFAF5	20	L6	SMC037	CT	0	0	0	
NDUFAF5	20	L6	PO28	AD	0	0	0	
NDUFAF5	20	L6	SMC052	CT	0	0	0	
NDUFAF5	20	L6	SMC035	CT	0	0	0	
NDUFAF5	20	L6	SMC049	AD	0	0	0	
NDUFAF5	20	L6	PO42	AD	0	0	0	
NDUFAF5	20	L6	PO13	CT	0	0	0	
NDUFAF5	20	L6	SMC030	CT	0	0	0	
NDUFAF5	20	L6	PO15	CT	0	0	0	
NDUFAF5	20	L6	SMC041	AD	0	0	0	
NDUFAF5	20	L6	SMC032	AD	0	0	0	
NDUFAF5	20	L6	SMC027	CT	0	0	0	
NDUFAF5	25	L6	SMC037	CT	0	0	0	
NDUFAF5	25	L6	PO28	AD	0	0	0	
NDUFAF5	25	L6	SMC035	CT	0	0	0	
NDUFAF5	25	L6	SMC053	CT	0	0	0	
NDUFAF5	25	L6	SMC049	AD	0	0	0	
NDUFAF5	25	L6	PO42	AD	0	0	0	
NDUFAF5	25	L6	PO20	CT	0	0	0	
NDUFAF5	25	L6	SMC030	CT	0	0	0	
NDUFAF5	25	L6	SMC033	CT	0	0	0	
NDUFAF5	25	L6	SMC052	CT	0	0	0	
NDUFAF5	25	L6	PO13	CT	0	0	0	
NDUFAF5	25	L6	PO41	AD	0	0	0	
NDUFAF5	25	L6	SMC038	AD	0	0	0	
NDUFAF5	25	L6	PO23	CT	0	0	0	
NDUFAF5	25	L6	PO11	AD	0	0	0	
NDUFAF5	25	L6	SMC029	AD	0	0	0	
NDUFAF5	25	L6	PO05	AD	0	0	0	
NDUFAF5	25	L6	SMC041	AD	0	0	0	
NDUFAF5	25	L6	PO15	CT	0	0	0	
NDUFAF5	25	L6	SMC032	AD	0	0	0	
NDUFAF5	25	L6	SMC039	AD	0	0	0	
NDUFAF5	25	L6	SMC031	CT	0	0	0	
NDUFAF5	26	L5	SMC053	CT	0	0	0	
NDUFAF5	26	L5	SMC030	CT	0	0	0	
NDUFAF5	26	L5	PO28	AD	0	0	0	
NDUFAF5	26	L5	SMC049	AD	0	0	0	
NDUFAF5	26	L5	SMC035	CT	0	0	0	
NDUFAF5	26	L5	PO11	AD	0	0	0	
NDUFAF5	26	L5	SMC033	CT	0	0	0	
NDUFAF5	26	L5	PO20	CT	0	0	0	
NDUFAF5	26	L5	SMC037	CT	0	0	0	
NDUFAF5	26	L5	SMC041	AD	0	0	0	
NDUFAF5	26	L5	SMC039	AD	0	0	0	
NDUFAF5	26	L5	PO41	AD	1	0	1	1.0
NDUFAF5	26	L5	PO23	CT	0	0	0	
NDUFAF5	26	L5	SMC052	CT	0	0	0	
NDUFAF5	26	L5	SMC038	AD	0	0	0	
NDUFAF5	26	L5	SMC029	AD	0	0	0	
NDUFAF5	26	L5	PO05	AD	0	0	0	
NDUFAF5	26	L5	PO15	CT	3	0	3	1.0
NDUFAF5	26	L5	SMC032	AD	0	0	0	
NDUFAF5	26	L5	PO13	CT	0	0	0	
NDUFAF5	26	L5	PO42	AD	0	0	0	
NDUFAF5	26	L5	SMC036	AD	0	0	0	
NDUFAF5	26	L5	SMC027	CT	0	0	0	
NDUFAF5	27	L2/3	SMC035	CT	0	0	0	
NDUFAF5	27	L2/3	SMC053	CT	0	0	0	
NDUFAF5	27	L2/3	SMC052	CT	0	0	0	
NDUFAF5	27	L2/3	SMC049	AD	0	0	0	
NDUFAF5	27	L2/3	SMC037	CT	0	0	0	
NDUFAF5	27	L2/3	SMC033	CT	0	0	0	
NDUFAF5	27	L2/3	PO41	AD	1	0	1	1.0
NDUFAF5	27	L2/3	PO28	AD	0	0	0	
NDUFAF5	27	L2/3	PO20	CT	0	0	0	
NDUFAF5	27	L2/3	PO13	CT	0	0	0	
NDUFAF5	27	L2/3	PO23	CT	0	0	0	
NDUFAF5	27	L2/3	PO05	AD	0	0	0	
NDUFAF5	27	L2/3	SMC038	AD	0	0	0	
NDUFAF5	27	L2/3	PO11	AD	0	0	0	
NDUFAF5	27	L2/3	SMC039	AD	0	0	0	
NDUFAF5	27	L2/3	PO42	AD	0	0	0	
NDUFAF5	27	L2/3	SMC030	CT	0	0	0	
NDUFAF5	27	L2/3	SMC041	AD	0	0	0	
NDUFAF5	27	L2/3	SMC032	AD	0	0	0	
NDUFAF5	27	L2/3	SMC031	CT	0	0	0	
NDUFAF5	27	L2/3	SMC029	AD	0	0	0	
NDUFAF5	27	L2/3	PO15	CT	0	0	0	
NDUFAF5	27	L2/3	SMC027	CT	0	0	0	
NDUFS4	1	L2/3	SMC030	CT	7	0	7	1.0
NDUFS4	1	L2/3	SMC053	CT	0	0	0	
NDUFS4	1	L2/3	SMC052	CT	1	0	1	1.0
NDUFS4	1	L2/3	SMC035	CT	0	0	0	
NDUFS4	1	L2/3	PO11	AD	0	0	0	
NDUFS4	1	L2/3	SMC049	AD	0	0	0	
NDUFS4	1	L2/3	SMC038	AD	0	0	0	
NDUFS4	1	L2/3	SMC027	CT	0	0	0	
NDUFS4	1	L2/3	SMC032	AD	0	0	0	
NDUFS4	1	L2/3	PO42	AD	0	0	0	
NDUFS4	1	L2/3	PO20	CT	0	0	0	
NDUFS4	1	L2/3	PO23	CT	0	0	0	
NDUFS4	1	L2/3	SMC033	CT	1	0	1	1.0
NDUFS4	1	L2/3	PO05	AD	0	0	0	
NDUFS4	1	L2/3	PO15	CT	0	0	0	
NDUFS4	1	L2/3	SMC041	AD	0	0	0	
NDUFS4	1	L2/3	SMC029	AD	0	0	0	
NDUFS4	1	L2/3	SMC043	AD	0	0	0	
NDUFS4	1	L2/3	PO13	CT	0	0	0	
NDUFS4	1	L2/3	SMC031	CT	0	0	0	
NDUFS4	1	L2/3	SMC036	AD	0	0	0	
NDUFS4	1	L2/3	SMC037	CT	0	0	0	
NDUFS4	1	L2/3	PO41	AD	0	0	0	
NDUFS4	1	L2/3	PO28	AD	0	0	0	
NDUFS4	1	L2/3	SMC039	AD	0	0	0	
NDUFS4	2	L2/3	PO23	CT	0	0	0	
NDUFS4	2	L2/3	PO11	AD	0	0	0	
NDUFS4	2	L2/3	SMC033	CT	0	0	0	
NDUFS4	2	L2/3	SMC053	CT	0	0	0	
NDUFS4	2	L2/3	SMC052	CT	1	0	1	1.0
NDUFS4	2	L2/3	SMC038	AD	0	0	0	
NDUFS4	2	L2/3	SMC049	AD	0	0	0	
NDUFS4	2	L2/3	PO20	CT	0	0	0	
NDUFS4	2	L2/3	PO42	AD	0	0	0	
NDUFS4	2	L2/3	PO28	AD	0	0	0	
NDUFS4	2	L2/3	PO15	CT	1	0	1	1.0
NDUFS4	2	L2/3	PO05	AD	0	0	0	
NDUFS4	2	L2/3	SMC030	CT	0	0	0	
NDUFS4	2	L2/3	SMC032	AD	0	0	0	
NDUFS4	2	L2/3	SMC035	CT	0	0	0	
NDUFS4	2	L2/3	SMC036	AD	0	0	0	
NDUFS4	2	L2/3	PO13	CT	0	0	0	
NDUFS4	2	L2/3	PO41	AD	0	0	0	
NDUFS4	2	L2/3	SMC037	CT	0	0	0	
NDUFS4	2	L2/3	SMC041	AD	0	0	0	
NDUFS4	2	L2/3	SMC031	CT	0	0	0	
NDUFS4	2	L2/3	SMC039	AD	0	0	0	
NDUFS4	2	L2/3	SMC029	AD	0	0	0	
NDUFS4	2	L2/3	SMC027	CT	0	0	0	
NDUFS4	2	L2/3	SMC043	AD	0	0	0	
NDUFS4	10	L4	SMC035	CT	0	0	0	
NDUFS4	10	L4	SMC053	CT	0	0	0	
NDUFS4	10	L4	PO41	AD	0	0	0	
NDUFS4	10	L4	SMC037	CT	1	0	1	1.0
NDUFS4	10	L4	PO28	AD	0	0	0	
NDUFS4	10	L4	SMC030	CT	0	0	0	
NDUFS4	10	L4	SMC033	CT	1	0	1	1.0
NDUFS4	10	L4	SMC049	AD	0	0	0	
NDUFS4	10	L4	PO23	CT	0	0	0	
NDUFS4	10	L4	SMC038	AD	0	0	0	
NDUFS4	10	L4	SMC032	AD	0	0	0	
NDUFS4	10	L4	PO11	AD	0	0	0	
NDUFS4	10	L4	PO15	CT	0	0	0	
NDUFS4	10	L4	SMC052	CT	0	0	0	
NDUFS4	10	L4	SMC027	CT	0	0	0	
NDUFS4	10	L4	PO05	AD	0	0	0	
NDUFS4	10	L4	SMC041	AD	1	0	1	1.0
NDUFS4	10	L4	PO13	CT	0	0	0	
NDUFS4	10	L4	PO20	CT	0	0	0	
NDUFS4	10	L4	PO42	AD	0	0	0	
NDUFS4	10	L4	SMC029	AD	0	0	0	
NDUFS4	10	L4	SMC039	AD	0	0	0	
NDUFS4	10	L4	SMC031	CT	0	0	0	
NDUFS4	10	L4	SMC043	AD	0	0	0	
NDUFS4	10	L4	SMC036	AD	0	0	0	
NDUFS4	11	L4	PO28	AD	0	0	0	
NDUFS4	11	L4	PO20	CT	0	0	0	
NDUFS4	11	L4	SMC049	AD	1	0	1	1.0
NDUFS4	11	L4	SMC035	CT	0	0	0	
NDUFS4	11	L4	SMC053	CT	0	0	0	
NDUFS4	11	L4	PO42	AD	0	0	0	
NDUFS4	11	L4	SMC033	CT	0	0	0	
NDUFS4	11	L4	PO05	AD	0	0	0	
NDUFS4	11	L4	PO15	CT	0	0	0	
NDUFS4	11	L4	PO41	AD	0	0	0	
NDUFS4	11	L4	PO23	CT	0	0	0	
NDUFS4	11	L4	PO11	AD	0	0	0	
NDUFS4	11	L4	SMC041	AD	0	0	0	
NDUFS4	11	L4	SMC052	CT	0	0	0	
NDUFS4	11	L4	SMC037	CT	0	0	0	
NDUFS4	11	L4	SMC039	AD	0	0	0	
NDUFS4	11	L4	SMC030	CT	0	0	0	
NDUFS4	11	L4	SMC032	AD	0	0	0	
NDUFS4	11	L4	SMC038	AD	0	0	0	
NDUFS4	11	L4	PO13	CT	0	0	0	
NDUFS4	11	L4	SMC031	CT	0	0	0	
NDUFS4	11	L4	SMC029	AD	0	0	0	
NDUFS4	11	L4	SMC043	AD	0	0	0	
NDUFS4	11	L4	SMC027	CT	0	0	0	
NDUFS4	11	L4	SMC036	AD	0	0	0	
NDUFS4	18	L5	SMC049	AD	0	0	0	
NDUFS4	18	L5	SMC041	AD	0	0	0	
NDUFS4	18	L5	PO11	AD	0	0	0	
NDUFS4	18	L5	SMC032	AD	0	0	0	
NDUFS4	18	L5	SMC035	CT	0	0	0	
NDUFS4	18	L5	SMC037	CT	0	0	0	
NDUFS4	18	L5	SMC052	CT	0	0	0	
NDUFS4	18	L5	PO42	AD	0	0	0	
NDUFS4	18	L5	PO05	AD	0	0	0	
NDUFS4	18	L5	SMC053	CT	0	0	0	
NDUFS4	18	L5	SMC033	CT	0	0	0	
NDUFS4	18	L5	PO28	AD	0	0	0	
NDUFS4	18	L5	SMC039	AD	0	0	0	
NDUFS4	18	L5	SMC030	CT	1	0	1	1.0
NDUFS4	18	L5	PO23	CT	0	0	0	
NDUFS4	18	L5	PO15	CT	0	0	0	
NDUFS4	18	L5	PO13	CT	0	0	0	
NDUFS4	18	L5	SMC038	AD	0	0	0	
NDUFS4	18	L5	PO41	AD	0	0	0	
NDUFS4	18	L5	SMC029	AD	0	0	0	
NDUFS4	18	L5	PO20	CT	0	0	0	
NDUFS4	18	L5	SMC031	CT	0	0	0	
NDUFS4	18	L5	SMC043	AD	0	0	0	
NDUFS4	18	L5	SMC036	AD	0	0	0	
NDUFS4	19	L5	SMC035	CT	0	0	0	
NDUFS4	19	L5	SMC052	CT	0	0	0	
NDUFS4	19	L5	SMC031	CT	0	0	0	
NDUFS4	19	L5	SMC033	CT	0	0	0	
NDUFS4	19	L5	PO20	CT	0	0	0	
NDUFS4	19	L5	SMC053	CT	0	0	0	
NDUFS4	19	L5	PO28	AD	0	0	0	
NDUFS4	19	L5	PO23	CT	0	0	0	
NDUFS4	19	L5	PO42	AD	0	0	0	
NDUFS4	19	L5	PO05	AD	0	0	0	
NDUFS4	19	L5	PO15	CT	0	0	0	
NDUFS4	19	L5	PO13	CT	0	0	0	
NDUFS4	19	L5	PO11	AD	0	0	0	
NDUFS4	19	L5	SMC049	AD	0	0	0	
NDUFS4	19	L5	SMC030	CT	0	0	0	
NDUFS4	19	L5	SMC036	AD	0	0	0	
NDUFS4	19	L5	PO41	AD	0	0	0	
NDUFS4	19	L5	SMC037	CT	0	0	0	
NDUFS4	19	L5	SMC041	AD	0	0	0	
NDUFS4	19	L5	SMC032	AD	0	0	0	
NDUFS4	19	L5	SMC038	AD	0	0	0	
NDUFS4	19	L5	SMC039	AD	0	0	0	
NDUFS4	19	L5	SMC027	CT	0	0	0	
NDUFS4	19	L5	SMC043	AD	0	0	0	
NDUFS4	20	L6	PO11	AD	0	0	0	
NDUFS4	20	L6	PO05	AD	0	0	0	
NDUFS4	20	L6	PO20	CT	0	0	0	
NDUFS4	20	L6	SMC053	CT	0	0	0	
NDUFS4	20	L6	PO41	AD	0	0	0	
NDUFS4	20	L6	PO23	CT	0	0	0	
NDUFS4	20	L6	SMC033	CT	0	0	0	
NDUFS4	20	L6	SMC036	AD	0	0	0	
NDUFS4	20	L6	SMC038	AD	0	0	0	
NDUFS4	20	L6	SMC037	CT	0	0	0	
NDUFS4	20	L6	PO28	AD	0	0	0	
NDUFS4	20	L6	SMC052	CT	0	0	0	
NDUFS4	20	L6	SMC035	CT	0	0	0	
NDUFS4	20	L6	SMC049	AD	0	0	0	
NDUFS4	20	L6	PO42	AD	0	0	0	
NDUFS4	20	L6	PO13	CT	0	0	0	
NDUFS4	20	L6	SMC030	CT	0	0	0	
NDUFS4	20	L6	PO15	CT	0	0	0	
NDUFS4	20	L6	SMC041	AD	0	0	0	
NDUFS4	20	L6	SMC032	AD	0	0	0	
NDUFS4	20	L6	SMC027	CT	0	0	0	
NDUFS4	25	L6	SMC037	CT	0	0	0	
NDUFS4	25	L6	PO28	AD	0	0	0	
NDUFS4	25	L6	SMC035	CT	0	0	0	
NDUFS4	25	L6	SMC053	CT	0	0	0	
NDUFS4	25	L6	SMC049	AD	0	0	0	
NDUFS4	25	L6	PO42	AD	0	0	0	
NDUFS4	25	L6	PO20	CT	0	0	0	
NDUFS4	25	L6	SMC030	CT	0	0	0	
NDUFS4	25	L6	SMC033	CT	0	0	0	
NDUFS4	25	L6	SMC052	CT	0	0	0	
NDUFS4	25	L6	PO13	CT	0	0	0	
NDUFS4	25	L6	PO41	AD	0	0	0	
NDUFS4	25	L6	SMC038	AD	0	0	0	
NDUFS4	25	L6	PO23	CT	0	0	0	
NDUFS4	25	L6	PO11	AD	1	0	1	1.0
NDUFS4	25	L6	SMC029	AD	0	0	0	
NDUFS4	25	L6	PO05	AD	0	0	0	
NDUFS4	25	L6	SMC041	AD	0	0	0	
NDUFS4	25	L6	PO15	CT	0	0	0	
NDUFS4	25	L6	SMC032	AD	0	0	0	
NDUFS4	25	L6	SMC039	AD	0	0	0	
NDUFS4	25	L6	SMC031	CT	0	0	0	
NDUFS4	26	L5	SMC053	CT	0	0	0	
NDUFS4	26	L5	SMC030	CT	0	0	0	
NDUFS4	26	L5	PO28	AD	0	0	0	
NDUFS4	26	L5	SMC049	AD	0	0	0	
NDUFS4	26	L5	SMC035	CT	0	0	0	
NDUFS4	26	L5	PO11	AD	0	0	0	
NDUFS4	26	L5	SMC033	CT	0	0	0	
NDUFS4	26	L5	PO20	CT	0	0	0	
NDUFS4	26	L5	SMC037	CT	0	0	0	
NDUFS4	26	L5	SMC041	AD	0	0	0	
NDUFS4	26	L5	SMC039	AD	0	0	0	
NDUFS4	26	L5	PO41	AD	0	0	0	
NDUFS4	26	L5	PO23	CT	0	0	0	
NDUFS4	26	L5	SMC052	CT	0	0	0	
NDUFS4	26	L5	SMC038	AD	0	0	0	
NDUFS4	26	L5	SMC029	AD	0	0	0	
NDUFS4	26	L5	PO05	AD	0	0	0	
NDUFS4	26	L5	PO15	CT	0	0	0	
NDUFS4	26	L5	SMC032	AD	0	0	0	
NDUFS4	26	L5	PO13	CT	0	0	0	
NDUFS4	26	L5	PO42	AD	0	0	0	
NDUFS4	26	L5	SMC036	AD	0	0	0	
NDUFS4	26	L5	SMC027	CT	0	0	0	
NDUFS4	27	L2/3	SMC035	CT	0	0	0	
NDUFS4	27	L2/3	SMC053	CT	0	0	0	
NDUFS4	27	L2/3	SMC052	CT	0	0	0	
NDUFS4	27	L2/3	SMC049	AD	0	0	0	
NDUFS4	27	L2/3	SMC037	CT	0	0	0	
NDUFS4	27	L2/3	SMC033	CT	0	0	0	
NDUFS4	27	L2/3	PO41	AD	0	0	0	
NDUFS4	27	L2/3	PO28	AD	0	0	0	
NDUFS4	27	L2/3	PO20	CT	0	0	0	
NDUFS4	27	L2/3	PO13	CT	0	0	0	
NDUFS4	27	L2/3	PO23	CT	0	0	0	
NDUFS4	27	L2/3	PO05	AD	0	0	0	
NDUFS4	27	L2/3	SMC038	AD	0	0	0	
NDUFS4	27	L2/3	PO11	AD	0	0	0	
NDUFS4	27	L2/3	SMC039	AD	0	0	0	
NDUFS4	27	L2/3	PO42	AD	0	0	0	
NDUFS4	27	L2/3	SMC030	CT	1	0	1	1.0
NDUFS4	27	L2/3	SMC041	AD	0	0	0	
NDUFS4	27	L2/3	SMC032	AD	0	0	0	
NDUFS4	27	L2/3	SMC031	CT	0	0	0	
NDUFS4	27	L2/3	SMC029	AD	0	0	0	
NDUFS4	27	L2/3	PO15	CT	0	0	0	
NDUFS4	27	L2/3	SMC027	CT	0	0	0	
