barcode	sample	condition
AAACCCATCACTACGA_SMC033	SMC033	Control
AAACCCATCTTCGCTG_SMC033	SMC033	Control
AAAGGTATCAGCCCAG_SMC037	SMC037	Active control
AAAGTCCTCGTAGGAG_SMC053	SMC053	Active control
AAATGCAAGGTTCGTA_PO28	PO28	AD
AAATGGACAATTTCGG_SMC035	SMC035	Active control
AACAAAGCAGGACGAT_SMC053	SMC053	Active control
AACAAAGGTTGTAGCT_SMC033	SMC033	Control
AACAACCTCTCCGCAT_SMC037	SMC037	Active control
AACAAGAGTCATGACT_SMC049	SMC049	AD
AACATGAAGGATCATT_PO42	PO42	AD
AACCGAAGTTGACGTT_PO20	PO20	Control
AACGAAAAGCCTCTTC_SMC030	SMC030	Control
AACGGGAGTCCCTCAT_SMC049	SMC049	AD
AAGACTCAGTAGCCAG_SMC038	SMC038	AD
AAGATAGAGTGCCGAA_SMC038	SMC038	AD
AAGCATCAGCCGAACA_SMC033	SMC033	Control
AAGCGAGAGTCAAGCG_SMC037	SMC037	Active control
AAGGAATTCCGCATAA_SMC052	SMC052	Control
AAGGTAACACAAATAG_SMC035	SMC035	Active control
AAGGTCAGTGAACTAG_PO13	PO13	Control
AAGTCGTTCACTTTGT_SMC031	SMC031	Active control
AAGTGAATCGTTCCTG_SMC053	SMC053	Active control
AAGTGTCCAACTGTAA_PO28	PO28	AD
AAGTGTCCATCCAATT_PO20	PO20	Control
AATACGCCAACCGTCT_PO20	PO20	Control
AATAGAGGTACTCCGG_SMC035	SMC035	Active control
AATCGACAGTGCGACA_SMC033	SMC033	Control
AATCGTGCAAAGGTTA_SMC033	SMC033	Control
AATCGTGGTGCTTATG_SMC049	SMC049	AD
AATGACAAGGCACTCG_PO41	PO41	AD
AATGACCAGCCGTTAT_SMC041	SMC041	AD
AATGACCGTATGAGCG_SMC033	SMC033	Control
AATGCAAAGTTACGGC_PO28	PO28	AD
AATGCCAAGACTAGAT_SMC033	SMC033	Control
AATGGAAAGCAATTAG_SMC053	SMC053	Active control
AATGGAACACCTATCC_SMC033	SMC033	Control
AATGGATGTTGTGCCA_PO20	PO20	Control
AATTTCCAGTCAATCC_SMC043	SMC043	AD
ACAAAGAGTATCTCGA_SMC033	SMC033	Control
ACAACCACAACGCATT_SMC037	SMC037	Active control
ACACAGTGTTAGCTAC_SMC038	SMC038	AD
ACACCAAGTTCGAGCC_SMC038	SMC038	AD
ACAGAAAGTGCGCTCA_SMC052	SMC052	Control
ACAGCCGGTCCTTGTC_SMC052	SMC052	Control
ACAGGGAAGGCACGAT_SMC035	SMC035	Active control
ACATAGAAGTAGTCCA_PO23	PO23	Control
ACATCGAAGTGATTCC_SMC038	SMC038	AD
ACATCGAGTAACATAG_SMC033	SMC033	Control
ACATGGCTCTGGGCAT_PO23	PO23	Control
ACATTAGCACCTTAAT_PO20	PO20	Control
ACATTTCAGCATCAGG_SMC033	SMC033	Control
ACCAACATCTTTACAC_SMC039	SMC039	AD
ACCAAGCTCTAGTGCA_PO11	PO11	AD
ACCAATTAGAACCAGG_PO13	PO13	Control
ACCATTTGTCTGTGTA_SMC029	SMC029	AD
ACCCAGTAGCGAGCTT_PO05	PO05	AD
ACCGGCTGTTGCAGCC_PO42	PO42	AD
ACCGTTCAGCTCCGAC_SMC033	SMC033	Control
ACCTCGCTCTGGCAAC_PO20	PO20	Control
ACCTGAAGTACGGGAT_SMC052	SMC052	Control
ACCTTCACATTAGTAG_PO23	PO23	Control
ACGAACCTCCGCGCAA_PO05	PO05	AD
ACGCGATTCAGGTTGC_PO11	PO11	AD
ACGGAAGCAGAGGTAC_SMC030	SMC030	Control
ACGGAAGGTCCAAATC_SMC052	SMC052	Control
ACGGGGACACCAGCTT_PO28	PO28	AD
ACGGGTAAGTCATAGT_PO41	PO41	AD
ACGGTCACAGGTAGGG_PO20	PO20	Control
ACGGTCGTCAAGCCAT_SMC038	SMC038	AD
ACGGTTAAGGTAACTA_SMC035	SMC035	Active control
ACGTCCTAGCGCAATG_SMC052	SMC052	Control
ACGTTAGTCAATCCAG_PO42	PO42	AD
ACTACCAAGTGCCTAA_PO28	PO28	AD
ACTACCCCACTCGGTT_PO28	PO28	AD
ACTACTTCAAGCTGGC_PO42	PO42	AD
ACTATCCTCCGCGTAG_PO13	PO13	Control
ACTATCTTCGTCTAAG_SMC053	SMC053	Active control
ACTATTCGTGAGTTTC_SMC041	SMC041	AD
ACTCATTCAACGGCAC_PO11	PO11	AD
ACTGATGGTAGCTTTG_SMC033	SMC033	Control
ACTGTGAAGCACGATG_SMC037	SMC037	Active control
ACTGTGACAGGTTCGC_SMC033	SMC033	Control
ACTTAGGTCCATAGCA_PO05	PO05	AD
ACTTATCCACACCAGC_SMC038	SMC038	AD
ACTTATCCAGCACACC_SMC053	SMC053	Active control
ACTTATCGTAAGGCTG_SMC053	SMC053	Active control
ACTTCCGGTTATAGCC_SMC041	SMC041	AD
ACTTCCGTCTAAACGC_SMC037	SMC037	Active control
ACTTTGTTCTTCGATT_SMC049	SMC049	AD
AGAAATGTCGTGGACC_SMC041	SMC041	AD
AGAAATGTCGTTCTAT_SMC052	SMC052	Control
AGACACAGTATGTAGG_PO28	PO28	AD
AGACAGGCACGGCCAT_SMC033	SMC033	Control
AGACAGGTCTCCACTG_SMC053	SMC053	Active control
AGACCATAGAGATTCA_SMC033	SMC033	Control
AGACTCAGTCGTTATG_SMC041	SMC041	AD
AGAGAGAAGCGACTTA_PO20	PO20	Control
AGAGCCCCACCCAACG_SMC052	SMC052	Control
AGATGAAGTGCGGCTT_SMC033	SMC033	Control
AGATGCTTCATCACCC_SMC038	SMC038	AD
AGCATCAAGTGTTGTC_SMC052	SMC052	Control
AGCCATCAGTCGACAC_PO41	PO41	AD
AGCCCCTTCAGCACGT_PO13	PO13	Control
AGCCGATTCTTGAGCA_PO11	PO11	AD
AGCGAACGTATAGTGG_PO15	PO15	Control
AGCGAGGCACAAGCCA_PO15	PO15	Control
AGCGATTAGGTGCTGA_SMC032	SMC032	AD
AGCGATTCAGGATGAC_SMC041	SMC041	AD
AGCGCCAGTGCACGCT_SMC041	SMC041	AD
AGCGCCATCAACACGT_SMC041	SMC041	AD
AGCGGTAAGGCTCCTC_PO28	PO28	AD
AGCGTATCAACAACAA_SMC038	SMC038	AD
AGCGTATGTCGGAACA_SMC033	SMC033	Control
AGCTAATTCTATGCCT_PO28	PO28	AD
AGCTGGTTCAGTTAGT_PO28	PO28	AD
AGCTTACGTGGCAGCA_PO28	PO28	AD
AGGAGGTAGGCATTTC_SMC038	SMC038	AD
AGGATCTCACAACATC_SMC041	SMC041	AD
AGGCATTCATGACGGA_SMC053	SMC053	Active control
AGGCCAAAGCGAGTTC_PO20	PO20	Control
AGGCCACCAATTGAAG_SMC039	SMC039	AD
AGGGAGTTCGGAGATG_SMC052	SMC052	Control
AGGGCTCCATCGCCTT_SMC033	SMC033	Control
AGGGTCCTCTGCACCT_SMC038	SMC038	AD
AGGTAAATCCTTCCAG_PO11	PO11	AD
AGGTAGGGTAGTGATA_SMC033	SMC033	Control
AGGTATGGTTTGGGCC_PO20	PO20	Control
AGGTCTATCGGTAGGA_SMC033	SMC033	Control
AGGTGCAAGCCATTGA_PO20	PO20	Control
AGTAACCGTGGATCAG_SMC033	SMC033	Control
AGTATGAAGTCGATCA_PO20	PO20	Control
AGTCTCCTCACGGAGA_SMC052	SMC052	Control
AGTGGAACAAACTTGA_PO28	PO28	AD
AGTTAGCTCAGATTGC_SMC049	SMC049	AD
AGTTCCCCATCAGTGT_SMC039	SMC039	AD
AGTTTAGCAGGGCAAG_PO11	PO11	AD
ATACCGAGTTGTTTGG_SMC041	SMC041	AD
ATACCTTAGACCATAA_SMC039	SMC039	AD
ATACCTTAGGATTACA_SMC052	SMC052	Control
ATACCTTTCCGTTTCG_SMC030	SMC030	Control
ATACTTCCAAGGTACG_SMC033	SMC033	Control
ATACTTCGTAGCGTAG_SMC053	SMC053	Active control
ATAGAGAAGCTAGAGC_SMC033	SMC033	Control
ATAGCAGGTTAAGTCC_PO28	PO28	AD
ATAGGCTAGAAGGGAT_SMC038	SMC038	AD
ATAGGCTTCATGTCAG_SMC033	SMC033	Control
ATATCCTCAGGTACGA_SMC038	SMC038	AD
ATCATGGTCTGGGAAG_PO28	PO28	AD
ATCCCATTCCCGTAGG_PO28	PO28	AD
ATCCCCATCACGTGTA_PO11	PO11	AD
ATCCCGCTCGATTGGC_PO11	PO11	AD
ATCCCTGGTATGATCC_SMC041	SMC041	AD
ATCCGTCTCTTAATCC_SMC037	SMC037	Active control
ATCCTAAGTTATCAGC_PO20	PO20	Control
ATCGCCTAGTCATGGG_SMC053	SMC053	Active control
ATCGCGCGTTAACGAG_PO11	PO11	AD
ATCGTAGCACTCGATA_SMC053	SMC053	Active control
ATCGTAGCATTCACCC_SMC053	SMC053	Active control
ATCGTCCTCCACGTGG_SMC033	SMC033	Control
ATCGTGATCGTCCTCA_SMC033	SMC033	Control
ATCTTCATCCGAGTGC_SMC052	SMC052	Control
ATCTTGCTCGTCTCTG_PO13	PO13	Control
ATGCATTAGTCGCGTG_PO11	PO11	AD
ATGCGATTCGTGTTCC_SMC037	SMC037	Active control
ATGGACTCAGTTAATG_PO20	PO20	Control
ATGGGAGAGGTTGCCC_SMC035	SMC035	Active control
ATGTAGCCATTACACT_PO11	PO11	AD
ATGTCTTCACATTCTT_SMC049	SMC049	AD
ATTACGTAGGCGTCCA_PO41	PO41	AD
ATTATCCAGCCGATCC_SMC033	SMC033	Control
ATTCACTCACACAGCC_SMC053	SMC053	Active control
ATTCCATAGGATACAT_SMC036	SMC036	AD
ATTCGTTCACCCAACG_SMC049	SMC049	AD
ATTCGTTTCGTCCTCA_SMC033	SMC033	Control
ATTCTACAGCCAGAGT_SMC053	SMC053	Active control
ATTCTACAGTGTTCAC_SMC033	SMC033	Control
ATTCTTGTCACAACCA_SMC052	SMC052	Control
ATTTCTGGTGACTATC_SMC033	SMC033	Control
CAAACCCAGGTTCAAT_PO20	PO20	Control
CAAACGGAGATTGGTT_PO11	PO11	AD
CAAAGAAAGAAGGCTC_SMC053	SMC053	Active control
CAAAGGGTCGATACGC_PO11	PO11	AD
CAAATGTTCGAATGAA_PO42	PO42	AD
CAACTAACAATACCAA_PO28	PO28	AD
CAAGACAGTAATCCAC_PO15	PO15	Control
CAAGAGGCAGAAACCG_SMC033	SMC033	Control
CAAGCGGGTGCAGCCT_PO42	PO42	AD
CAAGCTAAGATTGATG_SMC033	SMC033	Control
CAAGGGATCGTCTACT_PO28	PO28	AD
CAAGTCATCTGGCAAC_PO20	PO20	Control
CAAGTGAGTTATCAGC_PO42	PO42	AD
CAATACGAGCTCCGAC_SMC053	SMC053	Active control
CAATCCTTCATCGAAT_PO05	PO05	AD
CAATCCTTCCCTCGGT_PO20	PO20	Control
CAATTTCCAAGGCGTA_SMC052	SMC052	Control
CACAATTAGAAGCAAC_PO20	PO20	Control
CACACAAGTCAGACTT_SMC052	SMC052	Control
CACACAGCAGTACTCC_PO28	PO28	AD
CACATGAGTTTACCTT_SMC037	SMC037	Active control
CACCTGCTCACATAGT_PO11	PO11	AD
CACGTGGCACTCCCTA_SMC041	SMC041	AD
CACTGGGAGCTCGACC_SMC033	SMC033	Control
CACTGTCCAGCATCTA_SMC039	SMC039	AD
CACTTCACAGGAAGCG_PO42	PO42	AD
CACTTCGCATCAGTCA_SMC037	SMC037	Active control
CAGAGCCCATCCGGTG_SMC037	SMC037	Active control
CAGCACGAGTTACGGG_SMC052	SMC052	Control
CAGCAGCGTAGGAGGG_SMC038	SMC038	AD
CAGGCCATCATATCGG_PO28	PO28	AD
CAGGTATGTACCCGCA_SMC052	SMC052	Control
CAGTAGTCAATAGTTG_PO41	PO41	AD
CAGTGTTGTGCAGGCA_PO28	PO28	AD
CAGTTTGAGGATGATA_PO20	PO20	Control
CATAAGCCACGGATCC_SMC041	SMC041	AD
CATATTCCATTACACT_PO28	PO28	AD
CATCAATAGTCATCGA_PO05	PO05	AD
CATCCACAGATTCGCT_SMC052	SMC052	Control
CATCCACAGGCGTTAG_SMC052	SMC052	Control
CATCCACTCACACCCT_SMC052	SMC052	Control
CATCCCAGTATCTCGA_SMC049	SMC049	AD
CATCCCTGTTGGAGCG_PO13	PO13	Control
CATCCGTAGGCACTCC_SMC033	SMC033	Control
CATCGTCCATTACTAC_PO42	PO42	AD
CATCGTTTCCTCATAC_PO11	PO11	AD
CATGCAATCAGCAGAG_PO05	PO05	AD
CATGCCTGTCCACACG_SMC033	SMC033	Control
CATGCGGGTAATTAGG_SMC035	SMC035	Active control
CATTCATCAGCTAAGT_PO11	PO11	AD
CATTCATGTAGCCCTG_SMC052	SMC052	Control
CATTCATGTAGTCGGA_SMC052	SMC052	Control
CATTCTAAGTACCGGA_SMC030	SMC030	Control
CATTCTATCAAGGAGC_SMC053	SMC053	Active control
CATTGAGCAGGCTACC_SMC033	SMC033	Control
CATTGAGTCGTGCGAC_SMC033	SMC033	Control
CATTGTTAGTCCTACA_SMC052	SMC052	Control
CCAAATGTCATGTCAG_PO20	PO20	Control
CCACACTCACGTCATA_SMC033	SMC033	Control
CCACCATTCTCTGGTC_SMC053	SMC053	Active control
CCACCTATCACATTGG_PO28	PO28	AD
CCACCTCAGCCTTCCA_PO20	PO20	Control
CCACGCAAGTAGCCGT_PO13	PO13	Control
CCACGTTAGCGTGTTT_SMC033	SMC033	Control
CCAGGTTAGTTAGTGT_PO15	PO15	Control
CCAGTAATCCATATCC_PO20	PO20	Control
CCAGTTGGTTGAGGCG_PO28	PO28	AD
CCATAAGCACGCCAGT_SMC053	SMC053	Active control
CCATCACTCTGATGGT_SMC053	SMC053	Active control
CCATTAGAGGCGTACT_PO20	PO20	Control
CCATTTGCAACTAGAC_PO20	PO20	Control
CCCAACTAGACATCAA_SMC053	SMC053	Active control
CCCAACTTCGTTCTGC_SMC033	SMC033	Control
CCCAGCAAGTAATCCG_PO28	PO28	AD
CCCATTGCATGGGAAC_SMC037	SMC037	Active control
CCCGAATAGGTATGGG_PO11	PO11	AD
CCCTAACAGGACAGCT_SMC052	SMC052	Control
CCCTAACCAGATCATC_SMC033	SMC033	Control
CCCTCACAGCAGGTGA_PO11	PO11	AD
CCGAACGCACCGGCTA_SMC033	SMC033	Control
CCGATCTCATGGGATG_SMC033	SMC033	Control
CCGCAAGGTCGCCACA_SMC035	SMC035	Active control
CCGCGAATCACTTCAC_PO05	PO05	AD
CCGCGAATCATGACTG_PO41	PO41	AD
CCGGATTAGTGATACT_PO05	PO05	AD
CCGGTGATCGATTGAC_SMC038	SMC038	AD
CCGTAATGTGAGGTAC_PO28	PO28	AD
CCGTCATCATTCATAC_PO28	PO28	AD
CCGTTGCTCCCTGTCA_PO05	PO05	AD
CCGTTGGAGGCACGAA_PO20	PO20	Control
CCTAACCTCCCATTCG_SMC049	SMC049	AD
CCTACGAGTAAGGGTC_PO28	PO28	AD
CCTACGAGTCAAGGAC_PO20	PO20	Control
CCTAGCGAGTGCCTGG_PO28	PO28	AD
CCTCAATTCCGCAAGT_PO20	PO20	Control
CCTCACAGTAATTAGG_SMC041	SMC041	AD
CCTCACAGTCGTACTA_SMC053	SMC053	Active control
CCTCACGCAATCGTGG_PO11	PO11	AD
CCTCATGGTTCGGTAT_SMC033	SMC033	Control
CCTCCTCAGCTAATGA_SMC041	SMC041	AD
CCTCCTCCATCAGTGT_SMC053	SMC053	Active control
CCTCGAAGTAGTGCCC_PO28	PO28	AD
CCTCGAAGTGCACCAC_PO42	PO42	AD
CCTCGGTTCAGTTGAT_PO28	PO28	AD
CCTCTAACAAATGCGT_PO11	PO11	AD
CCTCTCAAGCTTCCGC_PO20	PO20	Control
CCTGAGTAGCCTCTGC_PO41	PO41	AD
CCTGCATAGGAAGTAG_SMC033	SMC033	Control
CCTGGTTCAGGACTGC_PO28	PO28	AD
CCTGTAAAGTGAATCT_PO41	PO41	AD
CCTTCAGAGGACAGCT_SMC053	SMC053	Active control
CCTTTAGCATAAGCAC_PO28	PO28	AD
CCTTTCCTCGAATCAT_PO28	PO28	AD
CCTTTGGTCTGTGTGA_SMC041	SMC041	AD
CGAATTGCATCAGCGC_SMC037	SMC037	Active control
CGACAGCAGGAGACCT_SMC052	SMC052	Control
CGACAGCCACAACGGC_PO05	PO05	AD
CGAGAAGCATCAGCGC_SMC033	SMC033	Control
CGAGGCTGTATCACCA_SMC033	SMC033	Control
CGAGGCTTCTAAGCCA_SMC053	SMC053	Active control
CGAGTGCCAGTTCACA_SMC038	SMC038	AD
CGAGTTAAGTATGCAA_SMC037	SMC037	Active control
CGCATCTCAATCTACT_PO28	PO28	AD
CGCATGGTCTATACGG_SMC035	SMC035	Active control
CGCGCATGTAGTGTGA_PO41	PO41	AD
CGGACACAGTTGTAGA_SMC041	SMC041	AD
CGGACAGGTAATTCGC_PO41	PO41	AD
CGGACATTCACGCGCA_PO41	PO41	AD
CGGGACTAGCGATGGT_SMC033	SMC033	Control
CGGGTCACAAGTTGGG_SMC038	SMC038	AD
CGGTCAGCACAAGCCC_SMC053	SMC053	Active control
CGGTTAATCCAATGTG_PO05	PO05	AD
CGGTTCTCAGGAACTT_PO05	PO05	AD
CGTAAGTGTACTGCCG_SMC039	SMC039	AD
CGTCAAAGTGATAGAT_SMC052	SMC052	Control
CGTCTCATCGCGCTCT_PO11	PO11	AD
CGTGAATTCGGACTGC_SMC049	SMC049	AD
CGTGCTTCAACACGTT_SMC053	SMC053	Active control
CGTGCTTCACTACTTT_SMC033	SMC033	Control
CGTGCTTGTTTAGTCG_SMC041	SMC041	AD
CGTGTCTGTCTAGGCC_SMC030	SMC030	Control
CGTTGTAAGCATGATT_PO28	PO28	AD
CTAACATAGGTCAATT_PO20	PO20	Control
CTAACCCAGCGCTGAA_SMC033	SMC033	Control
CTAACCCGTAGCGATG_SMC033	SMC033	Control
CTAACCCTCGCCGAAC_SMC053	SMC053	Active control
CTAAGTGAGGCACAAC_SMC038	SMC038	AD
CTAAGTGTCACCTCTG_SMC041	SMC041	AD
CTACAGACAGCGTACC_SMC053	SMC053	Active control
CTACAGACATGATCTG_SMC037	SMC037	Active control
CTACCCATCTCTCGAC_SMC035	SMC035	Active control
CTACCGCTCCCAATTC_PO28	PO28	AD
CTACCTGTCGCGTCGA_SMC052	SMC052	Control
CTACGGACAGGTAGGG_PO20	PO20	Control
CTACGGGCAATTTCCT_SMC052	SMC052	Control
CTACGGGGTAGAATAC_SMC037	SMC037	Active control
CTACGGGGTGCTCGTG_SMC030	SMC030	Control
CTACTATAGTCACTCA_SMC037	SMC037	Active control
CTACTTATCAGCTGGT_PO28	PO28	AD
CTATCCGAGCGTCTGC_SMC033	SMC033	Control
CTATCGCCACAATGAC_PO20	PO20	Control
CTATCTAAGTAACCGG_SMC052	SMC052	Control
CTATCTACAATGTGGG_SMC052	SMC052	Control
CTCAAGACATCTCCCA_SMC033	SMC033	Control
CTCACATTCCCTCACA_PO23	PO23	Control
CTCACTGAGCGGTAGT_SMC039	SMC039	AD
CTCAGTCCAATCCTAG_SMC053	SMC053	Active control
CTCATGCTCGTTGCCT_SMC033	SMC033	Control
CTCCAAGGTGCAGCTC_PO13	PO13	Control
CTCCATGAGAGGATCC_SMC041	SMC041	AD
CTCCTCCGTCACCGCA_SMC038	SMC038	AD
CTCCTTTAGGCTGTAG_SMC033	SMC033	Control
CTCCTTTAGGGTGAGG_SMC041	SMC041	AD
CTCGCTTGTCAGTCGC_PO05	PO05	AD
CTCTCGATCGTAACTG_SMC038	SMC038	AD
CTGAATGTCGCGCTGA_SMC033	SMC033	Control
CTGAGGCCATATCGGT_SMC049	SMC049	AD
CTGATATAGTTAATGC_PO28	PO28	AD
CTGATTGAGGGGCTAA_PO20	PO20	Control
CTGCAGGCACTGTGTA_SMC052	SMC052	Control
CTGCATCCAAAGCAAT_SMC033	SMC033	Control
CTGCATCCAAGACCGA_SMC052	SMC052	Control
CTGCGGATCGACCCGA_PO42	PO42	AD
CTGCTCAAGCGATCGA_SMC038	SMC038	AD
CTGGCAGGTGCCTGCA_SMC038	SMC038	AD
CTGGTCAGTTATGTGC_PO11	PO11	AD
CTGTACCTCCACAGGC_SMC041	SMC041	AD
CTGTACCTCCGAGGCT_SMC033	SMC033	Control
CTGTAGACAAAGAGTT_SMC038	SMC038	AD
CTGTAGAGTCGTGCCA_SMC033	SMC033	Control
CTGTATTCAGCGCGTT_SMC033	SMC033	Control
CTGTCACCAAGTGCCA_PO41	PO41	AD
CTGTCATTCCTGTGAA_PO28	PO28	AD
CTGTGGACAATCAATG_PO13	PO13	Control
CTTACCGTCACACGAT_SMC035	SMC035	Active control
CTTCAGCCACCATGAG_PO13	PO13	Control
CTTCATATCGCTATGA_PO13	PO13	Control
CTTCGATTCTAAGCTG_PO11	PO11	AD
CTTCGGCTCCTCACTG_PO13	PO13	Control
CTTCGGTCAAATCGGG_SMC039	SMC039	AD
CTTGAGGCAATACCTT_PO42	PO42	AD
CTTGAGGCATGACCCT_PO28	PO28	AD
CTTTCGGCAAAGGCGT_SMC049	SMC049	AD
GAAACCTAGCTAAATG_SMC049	SMC049	AD
GAAACCTCAATACCTG_SMC052	SMC052	Control
GAAACCTGTCTTGTCC_SMC031	SMC031	Active control
GAAACCTTCAGGGATG_SMC037	SMC037	Active control
GAACGTTTCGCTTGAA_SMC052	SMC052	Control
GAAGAATTCTACGCAA_SMC033	SMC033	Control
GAAGCGAAGGCTGTAG_SMC041	SMC041	AD
GAAGTAAGTTCCACAA_SMC041	SMC041	AD
GACACGCAGAGATCGC_SMC033	SMC033	Control
GACAGCCAGGGTAGCT_SMC052	SMC052	Control
GACAGCCTCCGGTAAT_SMC053	SMC053	Active control
GACATCATCAAGCTGT_SMC049	SMC049	AD
GACCAATCATAAGATG_SMC037	SMC037	Active control
GACCGTGAGATCCCAT_SMC052	SMC052	Control
GACCTTCCAAAGAACT_SMC039	SMC039	AD
GACTATGGTACAATAG_SMC038	SMC038	AD
GACTATGGTAGGTGCA_SMC035	SMC035	Active control
GAGAAATCACGATAGG_SMC052	SMC052	Control
GAGACCCAGATGAATC_SMC033	SMC033	Control
GAGAGGTCAATACAGA_SMC038	SMC038	AD
GAGATGGAGCTTTGTG_SMC043	SMC043	AD
GAGGGATTCCCTCAAC_SMC033	SMC033	Control
GAGGGATTCGGACCAC_SMC052	SMC052	Control
GAGTGAGAGTGAATAC_SMC033	SMC033	Control
GAGTGTTCAGCTGTGC_SMC053	SMC053	Active control
GAGTTGTAGAATCGCG_SMC049	SMC049	AD
GAGTTTGTCCCAAGTA_SMC033	SMC033	Control
GATAGAATCATCCTGC_SMC052	SMC052	Control
GATCACAAGCCAAGCA_SMC033	SMC033	Control
GATTCTTTCGTGACTA_SMC032	SMC032	AD
GATTTCTCAAAGGCGT_SMC038	SMC038	AD
GATTTCTCATGAAGGC_SMC033	SMC033	Control
GATTTCTGTGGTATGG_SMC037	SMC037	Active control
GCAACATGTTGCCATA_SMC053	SMC053	Active control
GCACAATCATCGACCT_PO05	PO05	AD
GCACAGCCATTGCCAC_PO11	PO11	AD
GCACCATAGTTGCCTT_PO20	PO20	Control
GCACCCTTCGTGATAT_PO41	PO41	AD
GCACGGTCATCAATCT_PO11	PO11	AD
GCACTAACATGAGGGT_SMC053	SMC053	Active control
GCAGCCACACCCTTGT_SMC052	SMC052	Control
GCAGCCAGTCCAGCCA_SMC033	SMC033	Control
GCAGCCAGTGGTTTAC_SMC039	SMC039	AD
GCAGCTGCACCGGCTA_SMC041	SMC041	AD
GCATGAGAGCGGTCTG_PO15	PO15	Control
GCATGATTCCCAATAG_SMC052	SMC052	Control
GCATGTCAGGTGAAGT_PO28	PO28	AD
GCATTAGGTATTGGCT_SMC033	SMC033	Control
GCCAAATCAATAGGTC_PO15	PO15	Control
GCCAGCAAGAAGATCT_SMC033	SMC033	Control
GCCAGGTTCACCATGA_SMC033	SMC033	Control
GCCAGTGAGCACTCCG_SMC049	SMC049	AD
GCCAGTGGTTTGAAAG_SMC053	SMC053	Active control
GCCATATGTTGGGACG_PO11	PO11	AD
GCCCAATAGCGCTATA_PO20	PO20	Control
GCCCCAAAGAATCGTT_PO13	PO13	Control
GCCCTGTTCTATGGTG_PO28	PO28	AD
GCCTGTGAGCGCTTCC_PO11	PO11	AD
GCCTGTGAGGGGACTA_PO11	PO11	AD
GCGCATTAGATAGTAG_PO05	PO05	AD
GCGGATCGTTTGGGTT_SMC038	SMC038	AD
GCGGCTATCGTTGCCC_PO20	PO20	Control
GCGGGAACAACGGCAC_PO20	PO20	Control
GCGTAATCATCCTTGA_PO13	PO13	Control
GCGTAGCCATTAGGGT_PO05	PO05	AD
GCGTGCAGTTTGAACC_SMC038	SMC038	AD
GCGTTCTCATAGGTTA_PO15	PO15	Control
GCGTTTCAGGGAGGTG_SMC030	SMC030	Control
GCTACAAAGCTAGAAT_SMC052	SMC052	Control
GCTCAAAAGGGAGGGT_SMC037	SMC037	Active control
GCTCATAAGTTACCAG_PO20	PO20	Control
GCTCATCCATTCCTTC_PO15	PO15	Control
GCTCCGTTCGATCCTT_PO20	PO20	Control
GCTGCTAGTGAAGGAG_PO28	PO28	AD
GCTTCACAGGCATGGT_SMC052	SMC052	Control
GCTTCACCAAAGCACG_SMC049	SMC049	AD
GCTTCACTCATAGCAC_SMC049	SMC049	AD
GCTTCGCTCCATTGAG_PO20	PO20	Control
GCTTGGGAGGTCATTC_SMC033	SMC033	Control
GCTTGGGTCGTTCAAG_PO15	PO15	Control
GGAATCTGTCGCAGTC_SMC052	SMC052	Control
GGAATTAAGCTGGTCG_PO05	PO05	AD
GGACATAGTTTGAGGA_PO28	PO28	AD
GGAGAACCAACCCGCA_SMC053	SMC053	Active control
GGAGAACCATTCAGGG_PO41	PO41	AD
GGAGATGAGCCTTTGA_SMC038	SMC038	AD
GGAGATGGTTGTGCAT_SMC038	SMC038	AD
GGAGCAATCAACACGT_SMC053	SMC053	Active control
GGATCTATCGCTTGGG_PO13	PO13	Control
GGCAACTTCCGTCCAC_PO11	PO11	AD
GGCAATTCATTGCCCG_PO05	PO05	AD
GGCACACCATGGTCTC_PO05	PO05	AD
GGCATTCAGCCCTGGA_PO23	PO23	Control
GGCCAATTCGACTAGC_PO41	PO41	AD
GGCCTAACATGCTGCT_PO20	PO20	Control
GGCCTAGTCAGTTACG_PO28	PO28	AD
GGCCTAGTCGACTTGA_PO20	PO20	Control
GGCGAACAGAACCTAT_PO05	PO05	AD
GGCGACTCATGCGTCT_PO05	PO05	AD
GGCTGACCATGGTAGT_PO11	PO11	AD
GGCTGTTAGAACGGAT_PO28	PO28	AD
GGCTTCTCATGCTGTC_PO41	PO41	AD
GGCTTGGAGTAATACG_SMC041	SMC041	AD
GGGAATTAGTAACCGC_PO11	PO11	AD
GGGATGATCACCTCGT_SMC041	SMC041	AD
GGGCGTAGTCATGGCC_PO05	PO05	AD
GGGCTCAGTAGTACGG_SMC049	SMC049	AD
GGGCTCAGTGACAGGT_SMC049	SMC049	AD
GGGCTCAGTGGGACAT_SMC041	SMC041	AD
GGGGTTAAGGGTACGA_PO15	PO15	Control
GGGTCACTCATCTATC_SMC038	SMC038	AD
GGGTCACTCTTGCGCT_SMC053	SMC053	Active control
GGGTCTGCATCAGCAT_SMC033	SMC033	Control
GGGTGTCTCTGTCGTC_SMC038	SMC038	AD
GGGTTATTCACTAGCA_SMC033	SMC033	Control
GGGTTATTCACTCTTA_SMC033	SMC033	Control
GGTAATCAGACCAGCA_SMC053	SMC053	Active control
GGTACGCCATCGGTTC_PO41	PO41	AD
GGTACTATCATCAGGC_PO41	PO41	AD
GGTATAGGTTCCAGTG_PO11	PO11	AD
GGTCACGCATCTTTCA_SMC033	SMC033	Control
GGTCATCAGTGCTTGA_PO28	PO28	AD
GGTCGAGGTAAGTGCA_PO11	PO11	AD
GGTCGCATCACATGAT_PO05	PO05	AD
GGTCTGGGTCGGATTT_SMC041	SMC041	AD
GGTGGCTAGTGTACAA_SMC033	SMC033	Control
GGTGTCGCACAAGCCC_SMC035	SMC035	Active control
GGTTCAATCACACCTT_PO20	PO20	Control
GGTTTCAAGCGGAGTA_PO28	PO28	AD
GTAACCATCACTCTAC_PO20	PO20	Control
GTAATCGTCATTCTTG_SMC041	SMC041	AD
GTAATGCCATCCGCGA_SMC053	SMC053	Active control
GTAATGCCATGTACGT_SMC033	SMC033	Control
GTACAGTAGACCTCAT_SMC038	SMC038	AD
GTACCAATCCTCAATC_PO23	PO23	Control
GTACCAATCTAACCTC_PO20	PO20	Control
GTACCAGCATGGTGCA_PO05	PO05	AD
GTAGAAACAAATGCTC_SMC041	SMC041	AD
GTAGAATGTGAGTTGA_PO41	PO41	AD
GTAGACTCAGCCATAG_PO20	PO20	Control
GTAGACTCATTGCCAC_PO13	PO13	Control
GTAGCCACATGCAGTG_PO11	PO11	AD
GTAGCGAAGATAGATG_PO28	PO28	AD
GTAGCTAAGCCTCATA_SMC053	SMC053	Active control
GTAGCTATCCCGAACG_SMC037	SMC037	Active control
GTAGCTATCGCCAGTG_SMC052	SMC052	Control
GTAGGAGCACCAACAT_SMC049	SMC049	AD
GTAGGCGGTCATCACG_PO28	PO28	AD
GTAGGTAGTTTACTCT_PO20	PO20	Control
GTAGTACCAGTAGAAT_SMC052	SMC052	Control
GTAGTGAGTAACGAGC_PO11	PO11	AD
GTAGTTACATCGACAG_PO05	PO05	AD
GTATGGTCAGGCAGCT_PO20	PO20	Control
GTATTTCCAGATCCAT_SMC033	SMC033	Control
GTCAAGTGTCCGGTGT_SMC033	SMC033	Control
GTCACTCAGACCTCCG_SMC049	SMC049	AD
GTCACTCCAAGTGGGT_SMC052	SMC052	Control
GTCATCAAGGTAAGTA_PO41	PO41	AD
GTCATCCCAGCTCGGT_SMC053	SMC053	Active control
GTCCAGTAGCGAGGTA_PO20	PO20	Control
GTCCCTCAGTAGGCGA_PO20	PO20	Control
GTCGAATAGGGAGGCA_SMC041	SMC041	AD
GTCGAATCATCATTTC_SMC037	SMC037	Active control
GTCTACCCAGGTCAGA_SMC033	SMC033	Control
GTCTACCTCTTAGTTC_SMC052	SMC052	Control
GTCTACTTCGCTTCCA_PO20	PO20	Control
GTCTAGATCACTACTT_SMC052	SMC052	Control
GTCTCACCAGGATTCT_SMC038	SMC038	AD
GTGAATCCAATACCTT_PO13	PO13	Control
GTGACGCTCTGTAAGC_SMC053	SMC053	Active control
GTGACTATCCTGTGAA_PO28	PO28	AD
GTGAGCCAGATGCTGG_SMC053	SMC053	Active control
GTGAGCCAGCAGCAGT_SMC052	SMC052	Control
GTGAGCCCAAGCGATG_SMC033	SMC033	Control
GTGATGTTCTCCGATC_SMC052	SMC052	Control
GTGCAGCTCGTCGACG_SMC033	SMC033	Control
GTGCGTGAGTCTCCTC_SMC049	SMC049	AD
GTGCGTGGTCTCACAA_SMC053	SMC053	Active control
GTGCTGGAGCAGGCTA_SMC038	SMC038	AD
GTGCTGGTCCAAACCA_SMC032	SMC032	AD
GTGCTGGTCTCTCGAC_SMC049	SMC049	AD
GTGGGAAGTAGGTAGC_SMC053	SMC053	Active control
GTGGGCAGTTGCACGC_PO20	PO20	Control
GTGTAACAGGATTCCT_SMC037	SMC037	Active control
GTGTAACAGGTTGGAC_SMC032	SMC032	AD
GTGTCCCTCAGCATAT_PO42	PO42	AD
GTGTCCTCAACGTATC_SMC038	SMC038	AD
GTGTGATAGTTCATGC_SMC052	SMC052	Control
GTGTTAGGTAATGCGG_SMC052	SMC052	Control
GTTACGAGTGTCCAAT_SMC052	SMC052	Control
GTTACGATCAGTAGGG_SMC033	SMC033	Control
GTTAGCTGTTGTGATC_PO42	PO42	AD
GTTAGTGCAAAGGGTC_SMC033	SMC033	Control
GTTATGGCACGTATAC_SMC052	SMC052	Control
GTTGCGGTCACTGGGC_SMC038	SMC038	AD
GTTGTCCGTATCTTCT_SMC052	SMC052	Control
GTTGTGATCCATTTCA_SMC038	SMC038	AD
TAACACGGTCGGTGAA_SMC041	SMC041	AD
TAACAGCCATAACTTC_PO28	PO28	AD
TAACCGATCGACTGGT_PO23	PO23	Control
TAACTTCAGTCTACCA_SMC038	SMC038	AD
TAACTTGGTCTTGAGT_PO28	PO28	AD
TAATCTCCAGGCGAAT_SMC049	SMC049	AD
TACAACGAGGCCTTCG_SMC031	SMC031	Active control
TACACCCAGTAAGCAT_SMC038	SMC038	AD
TACACCCCATCCGTGG_SMC032	SMC032	AD
TACACTAGTCTAATGC_PO11	PO11	AD
TACAGGGAGCCAATCA_PO13	PO13	Control
TACCCGTAGTTAACGA_SMC041	SMC041	AD
TACCTCGAGTGGGAAA_SMC049	SMC049	AD
TACGCTAAGAACCTTG_PO05	PO05	AD
TACGCTCCACGGCACT_SMC039	SMC039	AD
TACTGCCTCATCGACA_SMC053	SMC053	Active control
TACTTAGGTGCGTGTC_PO13	PO13	Control
TACTTCACAGATTAAG_SMC052	SMC052	Control
TAGCAGTCAATGGGCC_PO11	PO11	AD
TAGGGTTAGTATGGAT_SMC038	SMC038	AD
TAGTTCCTCTAGTGAT_PO05	PO05	AD
TATATCCTCATTCCTA_SMC049	SMC049	AD
TATCCGCCACCTTAGC_PO11	PO11	AD
TATCCTACATAGAGGC_SMC033	SMC033	Control
TATCCTTGTTGGCGTC_PO13	PO13	Control
TATCTTGTCATCGCCT_SMC033	SMC033	Control
TATGCAACAGGATCTG_PO28	PO28	AD
TATGTCAGTAAGCATG_PO11	PO11	AD
TATTGGGTCCTAGCTC_SMC053	SMC053	Active control
TATTTCGAGGCAGCTA_SMC052	SMC052	Control
TCAAAGCCACTAATTC_PO20	PO20	Control
TCAAGCATCGGCCTTT_SMC052	SMC052	Control
TCAATCTCAGCTACCG_SMC052	SMC052	Control
TCAATGGTCACAGACC_PO41	PO41	AD
TCACAAGGTCCAGCGT_SMC052	SMC052	Control
TCACACCAGGTCACAG_SMC049	SMC049	AD
TCACGACAGCAAGCGA_PO41	PO41	AD
TCACTTGCAAATCACA_PO11	PO11	AD
TCAGCTGGTCAACCAT_PO28	PO28	AD
TCAGTAACAAATTCAG_PO15	PO15	Control
TCAGTTAGTTAGTACC_PO28	PO28	AD
TCATCATTCTTTCTAG_SMC033	SMC033	Control
TCATCCGGTTCCGGTG_SMC032	SMC032	AD
TCATGAGCAAGTGCTT_SMC032	SMC032	AD
TCATGAGGTTCAAGGG_SMC053	SMC053	Active control
TCATGGGCATAATCGA_PO41	PO41	AD
TCATTTGTCTCAAAGC_SMC049	SMC049	AD
TCCACCAAGACTTCGT_SMC053	SMC053	Active control
TCCAGTAAGGTACGAG_PO20	PO20	Control
TCCAGTAAGGTACTGC_PO28	PO28	AD
TCCATCGCAATTGTGC_SMC052	SMC052	Control
TCCCACAAGCCGTTGC_SMC053	SMC053	Active control
TCCCATTAGTGAGCCT_PO11	PO11	AD
TCCCCTGGTGATGACA_PO28	PO28	AD
TCCCTCAAGGGCCATT_PO28	PO28	AD
TCCCTTGAGTGTCCGG_PO41	PO41	AD
TCCGATCAGGAACGAA_SMC049	SMC049	AD
TCCTAATCACTTGCCG_PO42	PO42	AD
TCCTAATTCCGTGGCA_SMC049	SMC049	AD
TCCTCCCGTCCTCAGG_SMC049	SMC049	AD
TCCTCGATCGCTGCGA_SMC041	SMC041	AD
TCCTGCACAGCTGTTA_SMC033	SMC033	Control
TCCTTAATCTAAGTCG_PO20	PO20	Control
TCCTTTCCAGTAGGAC_SMC038	SMC038	AD
TCGAAGTAGAAGATCT_SMC038	SMC038	AD
TCGAATGTCGACATTG_PO42	PO42	AD
TCGATTTGTATGATCC_SMC037	SMC037	Active control
TCGCATTTCATGCTTC_PO11	PO11	AD
TCGCATTTCCAGCGTG_PO23	PO23	Control
TCGCTCATCAGGACAG_SMC049	SMC049	AD
TCGCTTGGTTATGGTC_SMC049	SMC049	AD
TCGCTTGTCCCAATCT_PO20	PO20	Control
TCGGGACCAGGACTAG_SMC038	SMC038	AD
TCGGGCACAACATCGT_SMC035	SMC035	Active control
TCGGTCAGTGATGCCC_PO28	PO28	AD
TCGGTCTCAACTGCTA_SMC033	SMC033	Control
TCGGTCTTCGTCTACC_SMC038	SMC038	AD
TCGTCCAGTATCGATC_SMC053	SMC053	Active control
TCGTTGAAGATAGTGA_PO42	PO42	AD
TCGTTGGGTGGCTCGT_PO13	PO13	Control
TCTAATGGTAATGGTG_PO11	PO11	AD
TCTACATCATCCAAGG_PO20	PO20	Control
TCTACGAAGCCACAGT_PO42	PO42	AD
TCTACGCCACAGCCAA_PO20	PO20	Control
TCTACTATCACGGACT_PO20	PO20	Control
TCTAGTGAGCGAAGTG_PO20	PO20	Control
TCTCAGCTCAAGTGGG_SMC052	SMC052	Control
TCTCTGGGTTGCATTG_SMC049	SMC049	AD
TCTCTGGTCTCGTGGG_SMC033	SMC033	Control
TCTGGCGAGGATAGAC_PO28	PO28	AD
TCTGGGTAGGTCAACC_PO05	PO05	AD
TGAATGCCACGGGTAA_SMC053	SMC053	Active control
TGACAGTAGGGAACAA_SMC029	SMC029	AD
TGACGTTGTTTACAGC_PO20	PO20	Control
TGACTCCCAATCGCAG_PO11	PO11	AD
TGAGATGGTGCAACTT_PO13	PO13	Control
TGAGCGCTCTAAACGC_SMC037	SMC037	Active control
TGAGGTTCATAATCAG_PO20	PO20	Control
TGATAGAAGCGGACTT_PO20	PO20	Control
TGATGGTCATCAAGCG_PO11	PO11	AD
TGATGGTGTAACATAG_SMC053	SMC053	Active control
TGATTTGGTTTACACA_PO20	PO20	Control
TGCAATTAGTGGGTCT_PO05	PO05	AD
TGCAGGCCAAACGGCA_SMC037	SMC037	Active control
TGCAGTAGTTCCGCGA_SMC053	SMC053	Active control
TGCATCCGTAACGTTC_SMC037	SMC037	Active control
TGCCCATCAAAGGAAT_PO05	PO05	AD
TGCCTATTCTGGCCTC_PO15	PO15	Control
TGCGACGTCGCAGAGA_SMC052	SMC052	Control
TGCGGCACAAGCCATT_SMC041	SMC041	AD
TGCGGGTCAACCGGAA_SMC053	SMC053	Active control
TGCTCCACATCGTTCC_SMC033	SMC033	Control
TGCTGGACAAACCTAA_PO41	PO41	AD
TGGAATGGTTGGCGCT_PO41	PO41	AD
TGGAGAGCAGCGCTTG_SMC053	SMC053	Active control
TGGAGGAAGCGACTAG_SMC052	SMC052	Control
TGGAGGAGTAGTCCTA_SMC053	SMC053	Active control
TGGATGTAGGGCAACT_SMC053	SMC053	Active control
TGGATGTCACCCTAAA_SMC053	SMC053	Active control
TGGCGTGAGGGTTTCT_SMC053	SMC053	Active control
TGGCTGACAATTGGCG_PO20	PO20	Control
TGGGATAGTTTCGAGT_PO23	PO23	Control
TGGGCGTTCCGCTGTT_SMC038	SMC038	AD
TGGGGTTTCCTGCCTA_PO05	PO05	AD
TGGGTTAAGTTCATGC_SMC053	SMC053	Active control
TGGTATTAGCGCTGTG_PO20	PO20	Control
TGGTGATTCACAAGAA_SMC033	SMC033	Control
TGGTTACGTTATAGCC_PO20	PO20	Control
TGGTTAGGTTGTGCCG_SMC033	SMC033	Control
TGGTTTGAGTGGCGTT_PO41	PO41	AD
TGTAACGAGGTTGACG_SMC052	SMC052	Control
TGTACCGGTGAGACAC_PO20	PO20	Control
TGTACGATCCATCTAC_PO11	PO11	AD
TGTACTGAGTGCCCGA_PO28	PO28	AD
TGTCATTCATGCAGAT_PO28	PO28	AD
TGTCCACCATCATACT_PO13	PO13	Control
TGTCCACCATTCTCCG_SMC053	SMC053	Active control
TGTCCCATCCGGTGAT_PO11	PO11	AD
TGTCCTGGTACAAGTA_SMC041	SMC041	AD
TGTCTTGCATTAAGTG_PO11	PO11	AD
TGTGCCCTCTATCTGC_PO15	PO15	Control
TGTGCTGGTCATTGCG_PO11	PO11	AD
TGTGGCGCAGTATACC_SMC041	SMC041	AD
TGTGGCGGTCTCAGAT_SMC033	SMC033	Control
TGTGTGATCACCTGGG_SMC038	SMC038	AD
TGTTGAGAGGGTTTCT_SMC049	SMC049	AD
TGTTGAGAGTGAGGCT_SMC053	SMC053	Active control
TGTTGGACAAGTTGGG_SMC033	SMC033	Control
TGTTGGAGTGCAGTGA_SMC039	SMC039	AD
TGTTTGTTCAATCGGT_SMC052	SMC052	Control
TTAATCCCATGTCGTA_SMC033	SMC033	Control
TTAGGCATCGCTCTAC_SMC030	SMC030	Control
TTAGTCTAGCCATCCG_SMC033	SMC033	Control
TTCATTGCAATTTCGG_SMC052	SMC052	Control
TTCCACGAGTATAGAC_SMC053	SMC053	Active control
TTCCGGTAGGGTCTTT_SMC052	SMC052	Control
TTCCTAACAGAACGCA_SMC049	SMC049	AD
TTCTAGTAGACCATGG_SMC052	SMC052	Control
TTCTCTCAGCGTGCTC_SMC041	SMC041	AD
TTCTGTATCGTTAGAC_SMC053	SMC053	Active control
TTCTTCCTCCATTGCC_SMC052	SMC052	Control
TTGACCCGTCTCGCGA_SMC033	SMC033	Control
TTGACCCTCTATCGCC_SMC038	SMC038	AD
TTGCATTCAACAGAGC_SMC037	SMC037	Active control
TTGCATTGTTAATCGC_SMC033	SMC033	Control
TTGGGTACATTCAGCA_SMC049	SMC049	AD
TTGTTCAAGCGGATCA_SMC037	SMC037	Active control
TTGTTGTCACCCTTGT_SMC033	SMC033	Control
TTGTTTGGTCTTGGTA_SMC053	SMC053	Active control
TTTACTGGTGGTAACG_SMC033	SMC033	Control
TTTACTGTCGCCGAGT_SMC038	SMC038	AD
TTTACTGTCGTGGACC_SMC037	SMC037	Active control
TTTCAGTGTATACGGG_SMC035	SMC035	Active control
TTTCCTCAGCTGACTT_SMC052	SMC052	Control
TTTCCTCGTTAGCGGA_SMC032	SMC032	AD
TTTGACTCATGCAGCC_SMC033	SMC033	Control
TTTGGTTAGAAGTCAT_SMC037	SMC037	Active control
TTTGTTGAGACGTCCC_SMC033	SMC033	Control
