tissue	axis	axis_label	covariate	partial_rho	rho_with_size	null_lo	null_hi	null_p	p_bh	survives
muscle	0	axis0 (beta-sheet/TM, gene-level)	domain_binary	-0.04193092246366963	0.06495642736500937	-0.01341368732439633	0.024515760908529097	0.0	0.0	True
muscle	1	axis1 (LRR/Ig, weak)	domain_binary	0.010641527456612055	-0.025164267957930624	-0.02332705799499903	0.010892667234615825	0.349	0.42953846153846154	False
muscle	2	axis2 (Pro-turn order, weak)	domain_binary	0.06882790241918224	0.18906370825871405	0.007603288089123708	0.041766436190914524	0.0	0.0	True
muscle	3	axis3 (domain, KNOWN)	domain_binary	0.09895117488599553	0.3810678271865509	0.02019457716997115	0.05446877668306375	0.0	0.0	True
muscle	4	axis4 (helix-charge, weak)	domain_binary	0.008420810514968416	0.20257151378689642	0.003649058525545054	0.03874898857066742	0.915	0.9703225806451612	False
muscle	5	axis5 (length, KNOWN)	domain_binary	0.09017480768973672	0.08190954865293394	-0.005624398121268956	0.030448415632593935	0.0	0.0	True
muscle	6	axis6 (KRAB-ZNF/inverse-domain, weak)	domain_binary	-0.02882806869549242	-0.30668056185116865	-0.04857147562961456	-0.011256898755224102	0.523	0.5771034482758621	False
muscle	7	axis7 (acidic-helical, weak)	domain_binary	-0.00045399702322790006	0.16930430674662317	0.0019517840508355127	0.03665066968898224	0.995	0.995	False
muscle	0	axis0 (beta-sheet/TM, gene-level)	nterm_overlap	-0.023560700572795083	0.06495642736500937	-0.01798872177647136	0.009480238813324084	0.007	0.00973913043478261	False
muscle	1	axis1 (LRR/Ig, weak)	nterm_overlap	-0.008674963841252195	-0.025164267957930624	-0.015775569467220626	0.01405107857823314	0.228	0.29184	False
muscle	2	axis2 (Pro-turn order, weak)	nterm_overlap	-0.05180755640478224	0.18906370825871405	-0.018142106485678336	0.009777151307276879	0.0	0.0	True
muscle	3	axis3 (domain, KNOWN)	nterm_overlap	0.07347362272539862	0.3810678271865509	-0.017053958446217713	0.00917789834339656	0.0	0.0	True
muscle	4	axis4 (helix-charge, weak)	nterm_overlap	-0.019278537083202454	0.20257151378689642	-0.015505198676922205	0.013600589989877655	0.012	0.016	False
muscle	5	axis5 (length, KNOWN)	nterm_overlap	-0.027590632399927227	0.08190954865293394	-0.015579575114308629	0.011735163125250362	0.0	0.0	True
muscle	6	axis6 (KRAB-ZNF/inverse-domain, weak)	nterm_overlap	-0.08209233434442359	-0.30668056185116865	-0.015868771714727437	0.011450302229761409	0.0	0.0	True
muscle	7	axis7 (acidic-helical, weak)	nterm_overlap	0.00730368000649658	0.16930430674662317	-0.01743438339133777	0.01142398757275135	0.371	0.4397037037037037	False
muscle	0	axis0 (beta-sheet/TM, gene-level)	disorder_frac	0.2690806845596398	0.06495642736500937	-0.005461342606640236	0.01417532379202773	0.0	0.0	True
muscle	1	axis1 (LRR/Ig, weak)	disorder_frac	0.11313915868208836	-0.025164267957930624	-0.009728324711613587	0.012060106187141942	0.0	0.0	True
muscle	2	axis2 (Pro-turn order, weak)	disorder_frac	-0.07653124650533202	0.18906370825871405	-0.004759628102586181	0.016811398589680015	0.0	0.0	True
muscle	3	axis3 (domain, KNOWN)	disorder_frac	-0.052427103717209454	0.3810678271865509	6.496112542875689e-05	0.018736945432275214	0.0	0.0	True
muscle	4	axis4 (helix-charge, weak)	disorder_frac	-0.0005491611348558583	0.20257151378689642	-0.007260234447970354	0.014677548486040979	0.94	0.9703225806451612	False
muscle	5	axis5 (length, KNOWN)	disorder_frac	-0.16396237451340898	0.08190954865293394	-0.007108343409597668	0.014200327730338922	0.0	0.0	True
muscle	6	axis6 (KRAB-ZNF/inverse-domain, weak)	disorder_frac	0.07245029906763667	-0.30668056185116865	-0.013844086005240125	0.006667637952810594	0.0	0.0	True
muscle	7	axis7 (acidic-helical, weak)	disorder_frac	-0.05082002823605095	0.16930430674662317	-0.005915830638844519	0.0151011840835099	0.0	0.0	True
muscle	0	axis0 (beta-sheet/TM, gene-level)	resync_failure_binary	-0.0054884768188107344	0.06495642736500937	-0.012720813311070521	0.013617237121778588	0.449	0.5131428571428571	False
muscle	1	axis1 (LRR/Ig, weak)	resync_failure_binary	-0.06848797079640888	-0.025164267957930624	-0.03308695206566944	-0.005561857020411087	0.0	0.0	True
muscle	2	axis2 (Pro-turn order, weak)	resync_failure_binary	0.12215507317478283	0.18906370825871405	0.026311350343525126	0.053977097504109686	0.0	0.0	True
muscle	3	axis3 (domain, KNOWN)	resync_failure_binary	0.21270715301604332	0.3810678271865509	0.05706539422112774	0.08292290044851898	0.0	0.0	True
muscle	4	axis4 (helix-charge, weak)	resync_failure_binary	0.14314353510849787	0.20257151378689642	0.027620788718193408	0.054989112972048226	0.0	0.0	True
muscle	5	axis5 (length, KNOWN)	resync_failure_binary	0.06286314656212905	0.08190954865293394	0.004485667212073625	0.030899928755539357	0.0	0.0	True
muscle	6	axis6 (KRAB-ZNF/inverse-domain, weak)	resync_failure_binary	-0.18972365348884573	-0.30668056185116865	-0.07690471436129137	-0.05037867770840048	0.0	0.0	True
muscle	7	axis7 (acidic-helical, weak)	resync_failure_binary	0.1262599834222762	0.16930430674662317	0.02102648870539264	0.04709614288440366	0.0	0.0	True
brain	0	axis0 (beta-sheet/TM, gene-level)	domain_binary	-0.08994978709941615	0.06468078330135546	-0.007657100224963211	0.01805602257272932	0.0	0.0	True
brain	1	axis1 (LRR/Ig, weak)	domain_binary	0.04067462259908305	0.07221026899848826	-0.008499550148983135	0.01679464607264987	0.0	0.0	True
brain	2	axis2 (Pro-turn order, weak)	domain_binary	0.08730135666297968	0.12026767776270092	0.0015454365043661923	0.025843790144832273	0.0	0.0	True
brain	3	axis3 (domain, KNOWN)	domain_binary	0.20195546203254683	0.32841360461895724	0.015030978272594447	0.041004537321607776	0.0	0.0	True
brain	4	axis4 (helix-charge, weak)	domain_binary	-0.03281606185061696	0.10697314182863267	-0.0030399117051179963	0.021315487275935144	0.0	0.0	True
brain	5	axis5 (length, KNOWN)	domain_binary	0.12593031608730249	0.056397289128608266	-0.006674109483756915	0.017653922013343922	0.0	0.0	True
brain	6	axis6 (KRAB-ZNF/inverse-domain, weak)	domain_binary	-0.10276416912996135	-0.20995565661492777	-0.028389895544949292	-0.0035491502634096743	0.0	0.0	True
brain	7	axis7 (acidic-helical, weak)	domain_binary	-0.052010526725463954	0.07271901267305463	-0.006339357244291292	0.018340451121062806	0.0	0.0	True
brain	0	axis0 (beta-sheet/TM, gene-level)	nterm_overlap	-0.030659946093165396	0.06468078330135546	-0.010824152918642187	0.009745305597713302	0.0	0.0	True
brain	1	axis1 (LRR/Ig, weak)	nterm_overlap	0.03485593342495717	0.07221026899848826	-0.01067042239546011	0.01045117105927919	0.0	0.0	True
brain	2	axis2 (Pro-turn order, weak)	nterm_overlap	-0.06281521444957033	0.12026767776270092	-0.011766627721380502	0.009940786646913086	0.0	0.0	True
brain	3	axis3 (domain, KNOWN)	nterm_overlap	0.023157542819532587	0.32841360461895724	-0.009970685476476435	0.010890690612480769	0.0	0.0	True
brain	4	axis4 (helix-charge, weak)	nterm_overlap	-0.08928412608929742	0.10697314182863267	-0.009879979399618013	0.011106866855003698	0.0	0.0	True
brain	5	axis5 (length, KNOWN)	nterm_overlap	-0.034783815782765216	0.056397289128608266	-0.010618982376117069	0.01084627542927265	0.0	0.0	True
brain	6	axis6 (KRAB-ZNF/inverse-domain, weak)	nterm_overlap	-0.036133824962784486	-0.20995565661492777	-0.011832029945772145	0.009069137847099704	0.0	0.0	True
brain	7	axis7 (acidic-helical, weak)	nterm_overlap	-0.018212031151186407	0.07271901267305463	-0.010645515022544839	0.010353087568774715	0.001	0.001032258064516129	True
brain	0	axis0 (beta-sheet/TM, gene-level)	disorder_frac	0.283355908300608	0.06468078330135546	-0.0030518068713248333	0.010351160785536238	0.0	0.0	True
brain	1	axis1 (LRR/Ig, weak)	disorder_frac	0.11147057257974136	0.07221026899848826	-0.0033567847382576514	0.01115446003050369	0.0	0.0	True
brain	2	axis2 (Pro-turn order, weak)	disorder_frac	-0.07018239838623502	0.12026767776270092	-0.0013705237800870308	0.013778655777559783	0.0	0.0	True
brain	3	axis3 (domain, KNOWN)	disorder_frac	-0.04383759490661291	0.32841360461895724	0.005738064925620109	0.02059771146151473	0.0	0.0	True
brain	4	axis4 (helix-charge, weak)	disorder_frac	0.04870423903171581	0.10697314182863267	-0.006146395261884272	0.010899028742290873	0.0	0.0	True
brain	5	axis5 (length, KNOWN)	disorder_frac	-0.1663766211874943	0.056397289128608266	-0.007058542111001488	0.007918771001224255	0.0	0.0	True
brain	6	axis6 (KRAB-ZNF/inverse-domain, weak)	disorder_frac	0.05110469535263693	-0.20995565661492777	-0.012695794283221627	0.003278269621862609	0.0	0.0	True
brain	7	axis7 (acidic-helical, weak)	disorder_frac	-0.015356908692022534	0.07271901267305463	-0.004122444979108893	0.011149213262138236	0.0	0.0	True
brain	0	axis0 (beta-sheet/TM, gene-level)	resync_failure_binary	0.025331617266587607	0.06468078330135546	-0.0046686676182343114	0.012137891156495276	0.0	0.0	True
brain	1	axis1 (LRR/Ig, weak)	resync_failure_binary	-0.007901417751632138	0.07221026899848826	-0.007307179459755913	0.011204375140600638	0.112	0.112	False
brain	2	axis2 (Pro-turn order, weak)	resync_failure_binary	0.07509648416525737	0.12026767776270092	0.00030540873369583083	0.01832082407311112	0.0	0.0	True
brain	3	axis3 (domain, KNOWN)	resync_failure_binary	0.1479662934464312	0.32841360461895724	0.01876299472423034	0.036283338959800876	0.0	0.0	True
brain	4	axis4 (helix-charge, weak)	resync_failure_binary	0.10512294522296804	0.10697314182863267	0.003335833376976795	0.021390952654365126	0.0	0.0	True
brain	5	axis5 (length, KNOWN)	resync_failure_binary	0.056598022921329275	0.056397289128608266	-0.0017826788744069312	0.016293888627865263	0.0	0.0	True
brain	6	axis6 (KRAB-ZNF/inverse-domain, weak)	resync_failure_binary	-0.12256587576190678	-0.20995565661492777	-0.032616800160032225	-0.015125681291648051	0.0	0.0	True
brain	7	axis7 (acidic-helical, weak)	resync_failure_binary	0.059807381699563525	0.07271901267305463	-0.004476473923199315	0.01221249451730607	0.0	0.0	True
