tissue	layer	corr_orig	corr_occ	delta	rel_effect
muscle	1	0.0186741890450914	-0.0026008266637565004	-0.021275015708847902	-1.1392738746232272
muscle	2	0.012616094611385572	-0.04074300937747145	-0.053359103988857015	-4.22944703828571
muscle	3	0.0178925168371072	-0.05751050071595478	-0.07540301755306197	-4.214220852187996
muscle	4	-0.0011613897043230858	-0.05446440411881548	-0.053303014414492395	45.89589025637176
muscle	5	-0.019045855583556932	-0.07623641295703043	-0.0571905573734735	3.002782265284446
muscle	6	-0.007574307346810218	-0.06484578794123155	-0.05727148059442133	7.561282896519927
muscle	7	0.015270926831458396	0.014092832593163377	-0.0011780942382950185	-0.07714621720720462
muscle	8	-0.019134148527279234	0.001641137055843203	0.020775285583122437	-1.0857700594047057
muscle	9	-0.07572248615859012	-0.052066463509280556	0.023656022649309563	-0.3124041991934251
muscle	10	-0.06414730846530405	-0.043518788698610276	0.02062851976669377	-0.32158044133451535
muscle	11	-0.08747935506829314	-0.046574295373693224	0.04090505969459992	-0.467596722251396
muscle	12	-0.07695261589412186	-0.02095361817190754	0.055998997722214325	-0.7277075258788167
muscle	13	-0.11844592564845005	-0.0692189492462151	0.049226976402234945	-0.41560717376080647
muscle	14	-0.09975630334083561	-0.0665276720897427	0.03322863125109292	-0.33309806135820047
muscle	15	-0.09105288918809216	-0.053291380808197085	0.03776150837989508	-0.4147205949927562
muscle	16	-0.09203398998897296	-0.06328629505357186	0.028747694935401094	-0.312359541717636
muscle	17	-0.09235609206573213	-0.06387514495211512	0.02848094711361701	-0.3083818996298199
muscle	18	-0.08435719050583544	-0.06890529449136214	0.015451896014473304	-0.18317224556458425
muscle	19	-0.0951793218255662	-0.07531531657333304	0.019864005252233155	-0.2087008487897995
muscle	20	-0.0952000399715797	-0.08224677536437186	0.012953264607207846	-0.13606364672824522
muscle	21	-0.09115758304031188	-0.07248701822848665	0.018670564811825233	-0.20481636512421242
muscle	22	-0.09512199117684904	-0.08119785709712118	0.013924134079727854	-0.1463818608868307
muscle	23	-0.09394243746659606	-0.08300643722764937	0.010936000238946683	-0.11641171481030917
muscle	24	-0.09641773370866194	-0.08635648336355214	0.010061250345109796	-0.10435062055608052
muscle	25	-0.10018580991633737	-0.087415635582174	0.012770174334163373	-0.12746490091588242
muscle	26	-0.10954630388100799	-0.09171856074076472	0.01782774314024327	-0.16274162165807274
muscle	27	-0.11154182312618406	-0.09314643384824979	0.01839538927793427	-0.16491920933660995
muscle	28	-0.12423369082645774	-0.09818547783687746	0.02604821298958028	-0.20967108693540365
muscle	29	-0.13066471358809914	-0.10240495589251303	0.028259757695586113	-0.2162768885306767
muscle	30	-0.12701170426834096	-0.11984805393145907	0.007163650336881891	-0.05640149762691995
brain	1	0.042908264015479584	0.01864271819567989	-0.024265545819799693	-0.5655214997988652
brain	2	0.028333265544767595	-0.022065483699089287	-0.050398749243856886	-1.7787836408840703
brain	3	0.02608861814040906	-0.045006657112398166	-0.07109527525280723	-2.725145305518757
brain	4	0.026035124245682783	-0.03958838399758236	-0.06562350824326514	-2.520575958232541
brain	5	0.009058563982245497	-0.06410407295815874	-0.07316263694040424	-8.076626392858817
brain	6	0.026373816032842348	-0.04771149412611478	-0.07408531015895713	-2.80904780964201
brain	7	0.032424488263768744	0.028235239777512012	-0.004189248486256732	-0.1292001419475852
brain	8	-0.018135248028267194	0.00323637565994909	0.021371623688216282	-1.178457755576576
brain	9	-0.08354249197107896	-0.05810020777504148	0.02544228419603748	-0.3045430366722264
brain	10	-0.05858063523676958	-0.0368914218211173	0.021689213415652282	-0.37024544592235
brain	11	-0.0911023111383754	-0.05035667327657003	0.04074563786180537	-0.4472514182424722
brain	12	-0.08021475478823252	-0.023130327923756154	0.057084426864476366	-0.7116449712422562
brain	13	-0.11678144162377954	-0.06658140410161333	0.050200037522166216	-0.42986314284327404
brain	14	-0.09742681447028381	-0.057632866608892455	0.03979394786139136	-0.4084496457957057
brain	15	-0.09574347535325861	-0.042619445088640386	0.053124030264618226	-0.5548579688444552
brain	16	-0.09637677181348761	-0.055444558291969266	0.040932213521518344	-0.42471036071567214
brain	17	-0.10020064122888665	-0.06402252046445114	0.03617812076443551	-0.36105677888621923
brain	18	-0.10165027797036862	-0.07854310648484442	0.0231071714855242	-0.227320298054276
brain	19	-0.10933173384632945	-0.08802427612782693	0.021307457718502523	-0.19488813511776087
brain	20	-0.11642369570763707	-0.1051475885135882	0.011276107194048868	-0.0968540564316512
brain	21	-0.10338766153137635	-0.08207674875574623	0.021310912775630117	-0.20612626748659585
brain	22	-0.12007315366958031	-0.10078243375085358	0.01929071991872673	-0.16065805993412413
brain	23	-0.12110722632501252	-0.10440225524284241	0.016704971082170103	-0.13793537833439748
brain	24	-0.12562883597883598	-0.10949829469238442	0.016130541286451555	-0.1283983980331473
brain	25	-0.12290666113044804	-0.10484037782018801	0.01806628331026003	-0.1469918972990831
brain	26	-0.13230853005616652	-0.10911786306439666	0.02319066699176986	-0.17527718720724317
brain	27	-0.13370407103031418	-0.10964195607472944	0.024062114955584732	-0.17996546230914112
brain	28	-0.14143329311981098	-0.1106770175982486	0.030756275521562376	-0.21746135470032588
brain	29	-0.14676508027488097	-0.1118897529422491	0.03487532733263188	-0.23762687464424626
brain	30	-0.14455374500950624	-0.13277018802954962	0.011783556979956616	-0.08151678795441583
