sample	condition	cluster	layer	n_cells	RBFOX1	RBFOX2
PO05	AD	1	L2/3	285	4.222402572631836	1.3618009090423584
PO05	AD	2	L2/3	379	4.337393760681152	1.5047645568847656
PO05	AD	27	L2/3	29	3.972637176513672	1.581649899482727
PO05	AD	10	L4	125	3.75933575630188	1.6310614347457886
PO05	AD	11	L4	176	4.084864616394043	1.6094393730163574
PO05	AD	18	L4	23	3.1480724811553955	1.7647552490234375
PO05	AD	19	L5	41	3.9978134632110596	1.4994852542877197
PO05	AD	26	L5	30	4.141998291015625	1.711127519607544
PO05	AD	25	L6	31	3.7844460010528564	1.5670762062072754
PO05	AD	20	Unclassified	78	4.258448123931885	1.5212358236312866
PO11	AD	1	L2/3	320	4.056126594543457	1.5006723403930664
PO11	AD	2	L2/3	256	4.028751373291016	1.5067672729492188
PO11	AD	27	L2/3	21	4.154311656951904	1.607105016708374
PO11	AD	10	L4	186	3.590991497039795	1.5434942245483398
PO11	AD	11	L4	179	3.981501817703247	1.5761256217956543
PO11	AD	18	L4	75	3.284998655319214	1.5363142490386963
PO11	AD	19	L5	19	3.8699052333831787	1.5520918369293213
PO11	AD	26	L5	23	4.176528453826904	1.508396029472351
PO11	AD	25	L6	49	3.780851125717163	1.505832552909851
PO11	AD	20	Unclassified	37	4.150915145874023	1.4975664615631104
PO13	Control	1	L2/3	60	4.207644462585449	1.214548110961914
PO13	Control	2	L2/3	240	4.370843410491943	1.2356255054473877
PO13	Control	27	L2/3	10	4.074782371520996	1.3314064741134644
PO13	Control	10	L4	109	3.8949227333068848	1.4306719303131104
PO13	Control	11	L4	90	4.199915409088135	1.4485373497009277
PO13	Control	18	L4	16	3.2079544067382812	1.5561147928237915
PO13	Control	19	L5	114	3.9329099655151367	1.3199535608291626
PO13	Control	26	L5	8	4.412569522857666	1.3211033344268799
PO13	Control	25	L6	23	3.9247257709503174	1.4635385274887085
PO13	Control	20	Unclassified	107	4.280175685882568	1.2951284646987915
PO15	Control	1	L2/3	135	3.842313766479492	1.4854686260223389
PO15	Control	2	L2/3	331	3.8103485107421875	1.570806622505188
PO15	Control	27	L2/3	3	4.051679611206055	1.748314380645752
PO15	Control	10	L4	98	3.4587159156799316	1.701072335243225
PO15	Control	11	L4	82	3.9414308071136475	1.7690739631652832
PO15	Control	18	L4	34	2.852409601211548	1.6449750661849976
PO15	Control	19	L5	20	3.653904914855957	1.547634482383728
PO15	Control	26	L5	13	3.980365514755249	1.6864445209503174
PO15	Control	25	L6	13	3.6320912837982178	1.7022826671600342
PO15	Control	20	Unclassified	16	4.017794609069824	1.5817980766296387
PO20	Control	1	L2/3	145	4.150378227233887	1.2306334972381592
PO20	Control	2	L2/3	258	4.206975936889648	1.2826011180877686
PO20	Control	27	L2/3	62	4.078876495361328	1.4027204513549805
PO20	Control	10	L4	220	3.893289089202881	1.4155036211013794
PO20	Control	11	L4	211	4.106895446777344	1.450977087020874
PO20	Control	18	L4	39	3.3310840129852295	1.4167661666870117
PO20	Control	19	L5	172	4.024216175079346	1.2966012954711914
PO20	Control	26	L5	41	4.284023284912109	1.4569754600524902
PO20	Control	25	L6	67	3.725421190261841	1.5009223222732544
PO20	Control	20	Unclassified	239	4.163025379180908	1.324369192123413
PO23	Control	1	L2/3	435	4.124785423278809	1.4911220073699951
PO23	Control	2	L2/3	704	4.269202709197998	1.556983232498169
PO23	Control	27	L2/3	29	4.029582977294922	1.4752424955368042
PO23	Control	10	L4	62	3.7734999656677246	1.7020773887634277
PO23	Control	11	L4	185	4.108989715576172	1.6501550674438477
PO23	Control	18	L4	17	3.051398277282715	1.5920042991638184
PO23	Control	19	L5	61	3.98722767829895	1.4923250675201416
PO23	Control	26	L5	27	3.9438886642456055	1.825547695159912
PO23	Control	25	L6	9	3.898374557495117	1.6641321182250977
PO23	Control	20	Unclassified	76	4.1534647941589355	1.556057095527649
PO28	AD	1	L2/3	98	4.112091541290283	1.4807499647140503
PO28	AD	2	L2/3	642	4.219021797180176	1.5515258312225342
PO28	AD	27	L2/3	36	4.2058587074279785	1.5941016674041748
PO28	AD	10	L4	321	3.596951961517334	1.650099754333496
PO28	AD	11	L4	356	4.031164646148682	1.624532699584961
PO28	AD	18	L4	127	2.931101083755493	1.668550729751587
PO28	AD	19	L5	64	3.9672532081604004	1.478755235671997
PO28	AD	26	L5	63	4.087253093719482	1.7534338235855103
PO28	AD	25	L6	63	3.7923357486724854	1.6504398584365845
PO28	AD	20	Unclassified	86	4.215736389160156	1.5153450965881348
PO41	AD	1	L2/3	61	3.9988911151885986	1.4207412004470825
PO41	AD	2	L2/3	277	4.210507392883301	1.4830141067504883
PO41	AD	27	L2/3	22	4.2642364501953125	1.525890588760376
PO41	AD	10	L4	130	3.7133231163024902	1.5931971073150635
PO41	AD	11	L4	155	4.043529510498047	1.5243580341339111
PO41	AD	18	L4	70	3.599306344985962	1.6082546710968018
PO41	AD	19	L5	65	3.906430959701538	1.3992388248443604
PO41	AD	26	L5	50	4.178491592407227	1.5988922119140625
PO41	AD	25	L6	27	3.8398070335388184	1.5185425281524658
PO41	AD	20	Unclassified	121	4.158074855804443	1.3819851875305176
PO42	AD	1	L2/3	291	4.11335563659668	1.4984779357910156
PO42	AD	2	L2/3	510	4.190342903137207	1.4746617078781128
PO42	AD	27	L2/3	25	4.188642978668213	1.4443594217300415
PO42	AD	10	L4	147	3.781217098236084	1.596327304840088
PO42	AD	11	L4	119	4.073358535766602	1.5736916065216064
PO42	AD	18	L4	68	3.2784788608551025	1.6446481943130493
PO42	AD	19	L5	52	3.8901255130767822	1.3991822004318237
PO42	AD	26	L5	8	3.861520767211914	1.4536552429199219
PO42	AD	25	L6	18	3.9523911476135254	1.5822769403457642
PO42	AD	20	Unclassified	66	4.185518264770508	1.4177727699279785
SMC027	Control	1	L2/3	107	3.8786070346832275	1.417534589767456
SMC027	Control	10	L4	5	3.4038422107696533	1.6597201824188232
SMC027	Control	11	L4	6	3.857635259628296	1.6523454189300537
SMC027	Control	19	L5	6	3.792694568634033	1.6976191997528076
SMC029	AD	1	L2/3	118	3.8355295658111572	1.4879653453826904
SMC029	AD	2	L2/3	10	4.035605430603027	1.5873383283615112
SMC029	AD	27	L2/3	3	3.949343204498291	1.5757204294204712
SMC029	AD	10	L4	4	3.527493476867676	1.5897356271743774
SMC029	AD	11	L4	9	3.63309383392334	1.7131669521331787
SMC030	Control	1	L2/3	607	3.6717123985290527	1.3469159603118896
SMC030	Control	2	L2/3	48	3.774622678756714	1.536567211151123
SMC030	Control	27	L2/3	9	3.7389445304870605	1.514600157737732
SMC030	Control	10	L4	66	3.313791036605835	1.5404554605484009
SMC030	Control	11	L4	66	3.571840763092041	1.6328846216201782
SMC030	Control	18	L4	45	2.466905355453491	1.667763113975525
SMC030	Control	19	L5	36	3.5438969135284424	1.5596586465835571
SMC030	Control	26	L5	16	3.7327067852020264	1.645080804824829
SMC030	Control	25	L6	8	3.366309642791748	1.5984036922454834
SMC030	Control	20	Unclassified	14	3.960951328277588	1.4389225244522095
SMC031	Active control	1	L2/3	298	3.9893665313720703	1.4217109680175781
SMC031	Active control	2	L2/3	24	3.9579954147338867	1.5924344062805176
SMC031	Active control	10	L4	24	3.259833812713623	1.6825101375579834
SMC031	Active control	11	L4	13	3.5785951614379883	1.445017695426941
SMC031	Active control	18	L4	15	2.202420234680176	1.5656658411026
SMC031	Active control	19	L5	9	3.8182930946350098	1.5748233795166016
SMC031	Active control	25	L6	3	3.584890365600586	1.0828816890716553
SMC032	AD	1	L2/3	262	3.7528209686279297	1.4001158475875854
SMC032	AD	2	L2/3	112	3.7202370166778564	1.463165521621704
SMC032	AD	10	L4	60	3.294955015182495	1.5740755796432495
SMC032	AD	11	L4	80	3.6289334297180176	1.5604032278060913
SMC032	AD	18	L4	32	2.543795108795166	1.5529202222824097
SMC032	AD	19	L5	7	3.8969955444335938	1.4444972276687622
SMC032	AD	26	L5	11	3.6055238246917725	1.6264770030975342
SMC032	AD	25	L6	8	3.3590598106384277	1.7343299388885498
SMC032	AD	20	Unclassified	5	4.032474517822266	1.5850348472595215
SMC033	Control	1	L2/3	923	3.8282463550567627	1.3946577310562134
SMC033	Control	2	L2/3	329	3.9542794227600098	1.489891767501831
SMC033	Control	27	L2/3	112	3.952294111251831	1.5238549709320068
SMC033	Control	10	L4	290	3.488306999206543	1.553080439567566
SMC033	Control	11	L4	336	3.8524999618530273	1.6558353900909424
SMC033	Control	18	L4	93	2.6740095615386963	1.5290204286575317
SMC033	Control	19	L5	326	3.693239212036133	1.5421193838119507
SMC033	Control	26	L5	111	3.9938459396362305	1.7148462533950806
SMC033	Control	25	L6	107	3.6416337490081787	1.5273723602294922
SMC033	Control	20	Unclassified	177	3.934004306793213	1.5512080192565918
SMC035	Active control	1	L2/3	707	3.829256534576416	1.3283888101577759
SMC035	Active control	2	L2/3	332	3.9555795192718506	1.4359514713287354
SMC035	Active control	27	L2/3	41	3.688059091567993	1.537307620048523
SMC035	Active control	10	L4	157	3.342350482940674	1.4756853580474854
SMC035	Active control	11	L4	157	3.7397749423980713	1.556828498840332
SMC035	Active control	18	L4	55	2.695249319076538	1.5491613149642944
SMC035	Active control	19	L5	47	3.6615827083587646	1.3291633129119873
SMC035	Active control	26	L5	40	3.8541364669799805	1.5680696964263916
SMC035	Active control	25	L6	15	3.2772152423858643	1.4810858964920044
SMC035	Active control	20	Unclassified	38	3.7999579906463623	1.494250774383545
SMC036	AD	1	L2/3	105	4.054757118225098	1.5337190628051758
SMC036	AD	2	L2/3	28	4.188571929931641	1.550990104675293
SMC036	AD	10	L4	19	3.70796537399292	1.5030580759048462
SMC036	AD	11	L4	11	4.097811222076416	1.4330520629882812
SMC036	AD	18	L4	23	3.246318817138672	1.6515215635299683
SMC036	AD	19	L5	11	4.0259623527526855	1.580662727355957
SMC036	AD	20	Unclassified	4	4.358536243438721	1.603548288345337
SMC037	Active control	1	L2/3	252	4.035270690917969	1.5607439279556274
SMC037	Active control	2	L2/3	196	4.238190650939941	1.6312707662582397
SMC037	Active control	27	L2/3	27	4.166391849517822	1.5808457136154175
SMC037	Active control	10	L4	251	3.617177724838257	1.671677827835083
SMC037	Active control	11	L4	204	3.9855053424835205	1.715641736984253
SMC037	Active control	18	L4	55	3.281261444091797	1.4887304306030273
SMC037	Active control	19	L5	31	3.9091122150421143	1.6752883195877075
SMC037	Active control	26	L5	43	4.21199369430542	1.7389057874679565
SMC037	Active control	25	L6	32	3.648167610168457	1.5293575525283813
SMC037	Active control	20	Unclassified	29	4.320191860198975	1.6070438623428345
SMC038	AD	1	L2/3	677	3.9431135654449463	1.5201292037963867
SMC038	AD	2	L2/3	299	4.159237861633301	1.6182597875595093
SMC038	AD	27	L2/3	31	4.096238136291504	1.6602282524108887
SMC038	AD	10	L4	282	3.6166558265686035	1.6618130207061768
SMC038	AD	11	L4	213	3.9784982204437256	1.7024707794189453
SMC038	AD	18	L4	36	3.302426815032959	1.5861483812332153
SMC038	AD	19	L5	15	4.03031063079834	1.3949878215789795
SMC038	AD	26	L5	26	4.308920860290527	1.75312077999115
SMC038	AD	25	L6	49	3.7857468128204346	1.6212791204452515
SMC038	AD	20	Unclassified	12	4.201552391052246	1.622622013092041
SMC039	AD	1	L2/3	108	3.7941839694976807	1.4298096895217896
SMC039	AD	2	L2/3	19	3.8914976119995117	1.273106575012207
SMC039	AD	10	L4	86	3.298335313796997	1.3562346696853638
SMC039	AD	11	L4	69	3.772564172744751	1.4164550304412842
SMC039	AD	18	L4	102	2.5963399410247803	1.455187201499939
SMC039	AD	19	L5	7	3.6619138717651367	1.3262945413589478
SMC039	AD	26	L5	6	3.8867642879486084	1.1656970977783203
SMC039	AD	25	L6	12	3.594311237335205	1.1029587984085083
SMC041	AD	1	L2/3	365	3.9568543434143066	1.3024373054504395
SMC041	AD	2	L2/3	354	4.021924018859863	1.3306570053100586
SMC041	AD	27	L2/3	16	3.851511001586914	1.2455663681030273
SMC041	AD	10	L4	312	3.529913902282715	1.4455201625823975
SMC041	AD	11	L4	377	3.8806843757629395	1.4384779930114746
SMC041	AD	18	L4	174	2.652162551879883	1.3867814540863037
SMC041	AD	19	L5	40	3.8976244926452637	1.3486518859863281
SMC041	AD	26	L5	30	4.017200946807861	1.5882195234298706
SMC041	AD	25	L6	39	3.6473677158355713	1.448468565940857
SMC041	AD	20	Unclassified	39	4.095604419708252	1.2607417106628418
SMC043	AD	1	L2/3	73	3.9997661113739014	1.4867935180664062
SMC043	AD	2	L2/3	5	3.9854931831359863	1.2986655235290527
SMC043	AD	10	L4	9	3.5518808364868164	1.4778118133544922
SMC043	AD	11	L4	6	3.8603250980377197	1.1119980812072754
SMC043	AD	18	L4	6	2.6356568336486816	1.2485644817352295
SMC043	AD	26	L5	3	3.8249263763427734	1.6201636791229248
SMC049	AD	1	L2/3	1341	3.793914318084717	1.271477222442627
SMC049	AD	2	L2/3	1338	3.8727211952209473	1.4393500089645386
SMC049	AD	27	L2/3	45	3.904214382171631	1.5093016624450684
SMC049	AD	10	L4	447	3.3026161193847656	1.4161231517791748
SMC049	AD	11	L4	484	3.6832761764526367	1.4919414520263672
SMC049	AD	18	L4	238	2.6168317794799805	1.4091217517852783
SMC049	AD	19	L5	18	3.696422815322876	1.5464142560958862
SMC049	AD	26	L5	55	3.8083412647247314	1.5536600351333618
SMC049	AD	25	L6	38	3.4977190494537354	1.3743021488189697
SMC049	AD	20	Unclassified	66	3.9719104766845703	1.2537161111831665
SMC052	Control	1	L2/3	1807	4.0215301513671875	1.4593786001205444
SMC052	Control	2	L2/3	1795	4.197577476501465	1.514847755432129
SMC052	Control	27	L2/3	89	4.230782985687256	1.4914549589157104
SMC052	Control	10	L4	361	3.6558542251586914	1.5632754564285278
SMC052	Control	11	L4	272	4.074936866760254	1.6725170612335205
SMC052	Control	18	L4	130	3.223464250564575	1.5327444076538086
SMC052	Control	19	L5	122	3.79042387008667	1.5489386320114136
SMC052	Control	26	L5	49	4.150313377380371	1.6249301433563232
SMC052	Control	25	L6	73	3.9282543659210205	1.5272003412246704
SMC052	Control	20	Unclassified	87	4.243967056274414	1.501173734664917
SMC053	Active control	1	L2/3	678	3.883927822113037	1.432552456855774
SMC053	Active control	2	L2/3	1223	4.074949264526367	1.55885910987854
SMC053	Active control	27	L2/3	48	3.9886186122894287	1.647989273071289
SMC053	Active control	10	L4	385	3.5940558910369873	1.6532328128814697
SMC053	Active control	11	L4	434	3.8113789558410645	1.7077653408050537
SMC053	Active control	18	L4	128	3.3328123092651367	1.6225614547729492
SMC053	Active control	19	L5	125	3.838580846786499	1.5274436473846436
SMC053	Active control	26	L5	86	4.105253219604492	1.7209638357162476
SMC053	Active control	25	L6	68	3.6698989868164062	1.5331315994262695
SMC053	Active control	20	Unclassified	56	3.9766955375671387	1.5534697771072388
