ELMIdentifier	ProteinName	Primary_Acc	Start	End	Organism
DEG_APCC_DBOX_1	AURKB_HUMAN	Q96GD4	314	322	Homo sapiens
DEG_APCC_DBOX_1	BUB1B_HUMAN	O60566	223	231	Homo sapiens
DEG_APCC_DBOX_1	CCNB1_HUMAN	P14635	41	49	Homo sapiens
DEG_APCC_DBOX_1	FBX5_HUMAN	Q9UKT4	321	329	Homo sapiens
DEG_APCC_DBOX_1	ID2_HUMAN	Q02363	99	107	Homo sapiens
DEG_APCC_DBOX_1	PLK1_HUMAN	P53350	336	344	Homo sapiens
DEG_APCC_DBOX_1	SKP2_HUMAN	Q13309	2	10	Homo sapiens
DEG_APCC_DBOX_1	STK6_HUMAN	O14965	370	378	Homo sapiens
DEG_APCC_TPR_1	APC10_HUMAN	Q9UM13	183	185	Homo sapiens
DEG_APCC_TPR_1	CDC20_HUMAN	Q12834	497	499	Homo sapiens
DEG_APCC_TPR_1	FZR_HUMAN	Q9UM11	494	496	Homo sapiens
DEG_APCC_TPR_1	KI18A_HUMAN	Q8NI77	896	898	Homo sapiens
DEG_APCC_TPR_1	NEK2_HUMAN	P51955	443	445	Homo sapiens
TRG_ER_FFAT_1	ASNA_HUMAN	O43681	13	20	Homo sapiens
TRG_ER_FFAT_1	C43BP_HUMAN	Q9Y5P4	319	327	Homo sapiens
TRG_ER_FFAT_1	FAF1_HUMAN	Q9UNN5	294	301	Homo sapiens
TRG_ER_FFAT_1	FRPD1_HUMAN	Q5SYB0	767	776	Homo sapiens
TRG_ER_FFAT_1	OSBL1_HUMAN	Q9BXW6	474	482	Homo sapiens
TRG_ER_FFAT_1	OSBL2_HUMAN	Q9H1P3	5	12	Homo sapiens
TRG_ER_FFAT_1	OSBL3_HUMAN	Q9H4L5	447	456	Homo sapiens
TRG_ER_FFAT_1	OSBL6_HUMAN	Q9BZF3	493	500	Homo sapiens
TRG_ER_FFAT_1	OSBL7_HUMAN	Q9BZF2	399	408	Homo sapiens
TRG_ER_FFAT_1	OSBL9_HUMAN	Q96SU4	293	300	Homo sapiens
TRG_ER_FFAT_1	OSBP1_HUMAN	P22059	356	364	Homo sapiens
TRG_ER_FFAT_1	OSBP2_HUMAN	Q969R2	447	458	Homo sapiens
TRG_ER_FFAT_1	PITM1_HUMAN	O00562	348	355	Homo sapiens
TRG_ER_FFAT_1	PITM2_HUMAN	Q9BZ72	343	351	Homo sapiens
TRG_ER_FFAT_1	PITM3_HUMAN	Q9BZ71	31	41	Homo sapiens
TRG_ER_FFAT_1	RB3GP_HUMAN	Q15042	583	591	Homo sapiens
TRG_ER_FFAT_1	VP13A_HUMAN	Q96RL7	839	849	Homo sapiens
TRG_ER_FFAT_1	VP13C_HUMAN	Q709C8	876	883	Homo sapiens
TRG_ER_FFAT_1	WDR44_HUMAN	Q5JSH3	6	16	Homo sapiens
TRG_ER_FFAT_1	ZFY27_HUMAN	Q5T4F4	285	293	Homo sapiens
TRG_DiLeu_BaLyEn_6	AT2B1_HUMAN	P20020	1157	1162	Homo sapiens
TRG_DiLeu_BaLyEn_6	AT2B2_HUMAN	Q01814	1180	1185	Homo sapiens
TRG_DiLeu_BaLyEn_6	CADH1_HUMAN	P12830	737	742	Homo sapiens
TRG_DiLeu_BaLyEn_6	CASR_HUMAN	P41180	1009	1014	Homo sapiens
TRG_DiLeu_BaLyEn_6	CD4_HUMAN	P01730	434	439	Homo sapiens
TRG_DiLeu_BaLyEn_6	IL6RB_HUMAN	P40189	782	787	Homo sapiens
TRG_DiLeu_BaLyEn_6	LRFN2_HUMAN	Q9ULH4	694	699	Homo sapiens
TRG_DiLeu_BaLyEn_6	OPRD_HUMAN	P41143	241	246	Homo sapiens
TRG_DiLeu_BaLyEn_6	S12A2_HUMAN	P55011	985	990	Homo sapiens
TRG_DiLeu_BaLyEn_6	S17A5_HUMAN	Q9NRA2	18	23	Homo sapiens
TRG_DiLeu_BaLyEn_6	TYRP1_HUMAN	P17643	510	515	Homo sapiens
TRG_NLS_MonoExtN_4	APC_HUMAN	P25054	2048	2054	Homo sapiens
TRG_NLS_MonoExtN_4	APC_HUMAN	P25054	2049	2054	Homo sapiens
TRG_NLS_MonoExtN_4	BRCA1_HUMAN	P38398	501	508	Homo sapiens
TRG_NLS_MonoExtN_4	BRCA1_HUMAN	P38398	504	509	Homo sapiens
TRG_NLS_MonoExtN_4	BRCA1_HUMAN	P38398	606	611	Homo sapiens
TRG_NLS_MonoExtN_4	DAG1_HUMAN	Q14118	778	783	Homo sapiens
TRG_NLS_MonoExtN_4	MYC_HUMAN	P01106	320	327	Homo sapiens
TRG_NLS_MonoExtN_4	NFKB1_HUMAN	P19838	361	366	Homo sapiens
TRG_NLS_MonoExtN_4	OGG1_HUMAN	O15527	333	339	Homo sapiens
TRG_NLS_MonoExtN_4	SKP2_HUMAN	Q13309	67	72	Homo sapiens
TRG_NLS_MonoExtN_4	SPAST_HUMAN	Q9UBP0	7	13	Homo sapiens
TRG_NLS_MonoExtN_4	UNG_HUMAN	P13051	15	21	Homo sapiens
TRG_Golgi_diPhe_1	TMED2_HUMAN	Q15363	187	201	Homo sapiens
TRG_Golgi_diPhe_1	TMED9_HUMAN	Q9BVK6	221	235	Homo sapiens
TRG_Golgi_diPhe_1	TMEDA_HUMAN	P49755	204	219	Homo sapiens
DEG_SCF_TRCP1_1	ATF4_HUMAN	P18848	218	224	Homo sapiens
DEG_SCF_TRCP1_1	BORA_HUMAN	Q6PGQ7	496	501	Homo sapiens
DEG_SCF_TRCP1_1	CLSPN_HUMAN	Q9HAW4	29	34	Homo sapiens
DEG_SCF_TRCP1_1	CTNB1_HUMAN	P35222	32	37	Homo sapiens
DEG_SCF_TRCP1_1	DLG1_HUMAN	Q12959	597	602	Homo sapiens
DEG_SCF_TRCP1_1	FBX5_HUMAN	Q9UKT4	144	149	Homo sapiens
DEG_SCF_TRCP1_1	FGD1_HUMAN	P98174	282	287	Homo sapiens
DEG_SCF_TRCP1_1	FGD3_HUMAN	Q5JSP0	75	80	Homo sapiens
DEG_SCF_TRCP1_1	IKBA_HUMAN	P25963	31	36	Homo sapiens
DEG_SCF_TRCP1_1	IKBB_HUMAN	Q15653	18	23	Homo sapiens
DEG_SCF_TRCP1_1	IKBE_HUMAN	O00221	156	161	Homo sapiens
DEG_SCF_TRCP1_1	INAR1_HUMAN	P17181	534	539	Homo sapiens
DEG_SCF_TRCP1_1	NFKB1_HUMAN	P19838	926	932	Homo sapiens
DEG_SCF_TRCP1_1	PDCD4_HUMAN	Q53EL6	70	76	Homo sapiens
DEG_SCF_TRCP1_1	PRLR_HUMAN	P16471	348	353	Homo sapiens
DEG_SCF_TRCP1_1	SNAI1_HUMAN	O95863	95	100	Homo sapiens
TRG_ENDOCYTIC_2	ASGR1_HUMAN	P07306	5	8	Homo sapiens
TRG_ENDOCYTIC_2	CTLA4_HUMAN	P16410	201	204	Homo sapiens
TRG_ENDOCYTIC_2	EGFR_HUMAN	P00533	998	1001	Homo sapiens
TRG_ENDOCYTIC_2	L1CAM_HUMAN	P32004	1176	1179	Homo sapiens
TRG_ENDOCYTIC_2	LAMP1_HUMAN	P11279	414	417	Homo sapiens
TRG_ENDOCYTIC_2	PPAL_HUMAN	P11117	413	416	Homo sapiens
TRG_ENDOCYTIC_2	TFR1_HUMAN	P02786	20	23	Homo sapiens
TRG_ER_KDEL_1	CALR_HUMAN	P27797	414	417	Homo sapiens
TRG_ER_KDEL_1	GRP78_HUMAN	P11021	651	654	Homo sapiens
TRG_ER_KDEL_1	RCN1_HUMAN	Q15293	328	331	Homo sapiens
TRG_DiLeu_BaEn_1	AQP4_HUMAN	P55087	288	293	Homo sapiens
TRG_DiLeu_BaEn_1	AT8A1_HUMAN	Q9Y2Q0	1105	1110	Homo sapiens
TRG_DiLeu_BaEn_1	BCAM_HUMAN	P50895	604	609	Homo sapiens
TRG_DiLeu_BaEn_1	CD44_HUMAN	P16070	708	713	Homo sapiens
TRG_DiLeu_BaEn_1	CLCN2_HUMAN	P51788	619	624	Homo sapiens
TRG_DiLeu_BaEn_1	LRP1_HUMAN	Q07954	4526	4531	Homo sapiens
TRG_DiLeu_BaEn_1	MICA_HUMAN	Q29983	339	344	Homo sapiens
TRG_DiLeu_BaEn_1	MRP1_HUMAN	P33527	296	301	Homo sapiens
TRG_DiLeu_BaEn_1	S23A2_HUMAN	Q9UGH3	52	57	Homo sapiens
TRG_NLS_MonoExtC_3	APC_HUMAN	P25054	2048	2053	Homo sapiens
TRG_NLS_MonoExtC_3	BRCA1_HUMAN	P38398	502	507	Homo sapiens
TRG_NLS_MonoExtC_3	BRCA1_HUMAN	P38398	503	508	Homo sapiens
TRG_NLS_MonoExtC_3	MYC_HUMAN	P01106	322	328	Homo sapiens
TRG_NLS_MonoExtC_3	NFKB1_HUMAN	P19838	360	365	Homo sapiens
TRG_NLS_MonoExtC_3	TF65_HUMAN	Q04206	301	307	Homo sapiens
DEG_Kelch_Keap1_1	AMER1_HUMAN	Q5JTC6	286	291	Homo sapiens
DEG_Kelch_Keap1_1	BPTF_HUMAN	Q12830	729	734	Homo sapiens
DEG_Kelch_Keap1_1	IKKB_HUMAN	O14920	34	39	Homo sapiens
DEG_Kelch_Keap1_1	MYO7A_HUMAN	Q13402	1636	1641	Homo sapiens
DEG_Kelch_Keap1_1	NF2L1_HUMAN	Q14494	231	236	Homo sapiens
DEG_Kelch_Keap1_1	NF2L2_HUMAN	Q16236	77	82	Homo sapiens
DEG_Kelch_Keap1_1	PALB2_HUMAN	Q86YC2	89	94	Homo sapiens
DEG_Kelch_Keap1_1	PGAM5_HUMAN	Q96HS1-1	77	82	Homo sapiens
DEG_Kelch_Keap1_1	SQSTM_HUMAN	Q13501	347	352	Homo sapiens
TRG_NES_CRM1_1	APC_HUMAN	P25054	67	78	Homo sapiens
TRG_NES_CRM1_1	APC_HUMAN	P25054	163	176	Homo sapiens
TRG_NES_CRM1_1	CTND1_HUMAN	O60716	942	956	Homo sapiens
TRG_NES_CRM1_1	IPKA_HUMAN	P61925	37	51	Homo sapiens
TRG_NES_CRM1_1	MAPK2_HUMAN	P49137	354	368	Homo sapiens
TRG_NES_CRM1_1	MPIP3_HUMAN	P30307	189	203	Homo sapiens
TRG_NES_CRM1_1	P53_HUMAN	P04637	339	352	Homo sapiens
TRG_NES_CRM1_1	P73_HUMAN	O15350	366	379	Homo sapiens
TRG_NES_CRM1_1	SPN1_HUMAN	O95149	2	17	Homo sapiens
TRG_NES_CRM1_1	STK4_HUMAN	Q13043	359	374	Homo sapiens
TRG_NLS_MonoCore_2	APC_HUMAN	P25054	2048	2053	Homo sapiens
TRG_NLS_MonoCore_2	ATX1_HUMAN	P54253	769	774	Homo sapiens
TRG_NLS_MonoCore_2	BRCA1_HUMAN	P38398	502	507	Homo sapiens
TRG_NLS_MonoCore_2	BRCA1_HUMAN	P38398	503	508	Homo sapiens
TRG_NLS_MonoCore_2	FBXW7_HUMAN	Q969H0	10	15	Homo sapiens
TRG_NLS_MonoCore_2	MAPK3_HUMAN	Q16644	363	368	Homo sapiens
TRG_DiLeu_LyEn_5	AT10B_HUMAN	O94823	26	31	Homo sapiens
TRG_DiLeu_LyEn_5	LAAT1_HUMAN	Q6ZP29	284	289	Homo sapiens
TRG_DiLeu_LyEn_5	MFSD8_HUMAN	Q8NHS3	9	14	Homo sapiens
TRG_DiLeu_LyEn_5	NPC1_HUMAN	O15118	1271	1276	Homo sapiens
TRG_DiLeu_LyEn_5	P4K2A_HUMAN	Q9BTU6	57	62	Homo sapiens
TRG_DiLeu_LyEn_5	S15A4_HUMAN	Q8N697	10	15	Homo sapiens
TRG_DiLeu_LyEn_5	SCRB2_HUMAN	Q14108	471	476	Homo sapiens
DEG_SIAH_1	AFF4_HUMAN	Q9UHB7	252	260	Homo sapiens
DEG_SIAH_1	CYBP_HUMAN	Q9HB71	59	67	Homo sapiens
DEG_SIAH_1	DAB1_HUMAN	O75553	360	368	Homo sapiens
DEG_SIAH_1	DCC_HUMAN	P43146	1331	1339	Homo sapiens
DEG_SIAH_1	KLF10_HUMAN	Q13118	200	208	Homo sapiens
DEG_SIAH_1	OBF1_HUMAN	Q16633	46	54	Homo sapiens
DEG_SIAH_1	PEG10_HUMAN	Q86TG7	253	261	Homo sapiens
DEG_SIAH_1	SH3R1_HUMAN	Q7Z6J0	600	608	Homo sapiens
TRG_ER_diLys_1	HMDH_HUMAN	P04035	885	888	Homo sapiens
TRG_ER_diLys_1	LMAN1_HUMAN	P49257	507	510	Homo sapiens
TRG_ER_diLys_1	S35A2_HUMAN	P78381	392	396	Homo sapiens
TRG_ER_diLys_1	TMED9_HUMAN	Q9BVK6	232	235	Homo sapiens
TRG_ER_diLys_1	TMEDA_HUMAN	P49755	215	219	Homo sapiens
TRG_ER_diLys_1	UD11_HUMAN	P22309	529	533	Homo sapiens
DEG_Kelch_KLHL12_1	CPSF6_HUMAN	Q16630	222	227	Homo sapiens
DEG_Kelch_KLHL12_1	CPSF6_HUMAN	Q16630	347	352	Homo sapiens
DEG_Kelch_KLHL12_1	DAAM1_HUMAN	Q9Y4D1	570	575	Homo sapiens
DEG_Kelch_KLHL12_1	DAAM2_HUMAN	Q86T65	568	573	Homo sapiens
DEG_Kelch_KLHL12_1	DVL1_HUMAN	O14640	657	662	Homo sapiens
DEG_Kelch_KLHL12_1	DVL2_HUMAN	O14641	698	703	Homo sapiens
DEG_Kelch_KLHL12_1	DVL3_HUMAN	Q92997	678	683	Homo sapiens
DEG_Kelch_KLHL12_1	LNP_HUMAN	Q9C0E8-2	198	203	Homo sapiens
DEG_Kelch_KLHL12_1	PEF1_HUMAN	Q9UBV8	17	22	Homo sapiens
DEG_Kelch_KLHL12_1	PKHA4_HUMAN	Q9H4M7	176	181	Homo sapiens
DEG_Kelch_KLHL12_1	SC31A_HUMAN	O94979	957	962	Homo sapiens
DEG_COP1_1	ETS1_HUMAN	P14921	273	283	Homo sapiens
DEG_COP1_1	ETS2_HUMAN	P15036	46	56	Homo sapiens
DEG_COP1_1	ETS2_HUMAN	P15036	301	311	Homo sapiens
DEG_COP1_1	ETV1_HUMAN	P50549	67	74	Homo sapiens
DEG_COP1_1	ETV4_HUMAN	P43268	74	81	Homo sapiens
DEG_COP1_1	ETV5_HUMAN	P41161	66	73	Homo sapiens
DEG_COP1_1	JUND_HUMAN	P17535	242	252	Homo sapiens
DEG_COP1_1	JUN_HUMAN	P05412	227	235	Homo sapiens
DEG_COP1_1	TRIB1_HUMAN	Q96RU8	354	361	Homo sapiens
TRG_NLS_Bipartite_1	CDN1A_HUMAN	P38936	142	158	Homo sapiens
TRG_NLS_Bipartite_1	P53_HUMAN	P04637	305	323	Homo sapiens
TRG_NLS_Bipartite_1	P73_HUMAN	O15350	327	349	Homo sapiens
TRG_NLS_Bipartite_1	RB_HUMAN	P06400	860	877	Homo sapiens
TRG_ER_diArg_1	ABCC8_HUMAN	Q09428	648	651	Homo sapiens
TRG_ER_diArg_1	ADA10_HUMAN	O14672	723	725	Homo sapiens
TRG_ER_diArg_1	ADA22_HUMAN	Q9P0K1	851	854	Homo sapiens
TRG_ER_diArg_1	CFTR_HUMAN	P13569	553	556	Homo sapiens
TRG_ER_diArg_1	GABR1_HUMAN	Q9UBS5	923	926	Homo sapiens
TRG_ER_diArg_1	GPAA1_HUMAN	O43292	9	11	Homo sapiens
TRG_ER_diArg_1	GPR15_HUMAN	P49685	352	354	Homo sapiens
TRG_ER_diArg_1	GRIK5_HUMAN	Q16478	862	865	Homo sapiens
TRG_ER_diArg_1	HG2A_HUMAN	P04233	3	5	Homo sapiens
TRG_ER_diArg_1	IRK11_HUMAN	Q14654	368	371	Homo sapiens
TRG_ER_diArg_1	IRK8_HUMAN	Q15842	380	383	Homo sapiens
TRG_ER_diArg_1	MSHR_HUMAN	Q01726	160	163	Homo sapiens
TRG_ER_diArg_1	NMDZ1_HUMAN	Q05586-4	893	895	Homo sapiens
TRG_ER_diArg_1	NMDZ1_HUMAN	Q05586	893	895	Homo sapiens
TRG_ER_diArg_1	P2RX7_HUMAN	Q99572	575	578	Homo sapiens
TRG_ER_diArg_1	PAR4_HUMAN	Q96RI0	182	185	Homo sapiens
TRG_ER_diArg_1	PPLA_HUMAN	P26678	12	14	Homo sapiens
TRG_ER_diArg_1	Q58F09_HUMAN	Q58F09	7	9	Homo sapiens
TRG_ER_diArg_1	SGMR1_HUMAN	Q99720	7	9	Homo sapiens
TRG_ER_diArg_1	SOAT1_HUMAN	P35610	10	13	Homo sapiens
TRG_ER_diArg_1	SRPRB_HUMAN	Q9Y5M8	7	9	Homo sapiens
TRG_ER_diArg_1	V2R_HUMAN	P30518	247	249	Homo sapiens
DEG_APCC_KENBOX_2	AURKB_HUMAN	Q96GD4	3	7	Homo sapiens
DEG_APCC_KENBOX_2	BUB1B_HUMAN	O60566	25	29	Homo sapiens
DEG_APCC_KENBOX_2	BUB1B_HUMAN	O60566	303	307	Homo sapiens
DEG_APCC_KENBOX_2	BUB1_HUMAN	O43683	534	538	Homo sapiens
DEG_APCC_KENBOX_2	BUB1_HUMAN	O43683	624	628	Homo sapiens
DEG_APCC_KENBOX_2	CDC20_HUMAN	Q12834	96	100	Homo sapiens
DEG_APCC_KENBOX_2	CDC6_HUMAN	Q99741	80	84	Homo sapiens
DEG_APCC_KENBOX_2	CDCA5_HUMAN	Q96FF9	87	91	Homo sapiens
DEG_APCC_KENBOX_2	CKAP2_HUMAN	Q8WWK9	80	84	Homo sapiens
DEG_APCC_KENBOX_2	MPIP3_HUMAN	P30307	150	154	Homo sapiens
DEG_APCC_KENBOX_2	PTTG1_HUMAN	O95997	8	12	Homo sapiens
