cls	gene	meta_long	meta_short	topidp_long	topidp_short	meta_delta	topidp_delta	boundary_cross
slim	DCAF4	0.052742861211299896	0.0803999975323677	-0.09485714285714286	0.06	-0.02765713632106781	-0.15485714285714286	0
slim	UBAP2L	0.8778833150863647	0.9691374897956848	0.09872222222222223	0.14150000000000001	-0.09125417470932007	-0.04277777777777779	0
slim	DPP10	0.9575778245925903	0.9693818688392639	0.21005555555555555	0.33736363636363637	-0.011804044246673584	-0.12730808080808081	0
slim	NAP1L1	0.9607444405555725	0.8055499792098999	0.4116666666666667	-0.289	0.1551944613456726	0.7006666666666667	0
slim	MYL6	0.11686000972986221	0.133760005235672	-0.09580000000000001	-0.020200000000000006	-0.016899995505809784	-0.0756	0
slim	C1orf21	0.31981000304222107	0.6767250299453735	0.0885	0.19887499999999997	-0.35691502690315247	-0.11037499999999997	1
slim	SGTA	0.17296428978443146	0.6800571084022522	0.09924999999999999	0.1345714285714286	-0.5070928186178207	-0.0353214285714286	1
slim	NFIX	0.4928250014781952	0.4420333206653595	-0.15500000000000003	-0.028666666666666674	0.05079168081283569	-0.12633333333333335	0
slim	PFN1	0.09101539105176926	0.46889999508857727	0.023025641025641023	-0.40933333333333327	-0.377884604036808	0.4323589743589743	0
slim	C8orf88	0.13052856922149658	0.6563230752944946	0.05950000000000001	-0.17561538461538462	-0.525794506072998	0.23511538461538461	1
slim	TUBB2A	0.5558440089225769	0.06868749856948853	0.27519999999999994	0.0575625	0.4871565103530884	0.21763749999999993	1
slim	CAMK2D	0.7122730612754822	0.012839999981224537	0.11980769230769231	-0.0914	0.6994330612942576	0.21120769230769232	1
slim	PPARGC1B	0.5458521842956543	0.6295470595359802	0.1317391304347826	0.14135294117647063	-0.08369487524032593	-0.009613810741688017	0
slim	APP	0.5588200092315674	0.31040000915527344	0.19640000000000002	-0.486	0.24842000007629395	0.6824	1
slim	CDK2AP1	0.9071419835090637	0.8625538945198059	0.12851612903225806	0.15576923076923077	0.04458808898925781	-0.027253101736972707	0
slim	RAD51C	0.6954281330108643	0.04569999873638153	0.233125	-0.486	0.6497281342744827	0.719125	1
slim	CPEB2	0.9373143315315247	0.7986000180244446	0.07717857142857143	-0.397	0.13871431350708008	0.47417857142857145	0
slim	CELF2	0.3881444036960602	0.8441362977027893	0.030555555555555572	0.24081818181818182	-0.4559918940067291	-0.21026262626262626	1
slim	TMEM87B	0.0170294139534235	0.026947058737277985	-0.1506470588235294	0.009705882352941186	-0.009917644783854485	-0.1603529411764706	0
slim	FIP1L1	0.7905750274658203	0.7788384556770325	0.1178125	0.20061538461538458	0.011736571788787842	-0.08280288461538458	0
slim	KLHL4	0.23451174795627594	0.1711866557598114	0.04005882352941176	0.09426666666666668	0.06332509219646454	-0.05420784313725492	0
slim	ZNF106	0.26981669664382935	0.8697571158409119	0.1109	0.4187142857142857	-0.5999404191970825	-0.3078142857142857	1
slim	ITPR1	0.5431888699531555	0.9334999918937683	0.22311111111111112	0.318	-0.3903111219406128	-0.09488888888888888	0
slim	YKT6	0.2944999635219574	0.17946666479110718	0.18745454545454548	0.038666666666666655	0.11503329873085022	0.14878787878787883	0
slim	MRS2	0.7363999485969543	0.3483999967575073	0.08755555555555555	-0.121	0.387999951839447	0.20855555555555555	1
slim	CYRIB	0.15027499198913574	0.1412999927997589	0.20425	0.01575	0.008974999189376831	0.1885	0
slim	ICOSLG	0.2910846471786499	0.9385666847229004	-0.20392307692307693	0.1675	-0.6474820375442505	-0.37142307692307697	1
slim	INKA2	0.3339312672615051	0.8974000215530396	0.05799999999999998	-0.121	-0.5634687542915344	0.179	1
slim	ATP5PF	0.47048187255859375	0.4190899729728699	0.08245454545454546	0.298	0.05139189958572388	-0.21554545454545454	0
slim	TAFA5	0.5106422901153564	0.23511581122875214	0.12303846153846155	0.0042631578947368385	0.2755264788866043	0.11877530364372471	1
slim	SEPTIN7	0.8853904008865356	0.5710999965667725	0.16590476190476194	0.586	0.3142904043197632	-0.420095238095238	0
slim	SRRT	0.8533599972724915	0.8597000241279602	0.26559999999999995	0.341	-0.00634002685546875	-0.07540000000000008	0
slim	MRPL43	0.20438750088214874	0.8083333969116211	-0.1475	0.17166666666666666	-0.6039458960294724	-0.31916666666666665	1
slim	NFATC3	0.9867888689041138	0.4293999671936035	0.20394444444444446	0.047500000000000014	0.5573889017105103	0.15644444444444444	1
slim	GULP1	0.5646199584007263	0.5874857306480408	0.02230000000000001	-0.0812857142857143	-0.022865772247314453	0.10358571428571431	0
slim	MOBP	0.6596875190734863	0.8860999941825867	0.253625	-0.884	-0.22641247510910034	1.1376249999999999	0
slim	DENND4A	0.059344444423913956	0.913100004196167	0.06955555555555556	0.06	-0.853755559772253	0.009555555555555567	1
slim	SSR3	0.11006316542625427	0.2718999981880188	0.011684210526315792	0.2026666666666667	-0.16183683276176453	-0.1909824561403509	0
slim	SRPK2	0.9296841621398926	0.9956374764442444	0.2953684210526316	0.27075	-0.0659533143043518	0.024618421052631623	0
slim	TUBA8	0.40920573472976685	0.11972499638795853	0.22688571428571427	-0.033916666666666644	0.2894807383418083	0.2608023809523809	0
slim	PSMB3	0.08211538195610046	0.041999999433755875	0.155	-0.326	0.04011538252234459	0.481	0
slim	PALB2	0.23689283430576324	0.6425666213035583	-0.23950000000000002	0.5260833333333333	-0.4056737869977951	-0.7655833333333334	1
slim	ZNF385D	0.9211167693138123	0.9072999954223633	-0.17333333333333334	0.011666666666666672	0.013816773891448975	-0.185	0
slim	ACVR1B	0.15271668136119843	0.3313428461551666	0.04991666666666665	0.4035714285714286	-0.1786261647939682	-0.3536547619047619	0
slim	CTNNB1	0.35589995980262756	0.35600000619888306	0.253	0.192	-0.00010004639625549316	0.061	0
slim	PMM2	0.16048666834831238	0.027783336117863655	0.10736666666666667	0.02283333333333333	0.13270333223044872	0.08453333333333334	0
slim	RPSA	0.9536857604980469	0.9906286001205444	0.07939285714285715	0.01642857142857143	-0.03694283962249756	0.06296428571428572	0
slim	SMAP2	0.208841934800148	0.6917999982833862	0.1218709677419355	-0.486	-0.4829580634832382	0.6078709677419355	1
slim	ALG8	0.12661035358905792	0.32805001735687256	-0.06513793103448275	-0.09466666666666668	-0.20143966376781464	0.02952873563218393	0
slim	WDR17	0.09298000484704971	0.00860000029206276	-0.0663	-0.884	0.08438000455498695	0.8177	0
slim	GRIA2	0.13913124799728394	0.3125857412815094	0.0858125	0.03885714285714286	-0.17345449328422546	0.04695535714285714	0
slim	CHMP2B	0.5857782959938049	0.36407139897346497	0.13260869565217395	0.15128571428571427	0.22170689702033997	-0.01867701863354032	1
slim	FIP1L1	0.5959208607673645	0.7745615839958191	0.119875	0.20061538461538458	-0.1786407232284546	-0.08074038461538459	0
slim	ZNF511	0.3117758631706238	0.9489842653274536	-0.021724137931034494	0.205	-0.6372084021568298	-0.2267241379310345	1
slim	CDCA7L	0.21942999958992004	0.04600000008940697	0.21430000000000002	0.18	0.17342999950051308	0.034300000000000025	0
slim	MNDA	0.48295387625694275	0.11055000126361847	0.24184615384615388	0.1125	0.3724038749933243	0.1293461538461539	0
slim	PRMT7	0.24485832452774048	0.19869999587535858	0.07225	0.494	0.0461583286523819	-0.42175	0
slim	ENSG00000287273	0.8903821706771851	0.8639400601387024	0.3486071428571429	0.1802	0.026442110538482666	0.1684071428571429	0
slim	PSMC5	0.2095249891281128	0.2321999967098236	0.17225000000000001	-0.0786	-0.022675007581710815	0.25085	0
slim	TMEM237	0.9508833289146423	0.9646250009536743	0.19174999999999998	0.36475	-0.013741672039031982	-0.17300000000000004	0
slim	SUMF2	0.8979789614677429	0.08033332973718643	0.0878421052631579	-0.06899999999999999	0.8176456317305565	0.1568421052631579	1
slim	PFKFB3	0.9855692386627197	0.9437714219093323	0.2570769230769231	0.058	0.04179781675338745	0.1990769230769231	0
slim	ZNF827	0.8240199089050293	0.746999979019165	-0.010399999999999987	0.586	0.07701992988586426	-0.5963999999999999	0
slim	ZRANB2	0.9637333750724792	0.930525004863739	0.3185	0.22725	0.033208370208740234	0.09125	0
slim	CTSA	0.9506333470344543	0.01819411851465702	0.34661111111111104	0.05894117647058823	0.9324392285197973	0.2876699346405228	1
slim	TRMT112	0.3110571503639221	0.4007222354412079	0.13385714285714287	0.04122222222222222	-0.08966508507728577	0.09263492063492065	0
slim	SKP1	0.31139999628067017	0.5194750428199768	0.2371111111111111	0.014249999999999999	-0.20807504653930664	0.22286111111111112	1
slim	DECR1	0.18110588192939758	0.051600001752376556	0.20494117647058827	-0.20600000000000002	0.12950588017702103	0.41094117647058825	0
slim	MS4A7	0.2629913091659546	0.7484846711158752	0.01147826086956522	0.11523076923076925	-0.48549336194992065	-0.10375250836120403	1
slim	STX2	0.18219231069087982	0.08301666378974915	-0.035307692307692325	-0.2555	0.09917564690113068	0.2201923076923077	0
slim	TMEM94	0.9257615208625793	0.8826667666435242	0.11684615384615382	0.36033333333333334	0.043094754219055176	-0.24348717948717952	0
slim	SIRT5	0.11920870095491409	0.19647999107837677	-0.07969565217391306	0.18040000000000003	-0.07727129012346268	-0.26009565217391306	0
slim	SNX10	0.5665233731269836	0.451975017786026	0.05453333333333333	0.336	0.11454835534095764	-0.2814666666666667	1
slim	FIP1L1	0.5949960350990295	0.7867555022239685	0.10931999999999999	0.3422222222222222	-0.19175946712493896	-0.23290222222222223	0
slim	PRRC1	0.02582400105893612	0.18152499198913574	-0.024840000000000022	0.196625	-0.15570099093019962	-0.22146500000000002	0
slim	ENSG00000290796	0.8849266767501831	0.19714999198913574	0.16856666666666661	0.39749999999999996	0.6877766847610474	-0.22893333333333335	1
slim	PTBP1	0.9613999724388123	0.9442999958992004	0.19366666666666665	0.192	0.017099976539611816	0.0016666666666666496	0
slim	FAM76A	0.555818498134613	0.33482497930526733	0.26614814814814813	-0.13912499999999997	0.2209935188293457	0.4052731481481481	1
slim	MAP1S	0.36309686303138733	0.726099967956543	0.10071874999999998	-0.07400000000000002	-0.36300310492515564	0.17471875	1
slim	C7orf50	0.943206250667572	0.9354124665260315	0.4012812499999999	0.2504375	0.007793784141540527	0.15084374999999994	0
slim	ACKR1	0.9451499581336975	0.9319000244140625	0.0715	0.1275	0.01324993371963501	-0.05600000000000001	0
slim	TNKS	0.6047160029411316	0.2778642773628235	0.15364	0.07678571428571426	0.3268517255783081	0.07685428571428574	1
slim	JTB	0.7689468860626221	0.8834666609764099	0.17346875	-0.4756666666666667	-0.11451977491378784	0.6491354166666667	0
slim	JTB	0.7689468860626221	0.8834666609764099	0.17346875	-0.4756666666666667	-0.11451977491378784	0.6491354166666667	0
slim	BAIAP2	0.9940454363822937	0.9892500042915344	0.23218181818181816	0.26549999999999996	0.004795432090759277	-0.0333181818181818	0
slim	EEF1A1	0.4453567862510681	0.12849999964237213	0.1271891891891892	-0.020624999999999998	0.316856786608696	0.1478141891891892	0
slim	RAP1GAP	0.9538307785987854	0.9856874942779541	0.11653846153846154	0.5365	-0.0318567156791687	-0.41996153846153844	0
slim	C1orf159	0.8989736437797546	0.8906000256538391	0.18786842105263157	0.1666	0.008373618125915527	0.021268421052631575	0
slim	CANX	0.9406886696815491	0.9736999869346619	0.1734857142857143	0.736	-0.03301131725311279	-0.5625142857142857	0
slim	SRI	0.7265636324882507	0.593250036239624	0.07513636363636363	0.04475	0.1333135962486267	0.030386363636363628	0
slim	NFKBIA	0.594092845916748	0.8893499970436096	0.02142857142857142	0.11000000000000001	-0.2952571511268616	-0.08857142857142859	0
slim	TMEM254	0.3334789276123047	0.21171998977661133	0.20878947368421052	-0.17886666666666665	0.12175893783569336	0.38765614035087714	0
slim	CUL4B	0.9994500875473022	0.5836999416351318	0.22530000000000006	0.015454545454545464	0.4157501459121704	0.20984545454545458	0
slim	FAS	0.8415363430976868	0.9534428715705872	0.2004090909090909	-0.3032857142857143	-0.11190652847290039	0.5036948051948053	0
slim	CHPT1	0.7344000339508057	0.41210001707077026	0.0829	-0.0915	0.3223000168800354	0.1744	1
slim	NCS1	0.44101500511169434	0.30260002613067627	0.2266	-0.213	0.13841497898101807	0.4396	0
slim	RSRC1	0.3181110918521881	0.8889285326004028	0.11466666666666667	-0.04485714285714285	-0.5708174407482147	0.1595238095238095	1
slim	PSMC5	0.4495929181575775	0.3018600046634674	0.18235714285714286	0.10600000000000001	0.1477329134941101	0.07635714285714285	0
slim	RSPO3	0.9860818386077881	0.9974499940872192	0.15531818181818183	0.091	-0.011368155479431152	0.06431818181818183	0
slim	TMEM132B	0.8711187839508057	0.8302908539772034	0.285625	-0.010181818181818183	0.040827929973602295	0.2958068181818182	0
slim	CDK11A	0.9194272756576538	0.8529999852180481	0.2653636363636363	-0.884	0.06642729043960571	1.1493636363636364	0
slim	VTI1A	0.09041481465101242	0.7957923412322998	-0.21440740740740744	0.22453846153846152	-0.7053775265812874	-0.43894586894586896	1
slim	HSP90B1	0.9786500334739685	0.9297000169754028	0.347375	-0.397	0.048950016498565674	0.744375	0
slim	MIF	0.12354999780654907	0.7458642721176147	-0.1936875	0.22078571428571434	-0.6223142743110657	-0.4144732142857144	1
slim	FAM104B	0.3937299847602844	0.39384737610816956	0.0915	0.2246315789473684	-0.00011739134788513184	-0.1331315789473684	0
slim	CHCHD5	0.7033067345619202	0.321399986743927	0.2959333333333333	-0.397	0.38190674781799316	0.6929333333333334	1
slim	B2M	0.35001668334007263	0.5543076992034912	0.15905555555555556	-0.10500000000000001	-0.20429101586341858	0.2640555555555556	1
slim	CAMK1G	0.9642115235328674	0.29264000058174133	0.1241923076923077	-0.03160000000000002	0.6715715229511261	0.15579230769230773	1
slim	HNRNPK	0.26192501187324524	0.19166667759418488	0.21675	0.0766666666666667	0.07025833427906036	0.14008333333333328	0
slim	CELF4	0.7151333689689636	0.633899986743927	0.06133333333333333	0.303	0.08123338222503662	-0.24166666666666667	0
slim	PDZD4	0.3013710081577301	0.5009999871253967	0.1258684210526316	0.19175	-0.19962897896766663	-0.0658815789473684	1
slim	NUP214	0.9748230576515198	0.9807999730110168	0.1642307692307692	0.007	-0.00597691535949707	0.1572307692307692	0
slim	PTPN2	0.1639566719532013	0.8163000345230103	-0.22923333333333334	0.186	-0.652343362569809	-0.41523333333333334	1
slim	RBPJ	0.7620599865913391	0.7532666325569153	0.17279999999999998	0.122	0.008793354034423828	0.050799999999999984	0
slim	RIC8B	0.7970545291900635	0.5824110507965088	0.22542424242424242	0.20844444444444443	0.2146434783935547	0.016979797979797984	0
slim	CCDC47	0.4567166864871979	0.25542378425598145	0.266125	0.06123809523809524	0.20129290223121643	0.20488690476190477	0
slim	LSM7	0.7549999356269836	0.7551000118255615	0.18251428571428574	-0.397	-0.00010007619857788086	0.5795142857142858	0
slim	GOLGA4	0.9161807298660278	0.44509997963905334	0.24484615384615388	-0.1113333333333333	0.4710807502269745	0.35617948717948716	1
slim	ARHGEF2	0.8083764910697937	0.38673123717308044	0.19058823529411767	0.20749999999999996	0.42164525389671326	-0.016911764705882293	1
slim	FNBP1	0.7795529365539551	0.17373335361480713	0.0856470588235294	-0.020833333333333332	0.605819582939148	0.10648039215686272	1
slim	PMPCB	0.09163999557495117	0.07559999078512192	0.009066666666666667	0.057	0.016040004789829254	-0.047933333333333335	0
slim	MEF2C	0.6384217739105225	0.6065667271614075	0.09347826086956522	0.23223809523809522	0.03185504674911499	-0.13875983436853	0
slim	DLG1	0.9617031812667847	0.9669333696365356	0.15296774193548388	0.13666666666666666	-0.0052301883697509766	0.016301075268817217	0
slim	KIAA0930	0.6036791801452637	0.4983333349227905	0.10645833333333332	0.13166666666666665	0.10534584522247314	-0.025208333333333333	1
slim	SLC35F5	0.9483000040054321	0.9623399972915649	0.3704545454545455	0.031200000000000006	-0.014039993286132812	0.3392545454545455	0
slim	BAZ2A	0.99822998046875	0.9679999947547913	0.1893333333333333	0.16949999999999998	0.03022998571395874	0.019833333333333314	0
slim	EIF2B4	0.9765740036964417	0.9589999318122864	0.2734814814814815	0.08216666666666667	0.017574071884155273	0.19131481481481483	0
slim	MKRN2	0.5560587644577026	0.3685833513736725	0.1934705882352941	0.14616666666666667	0.18747541308403015	0.04730392156862742	1
slim	HNRNPH1	0.823566734790802	0.961899995803833	0.023523809523809523	-0.326	-0.138333261013031	0.3495238095238095	0
slim	NFE2L2	0.745460033416748	0.649577796459198	0.28300000000000003	-0.03633333333333332	0.09588223695755005	0.31933333333333336	0
slim	ELOVL2	0.689222514629364	0.0885000005364418	0.178975	-0.326	0.6007225140929222	0.504975	1
slim	UBE3A	0.6757625341415405	0.8909400105476379	0.030374999999999985	0.0758	-0.2151774764060974	-0.04542500000000002	0
slim	CYB5B	0.4097818434238434	0.20768001675605774	0.020090909090909093	-0.1078	0.20210182666778564	0.1278909090909091	0
slim	IL17RD	0.8348371386528015	0.8113856911659241	-0.014942857142857128	0.2584285714285714	0.02345144748687744	-0.27337142857142854	0
slim	HK1	0.09669473022222519	0.3077000081539154	0.04931578947368421	0.19488888888888886	-0.21100527793169022	-0.14557309941520466	0
slim	USP10	0.9355428814888	0.8930333256721497	0.12171428571428573	0.15599999999999997	0.04250955581665039	-0.03428571428571424	0
slim	MKLN1	0.430110365152359	0.8171332478523254	0.10893103448275862	-0.15866666666666665	-0.38702288269996643	0.26759770114942527	1
slim	IDH3B	0.20722141861915588	0.07908333092927933	0.17071428571428574	0.27891666666666665	0.12813808768987656	-0.10820238095238091	0
slim	DECR1	0.17885001003742218	0.4746636152267456	0.11208333333333331	0.1983636363636364	-0.2958136051893234	-0.0862803030303031	0
slim	PPP1CA	0.5999000668525696	0.3705357015132904	0.31110526315789466	0.14485714285714282	0.22936436533927917	0.16624812030075184	1
slim	NAP1L1	0.9607444405555725	0.7163400650024414	0.4116666666666667	0.0030000000000000213	0.2444043755531311	0.4086666666666667	0
slim	DVL1	0.9212538003921509	0.12030000239610672	0.2564615384615384	0.736	0.8009537979960442	-0.4795384615384616	1
slim	ZRSR2	0.827013373374939	0.9705272912979126	-0.03133333333333333	0.3110909090909091	-0.14351391792297363	-0.3424242424242424	0
slim	HM13	0.9725969433784485	0.9613000154495239	0.347030303030303	-0.397	0.01129692792892456	0.744030303030303	0
slim	MSRB2	0.2119419276714325	0.17962858080863953	0.19241935483870967	-0.37957142857142856	0.03231334686279297	0.5719907834101382	0
slim	DENND2D	0.5523785352706909	0.9535453915596008	-0.021357142857142845	0.13836363636363636	-0.4011668562889099	-0.1597207792207792	0
slim	PMS2P3	0.5507110357284546	0.3946249783039093	0.1967777777777778	0.15250000000000002	0.1560860574245453	0.04427777777777778	1
slim	PEX11B	0.2606687545776367	0.3535500168800354	0.08025	0.376	-0.09288126230239868	-0.29575	0
slim	C12orf75	0.9066945314407349	0.8066249489784241	0.3012222222222223	0.323	0.10006958246231079	-0.02177777777777773	0
slim	PLXNB3	0.9824838042259216	0.9523624777793884	0.266741935483871	0.12125	0.030121326446533203	0.145491935483871	0
slim	NDUFS7	0.07943437993526459	0.060100000351667404	0.06846875	0.192	0.019334379583597183	-0.12353125000000001	0
slim	FKBP1A	0.5250625014305115	0.5719333291053772	0.26725	0.5563333333333333	-0.04687082767486572	-0.28908333333333336	0
slim	CD99	0.8962308168411255	0.6908000111579895	0.2348846153846154	0.192	0.205430805683136	0.04288461538461538	0
slim	PTPRZ1	0.7454812526702881	0.3608500063419342	-0.1285	0.2005	0.3846312463283539	-0.329	1
slim	HNRNPC	0.9423317313194275	0.8447412252426147	0.23395454545454547	-0.01347058823529412	0.09759050607681274	0.2474251336898396	0
slim	CSNK1D	0.9954385161399841	0.9994286298751831	0.11853846153846154	0.2255714285714286	-0.003990113735198975	-0.10703296703296705	0
slim	ZNF419	0.7289615273475647	0.5971999764442444	0.187	0.318	0.1317615509033203	-0.131	0
slim	ENTPD5	0.08522307872772217	0.06642000377178192	0.005115384615384615	-0.2424	0.018803074955940247	0.2475153846153846	0
slim	RAPGEF2	0.9911081194877625	0.9073333740234375	0.11888000000000001	0.34333333333333327	0.08377474546432495	-0.22445333333333325	0
slim	CDC42	0.34632858633995056	0.4659857451915741	0.0734285714285714	-0.06085714285714287	-0.11965715885162354	0.13428571428571426	0
slim	NEDD4L	0.7991786003112793	0.5188999772071838	0.16614285714285715	0.318	0.28027862310409546	-0.15185714285714286	0
slim	DNM1	0.06597143411636353	0.09880714118480682	-0.06285714285714288	0.08285714285714285	-0.0328357070684433	-0.14571428571428574	0
slim	GABRG2	0.7809302806854248	0.908549964427948	-0.026999999999999986	0.24874999999999997	-0.1276196837425232	-0.27574999999999994	0
slim	PPFIA2	0.7800294160842896	0.7835777997970581	0.15435294117647058	-0.044111111111111115	-0.0035483837127685547	0.19846405228758168	0
slim	STAMBPL1	0.526371419429779	0.08130000531673431	0.1896	0.10300000000000001	0.44507141411304474	0.08659999999999998	1
slim	CDC42	0.26372963190078735	0.0385500006377697	0.21425925925925926	-0.10850000000000001	0.22517963126301765	0.3227592592592593	0
slim	NAP1L1	0.9591190814971924	0.2831922769546509	0.39309523809523805	-0.20669230769230768	0.6759268045425415	0.5997875457875457	1
slim	NAP1L4	0.9560084342956543	0.8871999979019165	0.4994166666666666	-0.121	0.06880843639373779	0.6204166666666666	0
slim	UBE2J2	0.3641820549964905	0.3139500021934509	0.15371794871794872	-0.28600000000000003	0.05023205280303955	0.4397179487179488	0
slim	AMZ2P1	0.08053043484687805	0.13545000553131104	0.09421739130434784	-0.1335	-0.05491957068443298	0.22771739130434784	0
slim	TRIM36	0.3954611122608185	0.7214500308036804	0.08311111111111111	0.3698333333333333	-0.32598891854286194	-0.2867222222222222	1
slim	DLGAP4	0.9712346792221069	0.965575098991394	0.12252173913043482	0.1192	0.005659580230712891	0.00332173913043482	0
slim	MATK	0.9409646987915039	0.9511375427246094	0.13923529411764707	-0.01918749999999999	-0.010172843933105469	0.15842279411764706	0
slim	MIB2	0.9939714074134827	0.10175000131130219	0.2523571428571429	-0.17474999999999996	0.8922214061021805	0.42710714285714285	1
slim	DNAJB6	0.9611192941665649	0.9401223063468933	0.14	0.41377777777777774	0.02099698781967163	-0.27377777777777773	0
slim	TSEN2	0.5251200199127197	0.09405999630689621	0.14686666666666665	0.1389	0.4310600236058235	0.00796666666666665	1
slim	IMPACT	0.7081549763679504	0.9360250234603882	0.06880000000000001	0.3115	-0.22787004709243774	-0.24269999999999997	0
slim	TMEM268	0.8925166726112366	0.8093999624252319	0.32680000000000003	0.1888888888888889	0.08311671018600464	0.13791111111111112	0
slim	PRELID2	0.15595000982284546	0.06133332848548889	0.19656249999999997	-0.25299999999999995	0.09461668133735657	0.4495624999999999	0
slim	ST7L	0.47335338592529297	0.039659999310970306	0.15113333333333331	-0.038099999999999995	0.43369338661432266	0.1892333333333333	0
slim	DDT	0.059335000813007355	0.16617858409881592	-0.20145	0.0195	-0.10684358328580856	-0.22094999999999998	0
slim	KIF21B	0.35653916001319885	0.3801666498184204	0.059521739130434785	0.152	-0.023627489805221558	-0.0924782608695652	0
slim	PTPRK	0.6801631450653076	0.958899974822998	0.021947368421052625	-0.51	-0.27873682975769043	0.5319473684210526	0
slim	ENSG00000291066	0.06566451489925385	0.1613619029521942	-0.17512903225806448	0.13904761904761906	-0.09569738805294037	-0.3141766513056835	0
slim	LRRC73	0.9589190483093262	0.9782500267028809	0.06028571428571429	0.37375	-0.019330978393554688	-0.31346428571428575	0
slim	ARHGEF10	0.9929959774017334	0.1979999989271164	0.12816	0.318	0.794995978474617	-0.18984	1
slim	L1CAM	0.8794099688529968	0.7527999877929688	0.18080000000000002	-0.326	0.12660998106002808	0.5068	0
slim	ENTPD1	0.5590499639511108	0.5651999711990356	-0.06078571428571427	0.389	-0.006150007247924805	-0.4497857142857143	0
slim	MRPL39	0.13009566068649292	0.6801499724388123	0.0072608695652174125	0.36812500000000004	-0.5500543117523193	-0.3608641304347826	1
slim	FRMD4A	0.8505999445915222	0.9918666481971741	0.017807692307692302	0.3467333333333334	-0.14126670360565186	-0.3289256410256411	0
slim	SSBP1	0.23722855746746063	0.3064599931240082	-0.10509523809523809	0.2681	-0.06923143565654755	-0.3731952380952381	0
slim	MRPL10	0.9325600862503052	0.9320899844169617	0.1882	0.05019999999999999	0.00047010183334350586	0.138	0
slim	KCTD17	0.9169249534606934	0.9744714498519897	0.33745833333333336	0.31342857142857145	-0.05754649639129639	0.024029761904761915	0
slim	LAMP2	0.4119684100151062	0.41669997572898865	-0.08173684210526315	-0.1188421052631579	-0.004731565713882446	0.03710526315789475	0
slim	ABR	0.5401518940925598	0.9102133512496948	0.033074074074074075	0.06426666666666667	-0.370061457157135	-0.03119259259259259	0
slim	HIKESHI	0.12168332934379578	0.04013333097100258	0.03791666666666667	-0.047333333333333345	0.0815499983727932	0.08525000000000002	0
slim	IRF7	0.876031219959259	0.5692332983016968	0.399875	-0.06866666666666667	0.30679792165756226	0.46854166666666663	0
slim	GJB1	0.945366621017456	0.9095332622528076	0.12641666666666665	0.18233333333333335	0.03583335876464844	-0.0559166666666667	0
slim	STAT1	0.4385097026824951	0.6474000215530396	0.1742258064516129	-0.056999999999999995	-0.20889031887054443	0.2312258064516129	1
slim	HLA-F	0.8978300094604492	0.6364499926567078	0.08680000000000002	0.376	0.26138001680374146	-0.2892	0
slim	TM2D1	0.21105313301086426	0.13840000331401825	0.02646875	-0.697	0.07265312969684601	0.72346875	0
slim	SDCBP	0.13214285671710968	0.05130000039935112	-0.022714285714285725	0.318	0.08084285631775856	-0.34071428571428575	0
slim	COPB2	0.9860208630561829	1.0	0.042124999999999996	0.2476875	-0.013979136943817139	-0.2055625	0
slim	PCDH7	0.9888030290603638	0.9809499382972717	0.28209090909090906	0.13116666666666665	0.007853090763092041	0.1509242424242424	0
slim	PSME1	0.26174548268318176	0.18484999239444733	0.11118181818181817	0.11083333333333334	0.07689549028873444	0.0003484848484848341	0
slim	MXRA7	0.5041332840919495	0.7377499938011169	-0.052444444444444446	0.39749999999999996	-0.23361670970916748	-0.4499444444444444	0
slim	PEPD	0.5661267042160034	0.5339000225067139	0.2537333333333333	0.059	0.03222668170928955	0.1947333333333333	0
slim	ZNF211	0.8763384819030762	0.8059499859809875	0.16435897435897437	0.303	0.07038849592208862	-0.13864102564102562	0
slim	GRAMD2B	0.8625580668449402	0.29980000853538513	0.2311935483870968	-0.07733333333333337	0.562758058309555	0.3085268817204302	1
slim	MAPK9	0.01924615353345871	0.0244461577385664	0.046384615384615385	0.02723076923076922	-0.005200004205107689	0.019153846153846164	0
slim	SMC1A	0.13752256333827972	0.4522111117839813	0.06841935483870967	0.37233333333333335	-0.3146885484457016	-0.30391397849462365	0
slim	SCHIP1	0.8736045360565186	0.8800666928291321	0.09263636363636363	0.03366666666666666	-0.006462156772613525	0.05896969696969697	0
slim	CPEB3	0.7234000563621521	0.9541199803352356	0.108	0.1398	-0.2307199239730835	-0.03180000000000001	0
slim	HSPA9	0.8430999517440796	0.10215555131435394	0.3923913043478261	-0.22788888888888895	0.7409444004297256	0.620280193236715	1
slim	TCF4	0.7141100168228149	0.9642999768257141	-0.14189999999999997	0.06	-0.25018996000289917	-0.20189999999999997	0
slim	DDX5	0.9740900993347168	0.9658199548721313	0.15889999999999999	0.19260000000000002	0.00827014446258545	-0.033700000000000035	0
slim	EXOSC8	0.15196175873279572	0.2304999977350235	0.18688235294117647	0.22000000000000003	-0.07853823900222778	-0.03311764705882356	0
slim	SCN8A	0.790107786655426	0.014049999415874481	0.09092307692307691	0.035500000000000004	0.7760577872395515	0.05542307692307691	1
slim	KCNK10	0.9060084223747253	0.9688666462898254	0.1940833333333333	0.15516666666666665	-0.0628582239151001	0.038916666666666655	0
slim	ZNF211	0.9303739070892334	0.5923954844474792	0.3075652173913043	0.21518181818181817	0.33797842264175415	0.09238339920948616	0
slim	CRLF1	0.7949125170707703	0.8881917595863342	0.25225	0.25400000000000006	-0.09327924251556396	-0.0017500000000000848	0
slim	SIVA1	0.11766250431537628	0.16911427676677704	0.0730625	-0.03485714285714287	-0.05145177245140076	0.10791964285714287	0
slim	HNRNPK	0.26192501187324524	0.19166667759418488	0.21675	0.0766666666666667	0.07025833427906036	0.14008333333333328	0
slim	RAB8B	0.8355875015258789	0.2624908983707428	0.24154166666666668	0.1398181818181818	0.5730966031551361	0.10172348484848487	1
slim	ZSWIM8	0.9701999425888062	0.6134399771690369	0.0575	0.229	0.3567599654197693	-0.1715	0
slim	ADGRL1	0.07868333905935287	0.09529999643564224	0.33066666666666666	-0.486	-0.016616657376289368	0.8166666666666667	0
slim	RNF150	0.947636067867279	1.0	0.17538888888888893	-0.12466666666666665	-0.05236393213272095	0.3000555555555556	0
slim	ABLIM1	0.911549985408783	0.8915666937828064	0.44675	0.19366666666666665	0.019983291625976562	0.2530833333333333	0
slim	CAMK2D	0.7079259157180786	0.012839999981224537	0.11759259259259262	-0.0914	0.6950859157368541	0.20899259259259262	1
slim	SRSF1	0.9080286026000977	0.9516000151634216	0.20357142857142854	0.1195	-0.043571412563323975	0.08407142857142855	0
slim	HSPA12A	0.9512221813201904	1.0	0.09444444444444443	0.2927142857142857	-0.04877781867980957	-0.19826984126984126	0
slim	PNKD	0.19482499361038208	0.1378999948501587	-0.011999999999999983	0.02	0.05692499876022339	-0.03199999999999999	0
slim	OPRM1	0.4008428454399109	0.9855285882949829	-0.13452380952380952	0.2394285714285714	-0.584685742855072	-0.3739523809523809	1
slim	LYRM9	0.2070615589618683	0.38684290647506714	0.08038461538461537	0.233	-0.17978134751319885	-0.15261538461538465	0
slim	CDC42	0.26372963190078735	0.0385500006377697	0.21425925925925926	-0.10850000000000001	0.22517963126301765	0.3227592592592593	0
slim	CELF4	0.8215500116348267	0.7947999835014343	0.41575	0.1815	0.026750028133392334	0.23425	0
slim	PDE2A	0.8415176868438721	0.7763076424598694	0.2432058823529412	0.20169230769230767	0.06521004438400269	0.04151357466063352	0
slim	CNOT1	0.7536832690238953	0.7005000114440918	0.4073333333333334	0.059	0.05318325757980347	0.3483333333333334	0
slim	EIF4B	0.9711999893188477	0.9649999737739563	0.3283333333333333	0.007	0.006200015544891357	0.3213333333333333	0
slim	ST7	0.03295000270009041	0.03689999878406525	0.025999999999999992	0.341	-0.003949996083974838	-0.31500000000000006	0
slim	BAIAP2	0.9730476140975952	0.9570714235305786	0.15885714285714286	0.03271428571428571	0.0159761905670166	0.12614285714285717	0
slim	KCNAB1	0.043531034141778946	0.05324999988079071	0.11337931034482757	0.0595	-0.009718965739011765	0.05387931034482757	0
slim	CAPRIN1	0.954357922077179	0.9993000030517578	0.2683157894736842	-0.645	-0.04494208097457886	0.9133157894736842	0
slim	UQCRB	0.106904998421669	0.16509999334812164	0.257	0.10957142857142857	-0.05819499492645264	0.14742857142857144	0
slim	ATP5MF	0.8391222357749939	0.6335800290107727	0.02688888888888892	0.558	0.2055422067642212	-0.5311111111111111	0
slim	SUV39H1	0.6616733074188232	0.5423499941825867	0.09159999999999999	0.34725	0.11932331323623657	-0.25565000000000004	0
slim	FAHD1	0.4117499887943268	0.21101251244544983	0.15130000000000002	-0.00037500000000000033	0.20073747634887695	0.151675	0
slim	DDHD1	0.32429999113082886	0.24422858655452728	0.0195	0.0035714285714285826	0.08007140457630157	0.015928571428571417	0
slim	NDRG4	0.26263463497161865	0.36890000104904175	0.07403846153846155	-0.397	-0.1062653660774231	0.4710384615384616	0
slim	OSBPL9	0.09037391096353531	0.5840461254119873	-0.005739130434782604	0.15984615384615386	-0.493672214448452	-0.16558528428093647	1
slim	CD37	0.14451304078102112	0.45790836215019226	-0.12408695652173911	0.2934166666666667	-0.31339532136917114	-0.41750362318840584	0
slim	AK2	0.04141249880194664	0.06310000270605087	-0.15362499999999998	0.341	-0.021687503904104233	-0.494625	0
slim	PPP1R12B	0.3620867133140564	0.2401857227087021	0.1633	0.16378571428571426	0.12190099060535431	-0.000485714285714256	0
slim	CIAPIN1	0.06523571163415909	0.04309999942779541	0.10085714285714287	0.02	0.022135712206363678	0.08085714285714286	0
slim	NDUFB8	0.48827239871025085	0.2508571445941925	0.19596551724137928	0.029	0.23741525411605835	0.16696551724137929	0
slim	KIF1B	0.40663912892341614	0.2612062692642212	0.12891304347826085	0.1208125	0.14543285965919495	0.00810054347826085	0
slim	SGCE	0.783807635307312	1.0	0.219	0.378	-0.216192364692688	-0.159	0
slim	TTC1	0.7053594589233398	0.18850000202655792	0.09832432432432435	0.06	0.5168594568967819	0.03832432432432435	1
domain	ARMCX4	0.8222842216491699	0.24256666004657745	0.14553166421207658	-0.22206666666666663	0.5797175616025925	0.3675983308787432	1
domain	PARD3B	0.7003446221351624	0.33333998918533325	0.19743228699551568	-0.1426	0.3670046329498291	0.3400322869955157	1
domain	TBC1D14	0.5894209146499634	0.36989009380340576	0.0999317697228145	0.14082098765432097	0.21953082084655762	-0.04088921793150646	1
domain	NRBP2	0.24488061666488647	0.6743961572647095	0.10496124031007752	0.26676923076923076	-0.429515540599823	-0.16180799045915323	1
domain	RYR3	0.21022477746009827	0.23100000619888306	0.07885666293393058	-0.08399999999999999	-0.02077522873878479	0.16285666293393058	0
domain	NCAM1	0.13403332233428955	0.9388805031776428	0.10811958146487295	0.27014705882352935	-0.8048471808433533	-0.1620274773586564	1
domain	KIAA2026	0.7300513386726379	0.11208771914243698	0.1633688155922039	0.04616427432216906	0.617963619530201	0.11720454127003484	1
domain	ACTN1	0.10369034111499786	0.08073689043521881	0.09381935483870968	0.0590970873786408	0.022953450679779053	0.03472226746006888	0
domain	LTBP4	0.4352650046348572	0.2259909063577652	0.19767619783616694	0.004545454545454539	0.20927409827709198	0.1931307432907124	0
domain	DMD	0.27432623505592346	0.7773370146751404	0.12293314037626629	0.06307407407407407	-0.5030107796192169	0.05985906630219222	1
domain	AGAP3	0.43766915798187256	0.887274980545044	0.15331417624521074	0.12449999999999999	-0.4496058225631714	0.02881417624521075	1
domain	AP3D1	0.40601611137390137	0.47874879837036133	0.16812540192926043	0.09711627906976744	-0.07273268699645996	0.07100912285949298	0
domain	AP3B2	0.27723437547683716	0.9006400108337402	0.11260416666666667	0.124	-0.6234056353569031	-0.011395833333333327	1
domain	MAP3K10	0.7521839141845703	0.13287778198719025	0.216224376731302	0.009777777777777786	0.6193061321973801	0.2064465989535242	1
domain	FASTK	0.3245569169521332	0.7136714458465576	0.12198776758409786	0.1354761904761905	-0.38911452889442444	-0.013488422892092636	1
domain	ABCC5	0.16429488360881805	0.739300012588501	0.046269918699186986	0.007	-0.5750051289796829	0.03926991869918699	1
domain	LSM8	0.47762954235076904	0.12838181853294373	0.15474647887323942	0.02825757575757576	0.3492477238178253	0.12648890311566366	0
domain	TAPBP	0.3289993107318878	0.19709999859333038	0.16436184210526314	0.22999999999999998	0.13189931213855743	-0.06563815789473684	0
domain	C2	0.17376375198364258	0.9610836505889893	0.08863740458015268	0.10216326530612245	-0.7873198986053467	-0.013525860725969771	1
domain	NRXN1	0.23833207786083221	0.8889000415802002	0.07715298507462685	0.2754444444444444	-0.650567963719368	-0.1982914593698175	1
domain	FADS3	0.21859389543533325	0.355226069688797	0.10321739130434783	0.12339130434782605	-0.13663217425346375	-0.020173913043478223	0
domain	DNAJB12	0.46551063656806946	0.1874285787343979	0.1756844262295082	-0.08428571428571428	0.27808205783367157	0.2599701405152225	0
domain	RIMS2	0.7571843862533569	0.9065550565719604	0.1931192250372578	0.07189999999999999	-0.14937067031860352	0.12121922503725782	0
domain	ANK3	0.7680046558380127	0.9599397778511047	0.1854892210405289	0.21159223300970878	-0.19193512201309204	-0.026103011969179885	0
domain	AHI1	0.6398605108261108	0.9980199933052063	0.1737956204379562	0.254	-0.35815948247909546	-0.08020437956204379	0
domain	STAT2	0.13766230642795563	0.8513555526733398	0.08632341269841269	0.2603333333333333	-0.7136932462453842	-0.1740099206349206	1
domain	PEAK1	0.7104177474975586	0.7982499599456787	0.16421376811594204	0.02	-0.08783221244812012	0.14421376811594205	0
domain	ASPH	0.4393709897994995	0.3971775770187378	0.1818384991843393	0.11867241379310346	0.04219341278076172	0.06316608539123585	0
domain	CLASP2	0.4296325743198395	0.23458421230316162	0.11460317460317461	-0.09063157894736841	0.19504836201667786	0.20523475355054302	0
domain	APBA1	0.4592822194099426	0.8997374773025513	0.14907788161993768	0.1745625	-0.44045525789260864	-0.02548461838006233	1
domain	DDX18	0.4739725589752197	0.14268077909946442	0.14297234042553192	0.03030769230769233	0.3312917798757553	0.11266464811783959	0
domain	WDR91	0.21377195417881012	0.9547333121299744	0.09727532467532468	-0.6296666666666666	-0.7409613579511642	0.7269419913419912	1
domain	PRDM11	0.5626777410507202	0.4541335999965668	0.1941335616438356	0.1572134387351779	0.10854414105415344	0.036920122908657704	1
domain	TRIM2	0.1411479413509369	0.9834499359130859	0.12359589041095892	0.110625	-0.842301994562149	0.012970890410958918	1
domain	EP400	0.6023012399673462	0.9485694169998169	0.1669323827046918	0.18538888888888888	-0.3462681770324707	-0.018456506184197086	0
domain	PDE8A	0.22828620672225952	0.03674999997019768	0.09790857946554149	0.181	0.19153620675206184	-0.0830914205344585	0
domain	MYH10	0.2988508641719818	0.4380999803543091	0.15145159602302458	-0.5025	-0.13924911618232727	0.6539515960230246	0
domain	DDX39A	0.0735558420419693	0.28913748264312744	0.056766423357664235	0.030375000000000013	-0.21558164060115814	0.026391423357664222	0
domain	RGS3	0.38274937868118286	0.9699499607086182	0.1346998191681736	0.4475	-0.5872005820274353	-0.31280018083182637	1
domain	TMEM25	0.23866844177246094	0.960099995136261	0.08830038022813688	-0.121	-0.7214315533638	0.20930038022813688	1
domain	OCRL	0.24505624175071716	0.07682222127914429	0.11857434402332362	0.2792222222222222	0.16823402047157288	-0.16064787819889859	0
domain	DNMT3A	0.5219320058822632	0.375900000333786	0.18172793053545588	0.341	0.14603200554847717	-0.15927206946454414	1
domain	TSEN2	0.13427294790744781	0.07678332924842834	0.0542389937106918	0.05100000000000001	0.05748961865901947	0.0032389937106917926	0
domain	RAF1	0.20851536095142365	0.8345999717712402	0.06812418300653594	-0.20825	-0.6260846108198166	0.27637418300653593	1
domain	DDX27	0.35323160886764526	0.805057942867279	0.15896686746987948	0.07186842105263158	-0.4518263339996338	0.0870984464172479	1
domain	HSP90B1	0.2919293940067291	0.027980951592326164	0.13585150078988942	-0.03904761904761906	0.26394844241440296	0.17489911983750847	0
domain	PRKG2	0.09771443158388138	0.094200000166893	0.07901056338028169	0.04999999999999999	0.003514431416988373	0.029010563380281698	0
domain	NRG1	0.7677415609359741	0.6227399706840515	0.1511420765027322	0.14873333333333333	0.1450015902519226	0.002408743169398875	0
domain	PMS2	0.28805139660835266	0.296625018119812	0.14115887850467287	0.07925000000000001	-0.00857362151145935	0.06190887850467286	0
domain	INPP5B	0.09881407767534256	0.9013664126396179	0.07602570379436964	0.09723376623376623	-0.8025523349642754	-0.02120806243939659	1
domain	ZFYVE19	0.4912344515323639	0.8806629776954651	0.19350140056022413	0.12185185185185185	-0.3894285261631012	0.07164954870837228	1
domain	ADAM19	0.3303689658641815	0.9479923248291016	0.14470100502512562	0.19253846153846155	-0.61762335896492	-0.04783745651333593	1
domain	PLD1	0.22880756855010986	0.5701083540916443	0.0619322033898305	0.09566666666666668	-0.3413007855415344	-0.03373446327683618	1
domain	ARHGEF9	0.263023316860199	0.06293333321809769	0.08753354632587858	-0.343	0.2000899836421013	0.4305335463258786	0
domain	AP2A2	0.17619293928146362	0.40833333134651184	0.08400121654501218	0.06800000000000002	-0.23214039206504822	0.01600121654501216	0
domain	SMARCA2	0.4441525936126709	0.7978307008743286	0.16990716981132076	-0.09630769230769233	-0.3536781072616577	0.2662148621190131	1
domain	EPB41L3	0.5004087686538696	0.6639659404754639	0.13172340425531917	0.18847569444444445	-0.16355717182159424	-0.05675229018912528	0
domain	AHI1	0.688763439655304	0.7357555031776428	0.20479279279279278	-0.032611111111111105	-0.04699206352233887	0.23740390390390387	0
domain	ZNF226	0.4205005466938019	0.07301250100135803	0.1690697350069735	-0.16225	0.34748804569244385	0.33131973500697354	0
domain	SCN8A	0.2818721532821655	0.13379999995231628	0.019738613861386138	0.2	0.14807215332984924	-0.18026138613861387	0
domain	IMPACT	0.321316659450531	0.17374999821186066	0.14519047619047618	-0.697	0.14756666123867035	0.8421904761904762	0
domain	PIK3CD	0.1272636204957962	0.1342960000038147	0.08431646932185144	0.19235999999999998	-0.007032379508018494	-0.10804353067814854	0
domain	ZNF431	0.4804909825325012	0.7566333413124084	0.11814999999999999	-0.066	-0.2761423587799072	0.18414999999999998	1
domain	PWWP2A	0.5269063711166382	0.961899995803833	0.16316101694915255	0.18	-0.4349936246871948	-0.01683898305084744	0
domain	HNRNPU	0.5932931303977966	0.18321427702903748	0.19606896551724137	-0.24071428571428571	0.41007885336875916	0.43678325123152706	1
domain	SCN8A	0.24656708538532257	0.36785808205604553	0.006940095846645364	0.15016129032258066	-0.12129099667072296	-0.1432211944759353	0
domain	KALRN	0.3363021910190582	0.4338499903678894	0.12001448657861098	0.32299999999999995	-0.09754779934883118	-0.20298551342138899	0
domain	SLC22A10	0.11830602586269379	0.1703256517648697	-0.002129310344827589	0.06710256410256409	-0.0520196259021759	-0.06923187444739168	0
domain	PDE3A	0.469588041305542	0.9200800061225891	0.12616079632465546	0.2222	-0.4504919648170471	-0.09603920367534455	1
domain	EHMT1	0.5772852897644043	0.22311903536319733	0.1728054054054054	0.16628571428571426	0.35416625440120697	0.00651969111969114	1
domain	NFATC2	0.5452348589897156	0.60794997215271	0.14188655462184876	-0.5025	-0.06271511316299438	0.6443865546218487	0
domain	NVL	0.288409560918808	0.3240032494068146	0.14226280323450136	0.1710322580645161	-0.03559368848800659	-0.02876945483001475	0
domain	TNS2	0.677507221698761	0.06193999946117401	0.2080899830220713	0.128	0.615567222237587	0.08008998302207129	1
domain	PLEKHH1	0.3899153172969818	0.933152973651886	0.13844242424242426	0.18399337748344372	-0.5432376563549042	-0.04555095324101946	1
domain	VIPR1	0.20974087715148926	0.27205556631088257	0.0030831408775981524	0.08205050505050507	-0.06231468915939331	-0.07896736417290691	0
domain	NCOR1	0.8113437294960022	0.8899714350700378	0.2213572503763171	0.07928571428571428	-0.07862770557403564	0.1420715360906028	0
domain	ACTN2	0.08052249252796173	0.7285500168800354	0.06909236947791164	-0.117375	-0.6480275243520737	0.18646736947791165	1
domain	HNRNPU	0.6386709809303284	0.1500999927520752	0.18951380368098159	0.17666666666666667	0.4885709881782532	0.012847137014314919	1
domain	SNX19	0.5170211791992188	0.16135156154632568	0.1574	0.10950000000000001	0.35566961765289307	0.0479	1
domain	CPNE6	0.2131461203098297	0.9282864928245544	0.10602522522522521	0.2633311688311688	-0.7151403725147247	-0.15730594360594358	1
domain	EBF1	0.4992106854915619	0.38858890533447266	0.09927083333333332	0.21066666666666667	0.11062178015708923	-0.11139583333333335	0
domain	DTNA	0.578927218914032	0.46142223477363586	0.14796514161220042	0.14322222222222222	0.11750498414039612	0.004742919389978201	1
domain	VSTM2A	0.5006548762321472	0.6704027056694031	0.17974193548387096	0.12156756756756758	-0.16974782943725586	0.058174367916303385	0
domain	RGPD5	0.6256235241889954	0.23454001545906067	0.15187600459242248	0.1011	0.3910835087299347	0.050776004592422486	1
domain	OSBP2	0.8025005459785461	0.9014809727668762	0.21308247422680415	0.051333333333333356	-0.09898042678833008	0.1617491408934708	0
domain	TRIM11	0.2634888291358948	0.7795912623405457	0.11199342105263158	0.0934927536231884	-0.5161024332046509	0.018500667429443174	1
domain	EXOSC10	0.35294008255004883	0.05632000043988228	0.11379532163742692	-0.0744	0.29662008211016655	0.18819532163742692	0
domain	ZKSCAN1	0.5506649017333984	0.9631999731063843	0.19904120879120876	0.586	-0.41253507137298584	-0.3869587912087912	0
domain	MAST3	0.6523285508155823	0.7662420272827148	0.174092936802974	0.03936842105263157	-0.11391347646713257	0.13472451575034242	0
domain	SPG7	0.29498937726020813	0.3043132722377777	0.105	0.17343333333333327	-0.00932389497756958	-0.06843333333333328	0
domain	ANKHD1	0.37425336241722107	0.9727765321731567	0.12955653450807636	0.2854705882352941	-0.5985231697559357	-0.15591405372721773	1
domain	SBF2	0.40376025438308716	0.07303749769926071	0.10708474576271186	-0.18637499999999999	0.33072275668382645	0.29345974576271183	0
domain	FBXW7	0.42818403244018555	0.02882000245153904	0.13574526678141136	0.0578	0.3993640299886465	0.07794526678141137	0
domain	TUBE1	0.06551875174045563	0.7017500400543213	0.05169711538461538	0.14500000000000002	-0.6362312883138657	-0.09330288461538463	1
domain	ZNF566	0.5901530981063843	0.97612065076828	0.09857575757575755	0.16828301886792452	-0.38596755266189575	-0.06970726129216696	0
domain	PHF20L1	0.7338082790374756	0.11289999634027481	0.19381468531468532	0.166	0.6209082826972008	0.02781468531468531	1
domain	CLASP1	0.40242016315460205	0.10756667703390121	0.11296359411309063	-0.19583333333333333	0.29485348612070084	0.30879692744642395	0
domain	ANKRD45	0.2135959416627884	0.07263333350419998	0.11727027027027023	-0.4486666666666667	0.1409626081585884	0.5659369369369369	0
domain	ABCA2	0.2515707015991211	0.14300000667572021	0.06051971326164874	0.11000000000000001	0.10857069492340088	-0.049480286738351274	0
domain	NEK10	0.3581840991973877	0.024784615263342857	0.10090549450549449	0.06215384615384616	0.33339948393404484	0.038751648351648335	0
domain	MACF1	0.4165492653846741	0.29215002059936523	0.13728321461752865	0.189	0.12439924478530884	-0.05171678538247135	0
domain	NCOA1	0.6072713136672974	0.9998667240142822	0.15674257425742574	-0.027666666666666655	-0.39259541034698486	0.1844092409240924	0
domain	CSNK1D	0.13213446736335754	0.9976000189781189	0.04782432432432432	0.2255714285714286	-0.8654655516147614	-0.17774710424710427	1
domain	RPTOR	0.26861995458602905	0.17578041553497314	0.07562866108786609	0.1062391304347826	0.09283953905105591	-0.03061046934691651	0
domain	BMAL2	0.44253116846084595	0.5901875495910645	0.10242307692307694	0.017499999999999988	-0.1476563811302185	0.08492307692307695	1
domain	MACF1	0.4156070947647095	0.7312055826187134	0.132501719526175	0.04641666666666667	-0.3155984878540039	0.08608505285950835	1
domain	PRAG1	0.5320943593978882	0.7478500604629517	0.17258470764617692	-0.06923076923076923	-0.21575570106506348	0.24181547687694616	0
domain	RBCK1	0.27272510528564453	0.08863599598407745	0.15901990049751244	-0.06359999999999999	0.18408910930156708	0.22261990049751243	0
domain	PTPN20	0.0711260437965393	0.3589095175266266	0.014190697674418612	0.08819047619047621	-0.2877834737300873	-0.0739997785160576	0
domain	SLC25A48	0.1274823546409607	0.21603967249393463	0.044625000000000005	0.10308730158730156	-0.08855731785297394	-0.058462301587301556	0
domain	PA2G4	0.19216658174991608	0.8182500004768372	0.13826966292134832	0.17254166666666665	-0.6260834187269211	-0.03427200374531833	1
domain	DROSHA	0.1093391627073288	0.1876888871192932	0.07319085487077533	0.08522222222222224	-0.07834972441196442	-0.012031367351446914	0
domain	ANKZF1	0.5945175886154175	0.18027999997138977	0.1966	-0.248	0.4142375886440277	0.4446	1
domain	MACF1	0.38804230093955994	0.718994140625	0.13284766483516486	0.058529411764705885	-0.33095183968544006	0.07431825307045897	1
domain	N4BP2	0.6111412644386292	0.9178533554077148	0.1372605435801312	-0.1052	-0.3067120909690857	0.2424605435801312	0
domain	APOLD1	0.177476704120636	0.30737465620040894	0.09870631067961164	0.07173170731707317	-0.12989795207977295	0.02697460336253847	0
domain	BOC	0.43913203477859497	0.8993350267410278	0.14122191272051995	0.1898360655737705	-0.46020299196243286	-0.04861415285325055	1
domain	ARPC1B	0.06577824056148529	0.8430523872375488	0.06914035087719297	0.40761904761904755	-0.7772741466760635	-0.3384786967418546	1
domain	ABCB8	0.13952995836734772	0.08788999915122986	0.100006734006734	0.015400000000000007	0.05163995921611786	0.08460673400673399	0
domain	RALGPS1	0.5780158042907715	0.19449999928474426	0.14423275862068966	-0.089	0.3835158050060272	0.23323275862068965	1
domain	KMT2C	0.6656107306480408	0.8267613649368286	0.17710252686610514	0.03125806451612904	-0.16115063428878784	0.1458444623499761	0
domain	NSMCE2	0.39875704050064087	0.26809996366500854	0.19934899328859063	0.04460000000000001	0.13065707683563232	0.15474899328859062	0
domain	FNBP4	0.7836481928825378	0.22952084243297577	0.23640205011389523	-0.020916666666666663	0.5541273504495621	0.2573187167805619	1
domain	TTC1	0.32421818375587463	0.5091999769210815	0.13494545454545454	0.736	-0.1849817931652069	-0.6010545454545455	1
domain	ABLIM2	0.412215918302536	0.826063334941864	0.14458194774346794	0.03296666666666667	-0.413847416639328	0.11161528107680127	1
domain	ANKRD36C	0.7518501281738281	0.7071499824523926	0.19892671927846675	0.061625	0.04470014572143555	0.13730171927846674	0
domain	ADGRV1	0.23858584463596344	0.15196000039577484	0.05904394602479942	0.05639999999999997	0.0866258442401886	0.0026439460247994484	0
domain	FLRT2	0.34993407130241394	0.5299272537231445	0.06829936305732484	0.22362857142857154	-0.1799931824207306	-0.1553292083712467	1
domain	UBE3A	0.17132800817489624	0.4829999506473541	0.08111528150134048	-0.0967777777777778	-0.3116719424724579	0.17789305927911828	0
domain	MACF1	0.43352004885673523	0.3142545521259308	0.14252266666666666	-0.028454545454545458	0.11926549673080444	0.1709772121212121	0
domain	KDM5B	0.3511534333229065	0.0071538458578288555	0.1525036202735318	-0.08415384615384618	0.34399958746507764	0.23665746642737795	0
domain	DEPDC5	0.19000190496444702	0.414900004863739	0.04769833729216151	-0.245625	-0.224898099899292	0.29332333729216153	0
domain	IMPDH2	0.03694421425461769	0.9278333187103271	0.07043620178041543	0.234	-0.8908891044557095	-0.16356379821958458	1
domain	SRSF10	0.7229188680648804	0.17938554286956787	0.1899579831932773	0.07159999999999998	0.5435333251953125	0.11835798319327732	1
domain	DMTF1	0.4540529251098633	0.8170909285545349	0.11894705882352939	0.009227272727272725	-0.36303800344467163	0.10971978609625667	1
domain	PLA2R1	0.13010713458061218	0.13774000108242035	0.06918076027928627	0.2012	-0.0076328665018081665	-0.13201923972071372	0
domain	SETD5	0.738156795501709	0.9675106406211853	0.19543682664054848	0.41789473684210526	-0.22935384511947632	-0.22245791020155678	0
domain	HDAC9	0.3748558461666107	0.9365249872207642	0.12428721541155867	0.087125	-0.5616691410541534	0.037162215411558674	1
domain	SYNE1	0.2948682904243469	0.3342857360839844	0.12715354094024287	0.06128571428571428	-0.03941744565963745	0.06586782665452859	0
domain	DMD	0.33407169580459595	0.05818571895360947	0.13391203319502074	-0.27414285714285713	0.2758859768509865	0.4080548903378779	0
domain	GULP1	0.19963960349559784	0.07749142497777939	0.13299999999999998	-0.019428571428571424	0.12214817851781845	0.1524285714285714	0
domain	DHX57	0.15305522084236145	0.14710909128189087	0.08318132611637348	-0.18127272727272725	0.005946129560470581	0.2644540533891007	0
domain	ZNF276	0.6677078008651733	0.4404999911785126	0.20164133016627075	0.303	0.22720780968666077	-0.10135866983372924	1
domain	MYO9A	0.30789217352867126	0.9717507362365723	0.0763025078369906	0.17607042253521124	-0.663858562707901	-0.09976791469822065	1
domain	ATP13A2	0.19174955785274506	0.7173173427581787	0.07416687422166873	0.2070434782608696	-0.5255677849054337	-0.13287660403920087	1
domain	ZNF665	0.2580810785293579	0.4152906835079193	0.14939384615384615	0.012542056074766356	-0.1572096049785614	0.1368517900790798	0
domain	PREPL	0.06043454632163048	0.872186541557312	0.09770909090909091	0.1547752808988764	-0.8117519952356815	-0.05706618998978549	1
domain	SAFB	0.8253977298736572	0.7210111618041992	0.1989772727272727	0.21288888888888888	0.10438656806945801	-0.01391161616161618	0
domain	HACE1	0.10844957083463669	0.5503000020980835	0.07714326647564469	-0.19699999999999998	-0.4418504312634468	0.2741432664756447	1
domain	SORBS2	0.7707642316818237	0.9101175665855408	0.18638104448742748	0.20039864864864865	-0.13935333490371704	-0.014017604161221164	0
domain	PEG3	0.3799833357334137	0.9513000249862671	0.13972222222222216	0.166	-0.5713166892528534	-0.026277777777777844	1
domain	NHLRC3	0.13721999526023865	0.22577035427093506	0.06753191489361703	0.16762962962962963	-0.08855035901069641	-0.1000977147360126	0
domain	ATF6B	0.6896138787269592	0.8685333132743835	0.1804378947368421	0.04466666666666666	-0.17891943454742432	0.13577122807017544	0
domain	CNTN5	0.20620866119861603	0.2728545069694519	0.10386008230452673	0.1258994708994709	-0.06664584577083588	-0.02203938859494417	0
domain	ANKHD1	0.4124627113342285	0.9678058624267578	0.14396251588310038	0.2854705882352941	-0.5553431510925293	-0.1415080723521937	1
domain	JARID2	0.5042954087257385	0.856939971446991	0.17949955317247543	-0.0388	-0.35264456272125244	0.21829955317247543	0
domain	P4HB	0.15679126977920532	0.58038729429245	0.10842988505747127	0.16577348066298342	-0.42359602451324463	-0.05734359560551215	1
domain	PABPC4	0.15916723012924194	0.930150032043457	0.10016870415647922	-0.07831250000000001	-0.7709828019142151	0.17848120415647922	1
domain	FANCM	0.22437770664691925	1.0	0.061331645569620244	0.12280000000000002	-0.7756222933530807	-0.061468354430379776	1
domain	ST6GALNAC5	0.08668553829193115	0.4860363304615021	0.0678595041322314	0.3387272727272727	-0.3993507921695709	-0.2708677685950413	0
domain	TTC3	0.329762727022171	0.18853332102298737	0.11931125356125355	-0.14566666666666667	0.14122940599918365	0.2649779202279202	0
domain	EZH2	0.1813298761844635	0.16205814480781555	0.11524390243902438	0.02732558139534885	0.01927173137664795	0.08791832104367553	0
domain	ARRDC1	0.21477054059505463	0.9739599823951721	0.10839041095890412	0.27969999999999995	-0.7591894418001175	-0.17130958904109583	1
domain	FCHSD2	0.5727758407592773	0.23267777264118195	0.20797716894977164	-0.05844444444444444	0.3400980681180954	0.2664216133942161	1
domain	CDKL3	0.0646488144993782	0.5959522128105164	0.05685762711864407	0.14834482758620687	-0.5313033983111382	-0.09148720046756281	1
domain	RABGGTA	0.04396486282348633	0.5413800477981567	0.0666689189189189	0.2312	-0.4974151849746704	-0.16453108108108108	1
domain	ITGB1	0.20157207548618317	0.1899999976158142	0.13210501193317423	-0.121	0.011572077870368958	0.25310501193317425	0
domain	ERCC6	0.45048052072525024	0.19175998866558075	0.11604818092428712	-0.020799999999999996	0.2587205320596695	0.1368481809242871	0
domain	DNMBP	0.6232941150665283	0.9740549921989441	0.16943169398907104	0.09184999999999997	-0.35076087713241577	0.07758169398907107	0
domain	ARHGEF28	0.5069534778594971	1.0	0.13614539682539684	0.166	-0.49304652214050293	-0.029854603174603173	0
domain	TRIM27	0.14005447924137115	0.8393999934196472	0.0446923076923077	0.341	-0.6993455141782761	-0.2963076923076923	1
domain	KMT2C	0.7083181738853455	0.8129199743270874	0.18302027553938136	0.018400000000000007	-0.10460180044174194	0.16462027553938136	0
domain	MICAL3	0.5821354389190674	0.8781288266181946	0.19799593082400813	0.12124242424242425	-0.2959933876991272	0.07675350658158388	0
domain	NDUFA5	0.836743950843811	0.12063125520944595	-0.060300699300699284	0.15585	0.7161126956343651	-0.21615069930069927	1
domain	ASPSCR1	0.36151057481765747	0.930642306804657	0.1210402010050251	0.22574999999999998	-0.5691317319869995	-0.10470979899497487	1
domain	ZNF415	0.9638749957084656	0.16320937871932983	0.2020125	-0.02049999999999999	0.8006656169891357	0.2225125	1
domain	SYNE2	0.3193780779838562	0.9742000102996826	0.12467291666666666	0.318	-0.6548219323158264	-0.19332708333333334	1
domain	RNF126	0.5916070938110352	0.8888870477676392	0.19017916666666668	0.08425	-0.297279953956604	0.10592916666666667	0
domain	TCERG1	0.5206936001777649	0.216782346367836	0.22467765190525232	-0.1834705882352941	0.3039112538099289	0.4081482401405464	1
domain	MYH9	0.3377346396446228	0.42118576169013977	0.17030529595015578	0.18342857142857144	-0.08345112204551697	-0.013123275478415658	0
domain	TAP2	0.07111022621393204	0.6931428909301758	0.07928729281767956	0.4485714285714285	-0.6220326647162437	-0.36928413575374897	1
domain	DAB2	0.8318659663200378	0.05700000002980232	0.19047480916030538	0.18	0.7748659662902355	0.010474809160305382	1
domain	CRELD1	0.14924240112304688	0.9476685523986816	0.029021739130434772	0.20020000000000002	-0.7984261512756348	-0.17117826086956525	1
domain	ADAMTS16	0.19602632522583008	0.14856137335300446	0.12446424517593643	-0.056772727272727266	0.04746495187282562	0.1812369724486637	0
domain	LLGL2	0.1746973693370819	0.9849799871444702	0.08519912472647702	0.42260000000000003	-0.8102826178073883	-0.337400875273523	1
domain	CLASP1	0.37291648983955383	0.6156420111656189	0.11398165137614678	0.21212903225806448	-0.24272552132606506	-0.0981473808819177	1
domain	SBF1	0.3773531913757324	0.5550752878189087	0.12022596843615495	0.0972359550561798	-0.17772209644317627	0.022990013379975152	1
domain	STAT5B	0.12468395382165909	0.6899608373641968	0.12237967914438502	0.020260869565217405	-0.5652768835425377	0.10211880957916762	1
domain	TNS1	0.7370548248291016	0.9897461533546448	0.1548082191780822	0.28615384615384615	-0.2526913285255432	-0.13134562697576393	0
domain	TBCB	0.15318936109542847	0.4006577134132385	0.1418368794326241	-0.034730769230769225	-0.24746835231781006	0.17656764866339333	0
domain	ARHGAP17	0.16839832067489624	0.6191726922988892	0.12710251046025103	0.02345454545454547	-0.4507743716239929	0.10364796500570556	1
domain	CNTRL	0.35378068685531616	0.32678917050361633	0.17967783094098883	0.1422779783393502	0.02699151635169983	0.03739985260163864	0
domain	ALS2	0.16974686086177826	0.17160667479038239	0.07724883720930233	0.2658	-0.001859813928604126	-0.18855116279069767	0
domain	ZBTB24	0.6524218320846558	0.5872000455856323	0.18496938775510205	-0.2135	0.06522178649902344	0.39846938775510204	0
domain	ZNF687	0.8794186115264893	0.9499778747558594	0.2494566666666667	0.2528148148148148	-0.07055926322937012	-0.003358148148148138	0
domain	SALL3	0.7653768658638	0.7856308817863464	0.2173648018648019	0.18888095238095234	-0.020254015922546387	0.02848384948384955	0
domain	RASGRP1	0.19359636306762695	0.6819400191307068	0.08105244122965642	0.0526	-0.48834365606307983	0.02845244122965642	1
domain	CEP350	0.7230692505836487	0.5431400537490845	0.19388297282307268	-0.08387272727272727	0.1799291968345642	0.2777557000958	0
domain	MYCBP2	0.4097086489200592	0.9320999979972839	0.11939222614840989	0.44933333333333336	-0.5223913490772247	-0.3299411071849235	1
domain	WBP2	0.36564308404922485	0.7178313732147217	0.09634254143646408	0.15740963855421686	-0.3521882891654968	-0.06106709711775278	1
domain	PLEKHA5	0.5759846568107605	0.9624428153038025	0.1780988296488947	-0.07842857142857143	-0.386458158493042	0.25652740107746613	0
domain	BRWD3	0.43434399366378784	1.0	0.10719474637681159	0.192	-0.5656560063362122	-0.08480525362318841	1
domain	ZNF783	0.5612190365791321	0.8387503027915955	0.1760859538784067	0.16842857142857146	-0.2775312662124634	0.007657382449835243	0
domain	SLC27A1	0.057293135672807693	0.666583240032196	0.024349272349272342	0.15571666666666664	-0.6092901043593884	-0.1313673943173943	1
domain	EGLN3	0.7734189629554749	0.10842201858758926	0.2154330708661417	0.049743119266055034	0.6649969443678856	0.16568995160008665	1
domain	PHC3	0.8283433318138123	0.7112333178520203	0.20369067296340024	-0.697	0.11711001396179199	0.9006906729634002	0
domain	DPP9	0.04785963147878647	0.7824600338935852	0.07853825857519789	0.17839999999999998	-0.7346004024147987	-0.09986174142480209	1
domain	EIF4G1	0.38380640745162964	0.9175000190734863	0.14605997392438072	0.318	-0.5336936116218567	-0.17194002607561928	1
domain	NID2	0.2977486550807953	0.6390750408172607	0.135135838150289	-0.29550000000000004	-0.34132638573646545	0.43063583815028905	1
domain	ERCC8	0.1469431221485138	0.1770763248205185	0.08135185185185184	0.1402894736842105	-0.0301332026720047	-0.05893762183235865	0
domain	KDM6A	0.2455248087644577	0.32326000928878784	0.08211764705882352	-0.1704	-0.07773520052433014	0.2525176470588235	0
domain	EGLN1	0.5325208902359009	0.4981807470321655	0.20117973856209154	0.06442307692307693	0.03434014320373535	0.13675666163901462	1
domain	PDZRN3	0.43585240840911865	0.8580999970436096	0.14725868055555555	-0.2395	-0.42224758863449097	0.3867586805555555	1
domain	SMAD4	0.5173184871673584	0.4199666678905487	0.13707341772151901	-0.009666666666666676	0.09735181927680969	0.1467400843881857	1
domain	PRKG1	0.16116222739219666	0.31984269618988037	0.0816587982832618	0.14782926829268292	-0.15868046879768372	-0.06617047000942113	0
domain	BRWD1	0.3552381992340088	0.9343312382698059	0.10424737210932027	0.20243750000000002	-0.5790930390357971	-0.09819012789067975	1
domain	HNRNPUL1	0.4848994016647339	0.8157623410224915	0.1466543408360129	0.1307540983606557	-0.33086293935775757	0.01590024247535718	1
domain	UBE2F	0.0582805834710598	0.7141899466514587	0.06718446601941747	0.15794999999999998	-0.6559093631803989	-0.09076553398058251	1
domain	RAPGEF5	0.2892009913921356	0.724399983882904	0.09457542579075426	0.15481395348837207	-0.43519899249076843	-0.06023852769761781	1
domain	FAXDC2	0.07353461533784866	0.5404166579246521	0.023971153846153843	0.16193333333333332	-0.46688204258680344	-0.13796217948717948	1
domain	PRDM2	0.8174690008163452	0.9562478065490723	0.22424158415841583	0.12156521739130435	-0.13877880573272705	0.10267636676711148	0
domain	ERCC6	0.44268080592155457	0.15017500519752502	0.1149484536082474	0.05925000000000001	0.29250580072402954	0.05569845360824739	0
domain	RNF170	0.18392781913280487	0.7975000143051147	0.04059130434782609	0.2023157894736842	-0.6135721951723099	-0.1617244851258581	1
domain	RBFOX3	0.6693440079689026	0.9233413934707642	0.1681524926686217	0.18622666666666665	-0.2539973855018616	-0.01807417399804495	0
domain	AHI1	0.6398605108261108	0.9980199933052063	0.1737956204379562	0.254	-0.35815948247909546	-0.08020437956204379	0
domain	SMARCA2	0.39192017912864685	0.3822999894618988	0.16091006097560975	-0.397	0.009620189666748047	0.5579100609756098	0
domain	AKT3	0.19895526766777039	0.07412000000476837	0.07989873417721519	0.055399999999999984	0.12483526766300201	0.024498734177215202	0
domain	ATAD1	0.1034884825348854	0.14083333313465118	0.09552654867256637	0.02266666666666665	-0.03734485059976578	0.07285988200589971	0
domain	ITGB3	0.24254544079303741	0.20516666769981384	0.09778468899521532	0.47000000000000003	0.03737877309322357	-0.3722153110047847	0
domain	RAPGEF5	0.29139387607574463	0.7895905375480652	0.09682389162561578	0.15058490566037733	-0.49819666147232056	-0.05376101403476155	1
domain	ITGA4	0.12438542395830154	0.2216923087835312	0.07300111234705228	0.18176923076923077	-0.09730688482522964	-0.10876811842217848	0
domain	EYA2	0.12834392488002777	0.14458084106445312	0.04725217391304349	0.0059361702127659665	-0.016236916184425354	0.04131600370027752	0
domain	MICAL2	0.37575751543045044	0.7535125017166138	0.11625451092117758	0.2575945512820513	-0.37775498628616333	-0.1413400403608737	1
domain	LAMA2	0.31976330280303955	0.6601833701133728	0.11264213753832675	0.08970833333333332	-0.34042006731033325	0.022933804204993427	1
domain	ABCC8	0.17370982468128204	0.48164287209510803	0.0555491723466407	0.33428571428571424	-0.307933047413826	-0.27873654193907355	0
domain	NUDCD1	0.08591816574335098	0.4588666558265686	0.07591578947368421	-0.23439393939393938	-0.3729484900832176	0.3103097288676236	0
domain	KRIT1	0.15388990938663483	0.051600001752376556	0.0919527896995708	-0.397	0.10228990763425827	0.4889527896995708	0
domain	PRKCG	0.2458820641040802	0.22660000622272491	0.14429245283018868	-0.121	0.019282057881355286	0.26529245283018865	0
domain	MKRN3	0.0625113695859909	0.36812856793403625	0.10181818181818182	0.1650714285714286	-0.30561719834804535	-0.06325324675324677	0
domain	ANKRD18A	0.23496697843074799	0.8631951212882996	0.14056344086021505	0.1786153846153846	-0.6282281428575516	-0.03805194375516954	1
domain	DNAJC13	0.11099939048290253	0.10570000112056732	0.07313226452905812	-0.121	0.005299389362335205	0.19413226452905813	0
domain	CRACR2A	0.40534666180610657	0.920738935470581	0.16533473980309424	0.1562389937106918	-0.5153922736644745	0.009095746092402435	1
domain	DPP6	0.13043628633022308	0.9434072375297546	0.09212903225806451	0.08622972972972971	-0.8129709511995316	0.005899302528334802	1
domain	SGK1	0.3557675778865814	0.2055446058511734	0.11906560636182903	-0.10336486486486486	0.15022297203540802	0.2224304712266939	0
domain	GRHPR	0.07279032468795776	0.8353496193885803	0.09112499999999998	0.20994308943089435	-0.7625592947006226	-0.11881808943089436	1
domain	RALYL	0.4301326274871826	0.5637400150299072	0.14564625850340138	-0.188	-0.1336073875427246	0.33364625850340135	1
domain	SEPTIN7	0.23061347007751465	0.17192141711711884	0.12596848137535815	-0.22414285714285717	0.05869205296039581	0.3501113385182153	0
domain	SPTB	0.1665351539850235	0.3301289677619934	0.1093811138014528	0.11701315789473685	-0.1635938137769699	-0.007632044093284052	0
domain	CTTN	0.540558934211731	0.6441822648048401	0.11646511627906977	0.1252222222222222	-0.10362333059310913	-0.008757105943152432	0
domain	DGKA	0.1275710165500641	0.41423648595809937	0.08196569468267581	0.13868253968253968	-0.2866654694080353	-0.056716844999863875	0
domain	ASCC1	0.6283610463142395	0.3291032314300537	0.09575221238938052	0.06580645161290322	0.2992578148841858	0.0299457607764773	1
domain	PXN	0.684467613697052	0.941504716873169	0.18772313527180784	-0.028238095238095257	-0.25703710317611694	0.2159612305099031	0
domain	ADGRD1	0.15579669177532196	0.2675800025463104	0.051545808966861596	-0.004899999999999993	-0.11178331077098846	0.05644580896686159	0
domain	TYK2	0.18108126521110535	0.6390857100486755	0.10812091898428053	0.14514285714285716	-0.4580044448375702	-0.03702193815857663	1
