cls	gene	meta_long	meta_short	topidp_long	topidp_short
slim	STK39	0.9246238470077515		0.14428571428571432	
slim	NDUFS2	0.18190476298332214		0.05352380952380953	
slim	CZIB	0.11870667338371277		0.015333333333333319	
slim	ALOX15B	0.020555172115564346		0.016862068965517236	
slim	NOP2	0.9606750011444092		0.020250000000000018	
slim	G3BP2	0.9511758089065552		0.21866666666666665	
slim	GBF1	0.7863749861717224		0.146125	
slim	SOS1	0.987446665763855		0.1112	
slim	DCAF4	0.052742861211299896	0.0803999975323677	-0.09485714285714286	0.06
slim	CPSF6	0.673875629901886		0.06675675675675674	
slim	UBAP2L	0.8778833150863647	0.9691374897956848	0.09872222222222223	0.14150000000000001
slim	ACER3	0.13037142157554626		-0.07342857142857143	
slim	GPR107	0.5142842531204224		0.11194736842105267	
slim	PCMTD2	0.10908149182796478		0.07748148148148147	
slim	SPCS2	0.48037418723106384		0.1373548387096775	
slim	TSC1	0.6552500128746033		0.48033333333333333	
slim	SOGA3	0.4253999888896942		0.17933333333333334	
slim	LETR1	0.7585999965667725		-0.07624999999999998	
slim	GGA3	0.04915454611182213		0.08303030303030302	
slim	DNPEP	0.7045570611953735		0.1475714285714286	
slim	PRKCSH	0.9549600481987		0.6064	
slim	HARS1	0.09459750354290009		0.089525	
slim	DOCK6	0.4273342490196228		0.1616	
slim	KMT2A	0.27815788984298706		0.09968421052631579	
slim	LRSAM1	0.12288788706064224		0.11639393939393937	
slim	DPP10	0.9575778245925903	0.9693818688392639	0.21005555555555555	0.33736363636363637
slim	ESRRG	0.8833739161491394		0.13260869565217387	
slim	NAP1L1	0.9607444405555725	0.8055499792098999	0.4116666666666667	-0.289
slim	CORO6	0.04229249805212021		0.04987500000000002	
slim	SNCA	0.7150571942329407		0.20464285714285715	
slim	MPP2	0.7493999600410461		0.16827272727272727	
slim	MYL6	0.11686000972986221	0.133760005235672	-0.09580000000000001	-0.020200000000000006
slim	DCP1A	0.9382157325744629		0.2215	
slim	C1orf21	0.31981000304222107	0.6767250299453735	0.0885	0.19887499999999997
slim	PRORP	0.0967937558889389		0.1580625	
slim	FPGS	0.05454999953508377		-0.0013846153846153858	
slim	CRYZL1	0.04578666388988495		0.13206666666666667	
slim	SGTA	0.17296428978443146	0.6800571084022522	0.09924999999999999	0.1345714285714286
slim	NAP1L4	0.06075833737850189		-0.003416666666666656	
slim	NDUFB6	0.12045333534479141		0.2394	
slim	RPS24	0.7414076924324036		0.0606153846153846	
slim	NFIX	0.4928250014781952	0.4420333206653595	-0.15500000000000003	-0.028666666666666674
slim	EXOSC1	0.0854719951748848		0.14312	
slim	CPSF7	0.5686110854148865		0.24366666666666667	
slim	ATE1	0.5496388673782349		0.07450000000000002	
slim	CSNK1G3	0.9522500038146973		0.14678125	
slim	PDP1	0.9585250020027161		0.13791666666666663	
slim	BBS5	0.06992856413125992		0.08371428571428573	
slim	SKIC2	0.22724346816539764		0.18769565217391304	
slim	ZNF778	0.3839607238769531		0.09646428571428571	
slim	ASH1L	0.9204199910163879		0.23280000000000003	
slim	MARK3	0.9121674299240112		0.11627499999999999	
slim	PFN1	0.09101539105176926	0.46889999508857727	0.023025641025641023	-0.40933333333333327
slim	SEMA4F	0.05446060746908188		-0.001424242424242422	
slim	C8orf88	0.13052856922149658	0.6563230752944946	0.05950000000000001	-0.17561538461538462
slim	TUBB2A	0.5558440089225769	0.06868749856948853	0.27519999999999994	0.0575625
slim	CAMK2D	0.7122730612754822	0.012839999981224537	0.11980769230769231	-0.0914
slim	STXBP1	0.26592856645584106		0.10071428571428571	
slim	HMGA1	0.9725818037986755		0.16999999999999998	
slim	PIP5K1C	0.5334692001342773		0.006692307692307695	
slim	PPARGC1B	0.5458521842956543	0.6295470595359802	0.1317391304347826	0.14135294117647063
slim	UBE2D3	0.3100689649581909		0.19358620689655176	
slim	PROKR2	0.9608726501464844		-0.08527272727272729	
slim	PTPA	0.09279999881982803		0.04550000000000001	
slim	HGS	0.4410499632358551		0.2041666666666667	
slim	CAMK2A	0.9791908264160156		0.19909090909090912	
slim	POGZ	0.945185661315918		-0.06042857142857143	
slim	APP	0.5588200092315674	0.31040000915527344	0.19640000000000002	-0.486
slim	SCRN1	0.5737699866294861		0.0724	
slim	CDK2AP1	0.9071419835090637	0.8625538945198059	0.12851612903225806	0.15576923076923077
slim	SLC1A2	0.9748250246047974		0.299	
slim	CSTPP1	0.30158334970474243		-0.1465	
slim	RAD51C	0.6954281330108643	0.04569999873638153	0.233125	-0.486
slim	HMBS	0.7836940884590149		0.23423529411764704	
slim	EIF3H	0.9677857160568237		0.23578571428571427	
slim	GLYR1	0.08041667193174362		-0.16316666666666665	
slim	CPEB2	0.9373143315315247	0.7986000180244446	0.07717857142857143	-0.397
slim	GALK2	0.4447750151157379		0.2307083333333333	
slim	G3BP2	0.9511758089065552		0.21866666666666665	
slim	CELF2	0.3881444036960602	0.8441362977027893	0.030555555555555572	0.24081818181818182
slim	SNAP91	0.9949199557304382		-0.15719999999999995	
slim	EP300	0.989988386631012		0.22126923076923077	
slim	FANCL	0.04988420754671097		-0.00010526315789475447	
slim	TMEM87B	0.0170294139534235	0.026947058737277985	-0.1506470588235294	0.009705882352941186
slim	FIP1L1	0.7905750274658203	0.7788384556770325	0.1178125	0.20061538461538458
slim	KLHL4	0.23451174795627594	0.1711866557598114	0.04005882352941176	0.09426666666666668
slim	ZNF106	0.26981669664382935	0.8697571158409119	0.1109	0.4187142857142857
slim	ITPR1	0.5431888699531555	0.9334999918937683	0.22311111111111112	0.318
slim	YKT6	0.2944999635219574	0.17946666479110718	0.18745454545454548	0.038666666666666655
slim	NME4	0.03288529813289642		0.11588235294117645	
slim	DOCK7	0.9795322418212891		0.21851612903225806	
slim	MRS2	0.7363999485969543	0.3483999967575073	0.08755555555555555	-0.121
slim	CYRIB	0.15027499198913574	0.1412999927997589	0.20425	0.01575
slim	ILDR2	0.1451631635427475		0.04889473684210526	
slim	PCSK6	0.6917922496795654		0.15992307692307695	
slim	HSPA1B	0.19387726485729218		0.13104545454545452	
slim	MRPL11	0.18377648293972015		0.16588235294117648	
slim	LYPD6B	0.6466125249862671		-0.00804166666666666	
slim	ICOSLG	0.2910846471786499	0.9385666847229004	-0.20392307692307693	0.1675
slim	SLC8A1	0.08475713431835175		0.03425714285714284	
slim	DDX25	0.3011166751384735		0.07844444444444444	
slim	NBN	0.06531764566898346		-0.08135294117647057	
slim	INKA2	0.3339312672615051	0.8974000215530396	0.05799999999999998	-0.121
slim	SNX9	0.6351633667945862		0.2512666666666667	
slim	AIMP1	0.21983332931995392		-0.15400000000000003	
slim	CTSH	0.5530762672424316		-0.014763157894736853	
slim	ATP5PF	0.47048187255859375	0.4190899729728699	0.08245454545454546	0.298
slim	PEX5L	0.8951999545097351		0.23057142857142857	
slim	NCL	0.9704124927520752		0.252625	
slim	BRCC3	0.646344006061554		0.21875999999999998	
slim	TRAF3IP2	0.9163111448287964		0.318	
slim	MLF1	0.5174160003662109		0.03840000000000002	
slim	LSM14B	0.946538507938385		0.3589487179487179	
slim	DMXL2	0.5455904603004456		0.17709523809523808	
slim	TAFA5	0.5106422901153564	0.23511581122875214	0.12303846153846155	0.0042631578947368385
slim	RDX	0.14530476927757263		0.025666666666666664	
slim	SEPTIN7	0.8853904008865356	0.5710999965667725	0.16590476190476194	0.586
slim	IMPDH1	0.023180769756436348		-0.009730769230769222	
slim	DNM1L	0.405353844165802		0.18707692307692309	
slim	TENT5A	0.8214052319526672		-0.047157894736842114	
slim	TSPAN3	0.053099993616342545		-0.15968000000000002	
slim	MDM1	0.4175199866294861		-0.07470000000000002	
slim	CELF1	0.7430643439292908		0.10432142857142856	
slim	MTCH1	0.5019117593765259		0.23329411764705885	
slim	ZIM2	0.9425063729286194		0.21119354838709678	
slim	PLEKHB2	0.8863875269889832		0.036375000000000005	
slim	MBNL2	0.843844473361969		0.17294444444444446	
slim	SRRT	0.8533599972724915	0.8597000241279602	0.26559999999999995	0.341
slim	SPTAN1	0.23526501655578613		0.16535	
slim	FLNC	0.6893635988235474		0.3757575757575758	
slim	MRPL43	0.20438750088214874	0.8083333969116211	-0.1475	0.17166666666666666
slim	BAZ1A	0.3143156170845032		0.14765625000000002	
slim	OPTN	0.8267499804496765		0.05516666666666667	
slim	HNRNPA2B1	0.5044749975204468		0.3118333333333333	
slim	HLA-C	0.9241166710853577		0.082	
slim	NFATC3	0.9867888689041138	0.4293999671936035	0.20394444444444446	0.047500000000000014
slim	ENSG00000288921	0.24966925382614136		0.10726923076923077	
slim	MYL6B	0.09483636170625687		0.053303030303030303	
slim	MARK2	0.9496239423751831		0.13048	
slim	GULP1	0.5646199584007263	0.5874857306480408	0.02230000000000001	-0.0812857142857143
slim	MEF2C	0.9865687489509583		0.24431250000000004	
slim	MOBP	0.6596875190734863	0.8860999941825867	0.253625	-0.884
slim	ZBTB16	0.17696204781532288		0.14196551724137935	
slim	CCDC92	0.6927529573440552		0.17264705882352943	
slim	SCMH1	0.9120362997055054		0.13549999999999998	
slim	IFT20	0.7791999578475952		0.16207692307692306	
slim	ATAT1	0.9756600260734558		0.3167	
slim	DENND4A	0.059344444423913956	0.913100004196167	0.06955555555555556	0.06
slim	SSR3	0.11006316542625427	0.2718999981880188	0.011684210526315792	0.2026666666666667
slim	ITCH	0.28770938515663147		0.19162499999999996	
slim	SRPK2	0.9296841621398926	0.9956374764442444	0.2953684210526316	0.27075
slim	ANAPC5	0.020823078230023384		-0.017923076923076917	
slim	DDX1	0.3759833574295044		0.017166666666666663	
slim	RNPS1	0.9282478094100952		0.22491304347826088	
slim	KICS2	0.0889434739947319		-0.06717391304347826	
slim	CCDC149	0.8048364520072937		-0.05218181818181817	
slim	CAV1	0.5322709083557129		0.136	
slim	FBXO2	0.9813035130500793		0.4471379310344828	
slim	ING5	0.28925713896751404		0.2202142857142857	
slim	BANP	0.9325839877128601		0.13812	
slim	KIAA0513	0.6209700107574463		0.42939999999999995	
slim	RPS15	0.30308887362480164		0.08855555555555554	
slim	MRE11	0.9724892377853394		0.10971428571428574	
slim	HNRNPA3	0.9466090798377991		0.4309545454545454	
slim	ADSL	0.015573333948850632		-0.04826666666666667	
slim	TBK1	0.25073498487472534		0.106975	
slim	KCNQ5	0.8138570785522461		-0.1958571428571429	
slim	TUBA8	0.40920573472976685	0.11972499638795853	0.22688571428571427	-0.033916666666666644
slim	PPP1R1B	0.8485249280929565		0.27341666666666664	
slim	PSMB3	0.08211538195610046	0.041999999433755875	0.155	-0.326
slim	PALB2	0.23689283430576324	0.6425666213035583	-0.23950000000000002	0.5260833333333333
slim	ZNF385D	0.9211167693138123	0.9072999954223633	-0.17333333333333334	0.011666666666666672
slim	ELAVL4	0.5794714093208313		0.37135714285714283	
slim	PUS7L	0.576658308506012		0.2555	
slim	C4orf48	0.9118333458900452		0.21145454545454545	
slim	ACVR1B	0.15271668136119843	0.3313428461551666	0.04991666666666665	0.4035714285714286
slim	CTNNB1	0.35589995980262756	0.35600000619888306	0.253	0.192
slim	ENSG00000291068	0.85051429271698		-0.08185714285714285	
slim	GNL3	0.7753166556358337		0.32958333333333334	
slim	ZNF615	0.9647363424301147		0.10981818181818183	
slim	PMM2	0.16048666834831238	0.027783336117863655	0.10736666666666667	0.02283333333333333
slim	PPP6R3	0.8572332859039307		-0.0018333333333333441	
slim	MAN1B1	0.2698153853416443		0.11046153846153846	
slim	NDUFV1	0.7868000864982605		0.037777777777777785	
slim	CEP97	0.12153235822916031		0.055882352941176466	
slim	AFDN	0.24438664317131042		-0.04906666666666668	
slim	NMRAL1	0.6359278559684753		0.18536111111111114	
slim	RPSA	0.9536857604980469	0.9906286001205444	0.07939285714285715	0.01642857142857143
slim	SLC25A44	0.013562500476837158		-0.08	
slim	CD200	0.2963320016860962		0.005159999999999998	
slim	SMAP2	0.208841934800148	0.6917999982833862	0.1218709677419355	-0.486
slim	FBXW2	0.15530624985694885		0.02259375000000001	
slim	IRF2	0.676628589630127		0.1984285714285714	
slim	MAPK10	0.5182921290397644		-0.003342105263157876	
slim	GOLGA3	0.9322875142097473		0.14775	
slim	IPO5	0.4499666392803192		0.20627777777777778	
slim	NR3C2	0.0677500069141388		0.015750000000000014	
slim	HIPK3	0.9750285148620605		0.03952380952380953	
slim	RHOBTB2	0.6947667002677917		0.13444444444444445	
slim	GSTO1	0.06892120838165283		0.1754848484848485	
slim	ALG8	0.12661035358905792	0.32805001735687256	-0.06513793103448275	-0.09466666666666668
slim	MUTYH	0.8691840171813965		0.06564	
slim	AREL1	0.1272970587015152		0.034205882352941176	
slim	WDR17	0.09298000484704971	0.00860000029206276	-0.0663	-0.884
slim	PTGES3	0.5510500073432922		0.33425	
slim	GRIA2	0.13913124799728394	0.3125857412815094	0.0858125	0.03885714285714286
slim	CHMP2B	0.5857782959938049	0.36407139897346497	0.13260869565217395	0.15128571428571427
slim	FIP1L1	0.5959208607673645	0.7745615839958191	0.119875	0.20061538461538458
slim	PLEKHG5	0.9878348708152771		0.2229130434782609	
slim	ZNF511	0.3117758631706238	0.9489842653274536	-0.021724137931034494	0.205
slim	AKAP8L	0.8738117814064026		0.12317647058823529	
slim	GRIPAP1	0.2600307762622833		0.31453846153846154	
slim	NDUFV1	0.7605857253074646		0.01714285714285716	
slim	NAP1L3	0.9801533818244934		0.5097666666666666	
slim	ZDHHC23	0.40792688727378845		0.02565384615384618	
slim	CDCA7L	0.21942999958992004	0.04600000008940697	0.21430000000000002	0.18
slim	CALM3	0.25551390647888184		0.09991666666666665	
slim	HARS2	0.021090909838676453		0.06824242424242424	
slim	AOAH	0.13090001046657562		0.06965625	
slim	GTF3C5	0.18465712666511536		0.017857142857142856	
slim	MNDA	0.48295387625694275	0.11055000126361847	0.24184615384615388	0.1125
slim	HIPK3	0.9750285148620605		0.03952380952380953	
slim	CAMK2A	0.5600408911705017		0.16313636363636366	
slim	SMARCA1	0.11311667412519455		0.06225000000000001	
slim	PRMT7	0.24485832452774048	0.19869999587535858	0.07225	0.494
slim	ENSG00000287273	0.8903821706771851	0.8639400601387024	0.3486071428571429	0.1802
slim	PUF60	0.9135655164718628		0.23048275862068962	
slim	PSMC5	0.2095249891281128	0.2321999967098236	0.17225000000000001	-0.0786
slim	TNIK	0.7844749689102173		0.188125	
slim	SIPA1L1	0.9980809092521667		0.0653809523809524	
slim	ARFGAP2	0.8262964487075806		0.1452142857142857	
slim	KIF21A	0.8080307841300964		0.3141538461538461	
slim	TMEM237	0.9508833289146423	0.9646250009536743	0.19174999999999998	0.36475
slim	HCFC1R1	0.8316158056259155		0.2938947368421052	
slim	SUMF2	0.8979789614677429	0.08033332973718643	0.0878421052631579	-0.06899999999999999
slim	CADM1	0.9383448362350464		0.21934482758620688	
slim	SAMHD1	0.05918571725487709		0.06420000000000001	
slim	PFKFB3	0.9855692386627197	0.9437714219093323	0.2570769230769231	0.058
slim	ZNF827	0.8240199089050293	0.746999979019165	-0.010399999999999987	0.586
slim	AP1G1	0.029733331874012947		0.443	
slim	SUZ12	0.2702391445636749		0.22482608695652176	
slim	GAPVD1	0.9959475994110107		0.16547619047619047	
slim	ZRANB2	0.9637333750724792	0.930525004863739	0.3185	0.22725
slim	SNX10	0.9539778232574463		0.2237777777777778	
slim	ZNF426	0.8186500072479248		0.1266578947368421	
slim	CTSA	0.9506333470344543	0.01819411851465702	0.34661111111111104	0.05894117647058823
slim	FIG4	0.6553758382797241		0.17882758620689662	
slim	TRMT112	0.3110571503639221	0.4007222354412079	0.13385714285714287	0.04122222222222222
slim	EEF1A1	0.07903333753347397		0.11833333333333333	
slim	EPS15	0.7167055010795593		0.1849189189189189	
slim	SKP1	0.31139999628067017	0.5194750428199768	0.2371111111111111	0.014249999999999999
slim	RRAGB	0.1727321594953537		0.016035714285714275	
slim	BAIAP3	0.930400013923645		0.33170588235294113	
slim	DECR1	0.18110588192939758	0.051600001752376556	0.20494117647058827	-0.20600000000000002
slim	ZNF286A	0.9754400253295898		0.33690000000000003	
slim	MS4A7	0.2629913091659546	0.7484846711158752	0.01147826086956522	0.11523076923076925
slim	ARFIP2	0.5238151550292969		0.11666666666666667	
slim	CSDE1	0.27337634563446045		0.22010526315789472	
slim	CSNK1G3	0.9237635731697083		0.16463636363636364	
slim	STX2	0.18219231069087982	0.08301666378974915	-0.035307692307692325	-0.2555
slim	PTPN13	0.20537999272346497		-0.0732	
slim	ZFAT	0.8210582733154297		0.031416666666666655	
slim	TMEM94	0.9257615208625793	0.8826667666435242	0.11684615384615382	0.36033333333333334
slim	SIRT5	0.11920870095491409	0.19647999107837677	-0.07969565217391306	0.18040000000000003
slim	SNX10	0.5665233731269836	0.451975017786026	0.05453333333333333	0.336
slim	PHTF2	0.7750184535980225		0.06205263157894738	
slim	UBE2B	0.04332222044467926		-0.07377777777777778	
slim	FAM153CP	0.8060724139213562		0.1072413793103448	
slim	FIP1L1	0.5949960350990295	0.7867555022239685	0.10931999999999999	0.3422222222222222
slim	PRRC1	0.02582400105893612	0.18152499198913574	-0.024840000000000022	0.196625
slim	AVL9	0.2152888923883438		0.09044444444444445	
slim	ENSG00000290796	0.8849266767501831	0.19714999198913574	0.16856666666666661	0.39749999999999996
slim	PDHA1	0.017348388209939003		0.0576774193548387	
slim	FASTK	0.21311113238334656		0.09581481481481482	
slim	PSMD12	0.08988000452518463		0.16495	
slim	PTBP1	0.9613999724388123	0.9442999958992004	0.19366666666666665	0.192
slim	FXYD1	0.8647944927215576		0.14200000000000004	
slim	FAM76A	0.555818498134613	0.33482497930526733	0.26614814814814813	-0.13912499999999997
slim	NQO1	0.006171052809804678		-0.0606578947368421	
slim	LETR1	0.8482106924057007		0.16467857142857145	
slim	COL4A5	0.8698000311851501		0.1665	
slim	MAP1S	0.36309686303138733	0.726099967956543	0.10071874999999998	-0.07400000000000002
slim	C7orf50	0.943206250667572	0.9354124665260315	0.4012812499999999	0.2504375
slim	AMDHD2	0.040299996733665466		0.061869565217391294	
slim	DCP2	0.31975996494293213		0.12186666666666665	
slim	TMEM94	0.588824987411499		0.183	
slim	FANCM	0.045438461005687714		0.05088461538461538	
slim	ACKR1	0.9451499581336975	0.9319000244140625	0.0715	0.1275
slim	TNKS	0.6047160029411316	0.2778642773628235	0.15364	0.07678571428571426
slim	JTB	0.7689468860626221	0.8834666609764099	0.17346875	-0.4756666666666667
slim	FSD1L	0.23318788409233093		0.052333333333333336	
slim	XPNPEP1	0.055645834654569626		0.13420833333333335	
slim	KDM5D	0.1554258018732071		0.0646774193548387	
slim	TRMT11	0.0544000044465065		0.21799999999999997	
slim	JTB	0.7689468860626221	0.8834666609764099	0.17346875	-0.4756666666666667
slim	RBCK1	0.4372176229953766		0.012294117647058822	
slim	BAIAP2	0.9940454363822937	0.9892500042915344	0.23218181818181816	0.26549999999999996
slim	AGO2	0.09681764245033264		0.08964705882352943	
slim	LARP7	0.8045692443847656		-0.045230769230769234	
slim	PPP4R3A	0.19253844022750854		0.25115384615384617	
slim	GLRA3	0.2504466772079468		-0.02493333333333333	
slim	RAPGEF6	0.818274974822998		0.103625	
slim	EEF1A1	0.4453567862510681	0.12849999964237213	0.1271891891891892	-0.020624999999999998
slim	RAP1GAP	0.9538307785987854	0.9856874942779541	0.11653846153846154	0.5365
slim	GIGYF2	0.9288666844367981		0.321	
slim	C1orf159	0.8989736437797546	0.8906000256538391	0.18786842105263157	0.1666
slim	ENSG00000291147	0.9142923355102539		0.08992307692307691	
slim	MBNL1	0.9389834403991699		0.05858333333333334	
slim	CANX	0.9406886696815491	0.9736999869346619	0.1734857142857143	0.736
slim	PI4KB	0.9032200574874878		0.17386666666666672	
slim	JKAMP	0.43248334527015686		0.15833333333333333	
slim	SRI	0.7265636324882507	0.593250036239624	0.07513636363636363	0.04475
slim	NFKBIA	0.594092845916748	0.8893499970436096	0.02142857142857142	0.11000000000000001
slim	MYO1B	0.10361379384994507		0.056344827586206896	
slim	ELAVL2	0.9311933517456055		0.024533333333333334	
slim	PARP3	0.8330714106559753		-0.23871428571428568	
slim	YY1AP1	0.026359999552369118		0.015550000000000003	
slim	SNX21	0.7836888432502747		0.17677777777777778	
slim	ERGIC3	0.027499999850988388		0.09840000000000002	
slim	POLR1B	0.6310605406761169		0.15794736842105261	
slim	TMEM254	0.3334789276123047	0.21171998977661133	0.20878947368421052	-0.17886666666666665
slim	NDRG2	0.14477857947349548		0.09728571428571428	
slim	NOL8	0.9480658173561096		0.30489473684210533	
slim	AIMP1	0.21983332931995392		-0.15400000000000003	
slim	YY1AP1	0.8185908794403076		0.07745454545454546	
slim	CUL4B	0.9994500875473022	0.5836999416351318	0.22530000000000006	0.015454545454545464
slim	FAS	0.8415363430976868	0.9534428715705872	0.2004090909090909	-0.3032857142857143
slim	CHPT1	0.7344000339508057	0.41210001707077026	0.0829	-0.0915
slim	NCS1	0.44101500511169434	0.30260002613067627	0.2266	-0.213
slim	ZNF44	0.30854228138923645		0.09684615384615386	
slim	TGDS	0.22219687700271606		0.05103125	
slim	RSRC1	0.3181110918521881	0.8889285326004028	0.11466666666666667	-0.04485714285714285
slim	PSMC5	0.4495929181575775	0.3018600046634674	0.18235714285714286	0.10600000000000001
slim	RSPO3	0.9860818386077881	0.9974499940872192	0.15531818181818183	0.091
slim	TMEM132B	0.8711187839508057	0.8302908539772034	0.285625	-0.010181818181818183
slim	GLB1	0.7329533100128174		-0.013333333333333343	
slim	TRIM2	0.23288749158382416		0.14175000000000001	
slim	CSDE1	0.3261387050151825		0.24651612903225809	
slim	CAMSAP2	0.2965908944606781		0.08327272727272726	
slim	CDK11A	0.9194272756576538	0.8529999852180481	0.2653636363636363	-0.884
slim	C19orf47	0.14478667080402374		0.055933333333333356	
slim	NAMPT	0.028466666117310524		0.21033333333333334	
slim	VTI1A	0.09041481465101242	0.7957923412322998	-0.21440740740740744	0.22453846153846152
slim	HSP90B1	0.9786500334739685	0.9297000169754028	0.347375	-0.397
slim	MIF	0.12354999780654907	0.7458642721176147	-0.1936875	0.22078571428571434
slim	PTGES3	0.8275466561317444		-0.006766666666666661	
slim	P4HB	0.07942727953195572		0.12531818181818186	
slim	TCF7L2	0.8104706406593323		0.1978235294117647	
slim	ACO2	0.027540002018213272		-0.11059999999999999	
slim	NELFE	0.8461856842041016		0.19142857142857142	
slim	P4HB	0.17939412593841553		0.09314705882352942	
slim	ATAT1	0.883603036403656		0.27584848484848484	
slim	DHCR7	0.05940312519669533		-0.20865625	
slim	FAM104B	0.3937299847602844	0.39384737610816956	0.0915	0.2246315789473684
slim	CHCHD5	0.7033067345619202	0.321399986743927	0.2959333333333333	-0.397
slim	B2M	0.35001668334007263	0.5543076992034912	0.15905555555555556	-0.10500000000000001
slim	TMEM161A	0.014460000209510326		-0.20571999999999996	
slim	CAMK1G	0.9642115235328674	0.29264000058174133	0.1241923076923077	-0.03160000000000002
slim	SYT1	0.9645333290100098		0.10666666666666665	
slim	RPL17	0.7026199698448181		0.22319999999999998	
slim	HNRNPK	0.26192501187324524	0.19166667759418488	0.21675	0.0766666666666667
slim	CCDC127	0.9334461688995361		0.23758974358974355	
slim	CELF4	0.7151333689689636	0.633899986743927	0.06133333333333333	0.303
slim	LAMTOR3	0.08567143231630325		0.1702857142857143	
slim	HNRNPU	0.9868420958518982		0.3271578947368421	
slim	PDZD4	0.3013710081577301	0.5009999871253967	0.1258684210526316	0.19175
slim	NUP214	0.9748230576515198	0.9807999730110168	0.1642307692307692	0.007
slim	MIA2	0.20841999351978302		0.10859999999999999	
slim	ZNF416	0.7952600121498108		0.11844999999999999	
slim	ARNT	0.801360011100769		0.2752666666666667	
slim	CERT1	0.6746424436569214		0.1290769230769231	
slim	SLC25A14	0.8342400789260864		-0.005057142857142839	
slim	NAPB	0.10573333501815796		0.12048717948717948	
slim	PTPN2	0.1639566719532013	0.8163000345230103	-0.22923333333333334	0.186
slim	RBPJ	0.7620599865913391	0.7532666325569153	0.17279999999999998	0.122
slim	NTRK2	0.9280500411987305		-0.010937499999999975	
slim	RIC8B	0.7970545291900635	0.5824110507965088	0.22542424242424242	0.20844444444444443
slim	CALM3	0.25551390647888184		0.09991666666666665	
slim	CCDC47	0.4567166864871979	0.25542378425598145	0.266125	0.06123809523809524
slim	ALDH5A1	0.006015385035425425		-0.045076923076923084	
slim	ACSL1	0.06590999662876129		0.1024	
slim	GABPB1	0.9637917876243591		0.21091666666666667	
slim	LSM7	0.7549999356269836	0.7551000118255615	0.18251428571428574	-0.397
slim	GOLGA4	0.9161807298660278	0.44509997963905334	0.24484615384615388	-0.1113333333333333
slim	ARHGEF2	0.8083764910697937	0.38673123717308044	0.19058823529411767	0.20749999999999996
slim	FNBP1	0.7795529365539551	0.17373335361480713	0.0856470588235294	-0.020833333333333332
slim	TRIM39	0.14359331130981445		0.10853333333333334	
slim	FAM221A	0.9013805389404297		0.18825000000000006	
slim	SSX2IP	0.9484888911247253		0.13125925925925927	
slim	PMPCB	0.09163999557495117	0.07559999078512192	0.009066666666666667	0.057
slim	ARNT2	0.9474999904632568		0.31136363636363634	
slim	STX16	0.3264666199684143		0.18652380952380956	
slim	MEF2C	0.6384217739105225	0.6065667271614075	0.09347826086956522	0.23223809523809522
slim	NIF3L1	0.5656629204750061		0.05570370370370371	
slim	ASL	0.057730771601200104		0.10826923076923076	
slim	MIGA1	0.9231515526771545		0.14506060606060606	
slim	RAB2A	0.03319999948143959		0.043625000000000004	
slim	DLG1	0.9617031812667847	0.9669333696365356	0.15296774193548388	0.13666666666666666
slim	PCCB	0.04265999794006348		-0.020099999999999993	
slim	KIAA0930	0.6036791801452637	0.4983333349227905	0.10645833333333332	0.13166666666666665
slim	AP2A1	0.9123316407203674		0.3563636363636363	
slim	HARS1	0.030530551448464394		0.009361111111111105	
slim	AKR1C2	0.058800000697374344		0.14446153846153847	
slim	SUV39H2-DT	0.9684889316558838		0.42399999999999993	
slim	SLC35F5	0.9483000040054321	0.9623399972915649	0.3704545454545455	0.031200000000000006
slim	VPS72	0.1995818167924881		-0.11545454545454546	
slim	NAV3	0.7574546337127686		0.23972727272727276	
slim	BAZ2A	0.99822998046875	0.9679999947547913	0.1893333333333333	0.16949999999999998
slim	STUM	0.17510001361370087		-0.000666666666666658	
slim	NAXE	0.14498095214366913		0.056523809523809504	
slim	CRAT	0.021304167807102203		-0.025708333333333337	
slim	CLYBL	0.02569705992937088		0.0333235294117647	
slim	AIFM3	0.1259889006614685		-0.0015555555555555446	
slim	SLA	0.9028350114822388		0.12407499999999998	
slim	SOX5	0.9813743829727173		0.22739999999999994	
slim	CTDSPL	0.6809181571006775		0.2178181818181818	
slim	C1GALT1	0.731249988079071		0.0895	
slim	ERMP1	0.028003225103020668		-0.03874193548387097	
slim	RCN2	0.11559445410966873		-0.10866666666666665	
slim	EIF2B4	0.9765740036964417	0.9589999318122864	0.2734814814814815	0.08216666666666667
slim	G3BP2	0.9511758089065552		0.21866666666666665	
slim	FAM153CP	0.8060724139213562		0.1072413793103448	
slim	SEC23B	0.029172221198678017		0.008111111111111118	
slim	TBC1D5	0.9855818152427673		0.11413636363636365	
slim	SPAST	0.7639394402503967		0.14206060606060605	
slim	LRBA	0.126460000872612		-0.23400000000000004	
slim	ELF1	1.0		0.1595	
slim	MKRN2	0.5560587644577026	0.3685833513736725	0.1934705882352941	0.14616666666666667
slim	RAB3GAP1	0.553771436214447		0.297	
slim	HNRNPH1	0.823566734790802	0.961899995803833	0.023523809523809523	-0.326
slim	TMEM126B	0.7882668375968933		0.18383333333333332	
slim	NFE2L2	0.745460033416748	0.649577796459198	0.28300000000000003	-0.03633333333333332
slim	HLA-A	0.6644178032875061		-0.016464285714285723	
slim	PPARGC1B	0.8840435743331909		0.17248717948717948	
slim	CAMKV	0.05026785284280777		-0.00557142857142857	
slim	ELOVL2	0.689222514629364	0.0885000005364418	0.178975	-0.326
slim	UBE3A	0.6757625341415405	0.8909400105476379	0.030374999999999985	0.0758
slim	LY6H	0.9171524047851562		0.3080952380952381	
slim	SEPTIN4	0.9230157732963562		0.18399999999999997	
slim	CYB5B	0.4097818434238434	0.20768001675605774	0.020090909090909093	-0.1078
slim	CNBP	0.713200032711029		0.058142857142857156	
slim	STIL	0.9855666756629944		0.21194444444444446	
slim	MEF2D	0.9390000700950623		0.11857142857142852	
slim	ENSG00000282057	0.2167823612689972		-0.06358823529411765	
slim	PLK2	0.7844570875167847		0.4099285714285715	
slim	PTGES3	0.9078762531280518		0.11542857142857142	
slim	UPF1	0.10965453833341599		-0.12254545454545455	
slim	PAX6	0.051257140934467316		0.10957142857142854	
slim	CAMSAP1	0.24497272074222565		0.10027272727272725	
slim	IL17RD	0.8348371386528015	0.8113856911659241	-0.014942857142857128	0.2584285714285714
slim	HK1	0.09669473022222519	0.3077000081539154	0.04931578947368421	0.19488888888888886
slim	AGTPBP1	0.16564999520778656		0.0948	
slim	NDUFA5	0.2157866507768631		0.1152	
slim	USP10	0.9355428814888	0.8930333256721497	0.12171428571428573	0.15599999999999997
slim	SLC39A13	0.1201142892241478		0.21614285714285716	
slim	KAT5	0.8563939332962036		0.3211515151515152	
slim	ADGRG1	0.17739999294281006		0.28783333333333333	
slim	PDZD11	0.621399998664856		-0.006874999999999999	
slim	MKLN1	0.430110365152359	0.8171332478523254	0.10893103448275862	-0.15866666666666665
slim	IDH3B	0.20722141861915588	0.07908333092927933	0.17071428571428574	0.27891666666666665
slim	DCTN3	0.016349999234080315		0.07285714285714286	
slim	CARMIL1	0.999833345413208		0.4026666666666667	
slim	AMDHD2	0.2322133332490921		0.34356666666666663	
slim	CAST	0.9256181716918945		0.33777272727272734	
slim	DECR1	0.17885001003742218	0.4746636152267456	0.11208333333333331	0.1983636363636364
slim	SLA	0.9180764555931091		0.21794117647058825	
slim	SEC24B	0.979245662689209		0.3020285714285715	
slim	MYO5A	0.26028212904930115		0.06153571428571427	
slim	SCP2	0.020779168233275414		0.05333333333333334	
slim	UBE3A	0.7315450310707092		0.23359999999999997	
slim	ARMC10	0.9506857991218567		0.22265714285714286	
slim	MRPL35	0.9476888179779053		0.03444444444444445	
slim	MEST	0.3529777526855469		0.02755555555555555	
slim	PBXIP1	0.9309102892875671		0.1772413793103448	
slim	PPP1CA	0.5999000668525696	0.3705357015132904	0.31110526315789466	0.14485714285714282
slim	SGCE	0.6877221465110779		0.29644444444444445	
slim	XRCC4	0.9657054543495178		0.24491666666666667	
slim	NAP1L1	0.9607444405555725	0.7163400650024414	0.4116666666666667	0.0030000000000000213
slim	KIF3A	0.9489333629608154		0.226625	
slim	ZNF131	0.4073147177696228		0.054264705882352944	
slim	ANKRD12	0.9272913932800293		0.12834782608695655	
slim	NDUFA6	0.9325807094573975		0.08838461538461538	
slim	TMBIM6	0.19952161610126495		-0.002324324324324324	
slim	DVL1	0.9212538003921509	0.12030000239610672	0.2564615384615384	0.736
slim	ZRSR2	0.827013373374939	0.9705272912979126	-0.03133333333333333	0.3110909090909091
slim	DCAF6	0.998699963092804		0.21170000000000005	
slim	SHROOM1	0.2621600031852722		0.0134	
slim	GTF2I	0.972350001335144		0.35055000000000003	
slim	HM13	0.9725969433784485	0.9613000154495239	0.347030303030303	-0.397
slim	MSRB2	0.2119419276714325	0.17962858080863953	0.19241935483870967	-0.37957142857142856
slim	SLBP	0.9594718813896179		0.3115641025641026	
slim	TNPO3	0.12337058782577515		0.11394117647058823	
slim	DENND2D	0.5523785352706909	0.9535453915596008	-0.021357142857142845	0.13836363636363636
slim	PMS2P3	0.5507110357284546	0.3946249783039093	0.1967777777777778	0.15250000000000002
slim	SERAC1	0.12561000883579254		0.07960000000000002	
slim	HDAC2	0.2752233147621155		0.03613333333333333	
slim	COA4	0.8838764429092407		0.050235294117647065	
slim	HBP1	0.836359977722168		0.12519999999999998	
slim	PEX11B	0.2606687545776367	0.3535500168800354	0.08025	0.376
slim	C12orf75	0.9066945314407349	0.8066249489784241	0.3012222222222223	0.323
slim	ARFRP1	0.21609283983707428		0.1389642857142857	
slim	FNIP1	0.9573249220848083		0.07325000000000002	
slim	IPO5	0.4499666392803192		0.20627777777777778	
slim	UBR5	0.5993285775184631		-0.017142857142857144	
slim	PLXNB3	0.9824838042259216	0.9523624777793884	0.266741935483871	0.12125
slim	YME1L1	0.8502939939498901		0.009939393939393944	
slim	CALM2	0.25551390647888184		0.09991666666666665	
slim	AFTPH	0.5130451321601868		0.08751612903225808	
slim	PLIN3	0.6966833472251892		0.16724999999999998	
slim	LMAN2L	0.07953636348247528		0.22772727272727275	
slim	NDUFS7	0.07943437993526459	0.060100000351667404	0.06846875	0.192
slim	FKBP1A	0.5250625014305115	0.5719333291053772	0.26725	0.5563333333333333
slim	SLC12A2	0.9062687158584595		0.314625	
slim	ARAP1	0.4774909019470215		0.2991818181818182	
slim	CD99	0.8962308168411255	0.6908000111579895	0.2348846153846154	0.192
slim	PTPRZ1	0.7454812526702881	0.3608500063419342	-0.1285	0.2005
slim	HNRNPC	0.9423317313194275	0.8447412252426147	0.23395454545454547	-0.01347058823529412
slim	PROM1	0.9706161022186279		0.10209677419354839	
slim	SERBP1	0.8409799933433533		0.13726666666666668	
slim	CSNK1D	0.9954385161399841	0.9994286298751831	0.11853846153846154	0.2255714285714286
slim	ALKBH8	0.8129000067710876		-0.3446666666666666	
slim	ZNF419	0.7289615273475647	0.5971999764442444	0.187	0.318
slim	ENTPD5	0.08522307872772217	0.06642000377178192	0.005115384615384615	-0.2424
slim	ZCRB1	0.2592090964317322		-0.14400000000000002	
slim	RAPGEF2	0.9911081194877625	0.9073333740234375	0.11888000000000001	0.34333333333333327
slim	CDC42	0.34632858633995056	0.4659857451915741	0.0734285714285714	-0.06085714285714287
slim	TMF1	0.37956666946411133		-0.12933333333333333	
slim	OTUB1	0.970937967300415		0.14094594594594595	
slim	NEDD4L	0.7991786003112793	0.5188999772071838	0.16614285714285715	0.318
slim	FMR1	0.644612193107605		0.19784848484848488	
slim	KLHL13	0.385049968957901		0.1269230769230769	
slim	SCAF4	0.03434000164270401		0.055533333333333317	
slim	CASP1	0.13156205415725708		0.08982758620689656	
slim	PPP1R21	0.8438727855682373		0.12009090909090911	
slim	LARP1B	0.9313166737556458		0.18533333333333332	
slim	DNM1	0.06597143411636353	0.09880714118480682	-0.06285714285714288	0.08285714285714285
slim	MAPK10	0.5182921290397644		-0.003342105263157876	
slim	GABRG2	0.7809302806854248	0.908549964427948	-0.026999999999999986	0.24874999999999997
slim	TAF6	0.05243999883532524		0.0618	
slim	PFKP	0.2834526300430298		0.13447368421052633	
slim	PPFIA2	0.7800294160842896	0.7835777997970581	0.15435294117647058	-0.044111111111111115
slim	KLF10	0.609499990940094		-0.0018181818181818047	
slim	PCGF5	0.11246999353170395		0.08245000000000001	
slim	NAA80	0.8922136425971985		0.24386363636363634	
slim	SMARCB1	0.6637444496154785		0.40244444444444444	
slim	STAMBPL1	0.526371419429779	0.08130000531673431	0.1896	0.10300000000000001
slim	ARL13B	0.5105655193328857		0.040344827586206895	
slim	G3BP2	0.9511758089065552		0.21866666666666665	
slim	CDC42	0.26372963190078735	0.0385500006377697	0.21425925925925926	-0.10850000000000001
slim	NAP1L1	0.9591190814971924	0.2831922769546509	0.39309523809523805	-0.20669230769230768
slim	NAP1L4	0.9560084342956543	0.8871999979019165	0.4994166666666666	-0.121
slim	MFN1	0.8773285746574402		0.010357142857142858	
slim	UBE2J2	0.3641820549964905	0.3139500021934509	0.15371794871794872	-0.28600000000000003
slim	DDX19B	0.07158710062503815		0.14048387096774193	
slim	AMZ2P1	0.08053043484687805	0.13545000553131104	0.09421739130434784	-0.1335
slim	RALGDS	0.08909999579191208		0.06358333333333333	
slim	SLC1A2	0.972777783870697		0.11544444444444443	
slim	ABI1	0.5556000471115112		0.004399999999999971	
slim	CSDE1	0.3261387050151825		0.24651612903225809	
slim	SGK3	0.04179374873638153		-0.03850000000000001	
slim	TRIM36	0.3954611122608185	0.7214500308036804	0.08311111111111111	0.3698333333333333
slim	SMARCE1	0.8517914414405823		0.08645714285714286	
slim	DLGAP4	0.9712346792221069	0.965575098991394	0.12252173913043482	0.1192
slim	DPH1	0.29676875472068787		-0.009687499999999988	
slim	SOS2	0.026133334264159203		-0.011575757575757576	
slim	MTCH2	0.4223666787147522		0.3186666666666667	
slim	GPM6A	0.7431363463401794		0.36372727272727273	
slim	CEP162	0.8115789294242859		0.22407894736842107	
slim	UPF3B	0.6475692391395569		0.014461538461538461	
slim	MATK	0.9409646987915039	0.9511375427246094	0.13923529411764707	-0.01918749999999999
slim	TCOF1	0.9046368598937988		0.2688421052631579	
slim	DIMT1	0.6810070872306824		0.2110357142857143	
slim	MIB2	0.9939714074134827	0.10175000131130219	0.2523571428571429	-0.17474999999999996
slim	UBTF	0.12104864418506622		0.18570270270270273	
slim	DNAJB6	0.9611192941665649	0.9401223063468933	0.14	0.41377777777777774
slim	LINGO1	0.986583411693573		0.15116666666666667	
slim	TSEN2	0.5251200199127197	0.09405999630689621	0.14686666666666665	0.1389
slim	IMPACT	0.7081549763679504	0.9360250234603882	0.06880000000000001	0.3115
slim	NPM1	0.9702207446098328		0.3191724137931034	
slim	TMEM268	0.8925166726112366	0.8093999624252319	0.32680000000000003	0.1888888888888889
slim	CLUAP1	0.9728105664253235		0.25178947368421045	
slim	PRELID2	0.15595000982284546	0.06133332848548889	0.19656249999999997	-0.25299999999999995
slim	CHD9	0.7621374726295471		0.224375	
slim	MFSD14CP	0.22609499096870422		-0.0349	
slim	SIN3B	0.09551562368869781		-0.03340625	
slim	ZMYND11	0.20755808055400848		0.15225806451612905	
slim	ST7L	0.47335338592529297	0.039659999310970306	0.15113333333333331	-0.038099999999999995
slim	DDT	0.059335000813007355	0.16617858409881592	-0.20145	0.0195
slim	KIF21B	0.35653916001319885	0.3801666498184204	0.059521739130434785	0.152
slim	NTRK3	0.11162799596786499		0.15411999999999998	
slim	PTPRK	0.6801631450653076	0.958899974822998	0.021947368421052625	-0.51
slim	RNASET2	0.5420894622802734		0.023473684210526306	
slim	ENSG00000291066	0.06566451489925385	0.1613619029521942	-0.17512903225806448	0.13904761904761906
slim	NECAB3	0.8075940608978271		0.35100000000000003	
slim	PHIP	0.07251539081335068		-0.1253846153846154	
slim	LRRC73	0.9589190483093262	0.9782500267028809	0.06028571428571429	0.37375
slim	USP54	0.3794825077056885		0.15850000000000003	
slim	VPS54	0.7106000781059265		0.12066666666666666	
slim	ECHDC2	0.01430967915803194		0.017064516129032255	
slim	ARHGEF10	0.9929959774017334	0.1979999989271164	0.12816	0.318
slim	NCKAP1	0.13144999742507935		0.06383333333333331	
slim	L1CAM	0.8794099688529968	0.7527999877929688	0.18080000000000002	-0.326
slim	FAS	0.15136189758777618		-0.09276190476190475	
slim	CELF1	0.7302035093307495		0.10279310344827586	
slim	ENTPD1	0.5590499639511108	0.5651999711990356	-0.06078571428571427	0.389
slim	CSPP1	0.8108055591583252		0.17752777777777778	
slim	PLRG1	0.6972110867500305		0.4591111111111111	
slim	MRPL39	0.13009566068649292	0.6801499724388123	0.0072608695652174125	0.36812500000000004
slim	ZMIZ2	0.978024959564209		0.21759374999999997	
slim	CDON	0.862873911857605		0.07669565217391304	
slim	FRMD4A	0.8505999445915222	0.9918666481971741	0.017807692307692302	0.3467333333333334
slim	PARP10	0.5842111110687256		0.18488888888888888	
slim	STAT3	0.10650999844074249		-0.1222	
slim	SSBP1	0.23722855746746063	0.3064599931240082	-0.10509523809523809	0.2681
slim	MRPL10	0.9325600862503052	0.9320899844169617	0.1882	0.05019999999999999
slim	ART3	0.8678999543190002		0.1537272727272727	
slim	CDC27	0.9366000294685364		-0.09783333333333333	
slim	ITSN2	0.1672370284795761		-0.07100000000000001	
slim	KCTD17	0.9169249534606934	0.9744714498519897	0.33745833333333336	0.31342857142857145
slim	DHDDS	0.04747941344976425		0.046558823529411764	
slim	CXXC1	0.7137333154678345		0.17944444444444446	
slim	LAMP2	0.4119684100151062	0.41669997572898865	-0.08173684210526315	-0.1188421052631579
slim	ATP1A1	0.9526805877685547		0.2871290322580646	
slim	ABR	0.5401518940925598	0.9102133512496948	0.033074074074074075	0.06426666666666667
slim	TUBA1A	0.07836857438087463		0.06211428571428571	
slim	SGTA	0.5394811034202576		0.20564864864864862	
slim	CTH	0.018196873366832733		-0.04134375	
slim	TP53BP1	0.9777799844741821		0.362	
slim	PIGP	0.3116269111633301		0.050961538461538475	
slim	HIKESHI	0.12168332934379578	0.04013333097100258	0.03791666666666667	-0.047333333333333345
slim	IRF7	0.876031219959259	0.5692332983016968	0.399875	-0.06866666666666667
slim	TKT	0.010625000111758709		0.06025	
slim	RFFL	0.8927749991416931		0.24855555555555556	
slim	PCYT2	0.2126888781785965		0.31299999999999994	
slim	CMPK2	0.23520998656749725		0.164875	
slim	GJB1	0.945366621017456	0.9095332622528076	0.12641666666666665	0.18233333333333335
slim	TAF15	0.9619666934013367		0.275	
slim	STAT1	0.4385097026824951	0.6474000215530396	0.1742258064516129	-0.056999999999999995
slim	MBNL2	0.9242417216300964		0.05858333333333334	
slim	LSS	0.02617272548377514		0.061727272727272735	
slim	HLA-F	0.8978300094604492	0.6364499926567078	0.08680000000000002	0.376
slim	TM2D1	0.21105313301086426	0.13840000331401825	0.02646875	-0.697
slim	SDCBP	0.13214285671710968	0.05130000039935112	-0.022714285714285725	0.318
slim	SIRT2	0.9240783452987671		0.3030540540540541	
slim	ZDHHC3	0.10405588150024414		0.12150000000000001	
slim	COPB2	0.9860208630561829	1.0	0.042124999999999996	0.2476875
slim	KIAA1586	0.8143258690834045		0.17218518518518522	
slim	TERF1	0.9444299936294556		0.19715	
slim	PCDH7	0.9888030290603638	0.9809499382972717	0.28209090909090906	0.13116666666666665
slim	PSME1	0.26174548268318176	0.18484999239444733	0.11118181818181817	0.11083333333333334
slim	CPT2	0.31556662917137146		0.21916666666666676	
slim	UBP1	0.8855388760566711		0.221	
slim	ABCB8	0.04190799593925476		-0.007120000000000002	
slim	SPTAN1	0.7880916595458984		0.09758333333333334	
slim	RRN3	0.042110003530979156		-0.10640000000000002	
slim	IL17RC	0.20575383305549622		0.011230769230769221	
slim	ECD	0.09580302983522415		0.07712121212121213	
slim	MXRA7	0.5041332840919495	0.7377499938011169	-0.052444444444444446	0.39749999999999996
slim	ARHGEF2	0.366953581571579		0.20053571428571426	
slim	PALS1	0.9855471253395081		0.263735294117647	
slim	DSN1	0.933468759059906		0.17325000000000002	
slim	TNFSF13B	0.25001049041748047		0.13157894736842105	
slim	HSF2	0.8712666630744934		0.023666666666666673	
slim	SLC24A4	0.95565265417099		0.09247368421052633	
slim	COMMD5	0.5271199941635132		0.16528571428571423	
slim	STAG1	0.047335293143987656		0.02811764705882353	
slim	RPAP3	0.5331941246986389		0.18705882352941178	
slim	GOLGA2	0.13458888232707977		0.03596296296296297	
slim	MBD4	0.9708999991416931		0.10383333333333333	
slim	PIK3C2B	0.04266071319580078		0.04550000000000002	
slim	PEPD	0.5661267042160034	0.5339000225067139	0.2537333333333333	0.059
slim	ZNF211	0.8763384819030762	0.8059499859809875	0.16435897435897437	0.303
slim	GRAMD2B	0.8625580668449402	0.29980000853538513	0.2311935483870968	-0.07733333333333337
slim	MAPK9	0.01924615353345871	0.0244461577385664	0.046384615384615385	0.02723076923076922
slim	A1BG-AS1	0.1457766890525818		0.06566666666666666	
slim	TUBA1A	0.07836857438087463		0.06211428571428571	
slim	SMC1A	0.13752256333827972	0.4522111117839813	0.06841935483870967	0.37233333333333335
slim	C6orf89	0.44017142057418823		-0.1122857142857143	
slim	SCHIP1	0.8736045360565186	0.8800666928291321	0.09263636363636363	0.03366666666666666
slim	CPEB3	0.7234000563621521	0.9541199803352356	0.108	0.1398
slim	GOSR2	0.28762221336364746		0.15400000000000003	
slim	CAPZB	0.17281784117221832		0.18817857142857136	
slim	AXL	0.5551444888114929		0.2247777777777778	
slim	HSPA9	0.8430999517440796	0.10215555131435394	0.3923913043478261	-0.22788888888888895
slim	TCF4	0.7141100168228149	0.9642999768257141	-0.14189999999999997	0.06
slim	DDX5	0.9740900993347168	0.9658199548721313	0.15889999999999999	0.19260000000000002
slim	HSPA1A	0.0861000046133995		0.18366666666666667	
slim	STAT2	0.0675249993801117		0.23725000000000002	
slim	ACTR2	0.12257999181747437		0.1578	
slim	EXOSC8	0.15196175873279572	0.2304999977350235	0.18688235294117647	0.22000000000000003
slim	SCN8A	0.790107786655426	0.014049999415874481	0.09092307692307691	0.035500000000000004
slim	SETD4	0.9106917381286621		0.21108333333333332	
slim	KCNK10	0.9060084223747253	0.9688666462898254	0.1940833333333333	0.15516666666666665
slim	INTS4	0.03660000115633011		0.007350000000000012	
slim	ATF7IP	0.7964249849319458		0.04962500000000001	
slim	ZNF211	0.9303739070892334	0.5923954844474792	0.3075652173913043	0.21518181818181817
slim	CRLF1	0.7949125170707703	0.8881917595863342	0.25225	0.25400000000000006
slim	SIVA1	0.11766250431537628	0.16911427676677704	0.0730625	-0.03485714285714287
slim	HNRNPK	0.26192501187324524	0.19166667759418488	0.21675	0.0766666666666667
slim	CEP43	0.9551750421524048		0.28195000000000003	
slim	TPT1	0.12175833433866501		-0.06225000000000001	
slim	RAB8B	0.8355875015258789	0.2624908983707428	0.24154166666666668	0.1398181818181818
slim	ZSWIM8	0.9701999425888062	0.6134399771690369	0.0575	0.229
slim	PACRGL	0.13457778096199036		0.19592592592592595	
slim	NRXN2	0.07269000262022018		-0.010100000000000007	
slim	ADGRL1	0.07868333905935287	0.09529999643564224	0.33066666666666666	-0.486
slim	C19orf47	0.7469269633293152		0.10083783783783785	
slim	RNF150	0.947636067867279	1.0	0.17538888888888893	-0.12466666666666665
slim	STAT1	0.7749131917953491		0.1313421052631579	
slim	ABLIM1	0.911549985408783	0.8915666937828064	0.44675	0.19366666666666665
slim	CAMK2D	0.7079259157180786	0.012839999981224537	0.11759259259259262	-0.0914
slim	NCL	0.9704124927520752		0.252625	
slim	HEY1	0.1454250067472458		0.134	
slim	DCLK2	0.9962587952613831		0.19858823529411768	
slim	TCF4	0.9315000176429749		0.2605	
slim	TMEM143	0.03336856886744499		0.0644	
slim	SRSF1	0.9080286026000977	0.9516000151634216	0.20357142857142854	0.1195
slim	ATXN7L3	0.8781999945640564		-0.20542857142857138	
slim	TENT2	0.056699998676776886		-0.26399999999999996	
slim	EXOSC10	0.5827479362487793		0.16508000000000003	
slim	HSPA12A	0.9512221813201904	1.0	0.09444444444444443	0.2927142857142857
slim	NUP98	0.984005868434906		0.06038235294117647	
slim	PNKD	0.19482499361038208	0.1378999948501587	-0.011999999999999983	0.02
slim	OPRM1	0.4008428454399109	0.9855285882949829	-0.13452380952380952	0.2394285714285714
slim	LYRM9	0.2070615589618683	0.38684290647506714	0.08038461538461537	0.233
slim	GABPB2	0.9611185193061829		0.12957894736842104	
slim	CTSF	0.07280000299215317		0.18133333333333335	
slim	USP43	0.06871999800205231		0.0368	
slim	SSBP2	0.8382466435432434		0.23996666666666666	
slim	TGOLN2	0.703712522983551		0.03381250000000001	
slim	CDC42	0.26372963190078735	0.0385500006377697	0.21425925925925926	-0.10850000000000001
slim	MIEF2	0.905299961566925		0.10918181818181819	
slim	ANXA2R-AS1	0.8563071489334106		0.326	
slim	NLGN3	0.4908750057220459		0.265	
slim	CELF4	0.8215500116348267	0.7947999835014343	0.41575	0.1815
slim	ZDHHC6	0.09995000064373016		0.22725	
slim	MED12L	0.9566000699996948		0.08265714285714285	
slim	LRPPRC	0.05548666790127754		0.1016666666666667	
slim	PDE2A	0.8415176868438721	0.7763076424598694	0.2432058823529412	0.20169230769230767
slim	C1orf159	0.9114031195640564		0.22859374999999998	
slim	PRKAR2A	0.09605000168085098		0.06836363636363635	
slim	SCN1A	0.9825090765953064		0.10745454545454543	
slim	SRRM1	0.9804499745368958		0.1487857142857143	
slim	GRIPAP1	0.49699997901916504		0.0685	
slim	CNOT1	0.7536832690238953	0.7005000114440918	0.4073333333333334	0.059
slim	TLCD5	0.21109090745449066		-0.15495454545454543	
slim	UPF3A	0.21766667068004608		0.19296969696969699	
slim	PDHA1	0.6789214015007019		0.18985714285714286	
slim	HMGCR	0.7460900545120239		0.11575000000000002	
slim	BTD	0.9324899911880493		0.03075	
slim	PHACTR4	0.9506187438964844		0.36606249999999996	
slim	ELMOD1	0.07989999651908875		0.18962500000000002	
slim	ATP5PF	0.65767502784729		0.038125000000000006	
slim	PLD2	0.06896363198757172		-0.050090909090909075	
slim	C11orf54	0.14245788753032684		0.09794736842105263	
slim	EIF4B	0.9711999893188477	0.9649999737739563	0.3283333333333333	0.007
slim	ST7	0.03295000270009041	0.03689999878406525	0.025999999999999992	0.341
slim	KDM4B	0.8631382584571838		0.31502941176470584	
slim	NOTCH2NLA	0.4206922948360443		0.16784615384615384	
slim	ZFAND1	0.23500001430511475		-0.057142857142857155	
slim	BAIAP2	0.9730476140975952	0.9570714235305786	0.15885714285714286	0.03271428571428571
slim	TRIM2	0.21899999678134918		0.12852777777777782	
slim	CUL2	0.23433846235275269		0.08846153846153847	
slim	KCNAB1	0.043531034141778946	0.05324999988079071	0.11337931034482757	0.0595
slim	CAPRIN1	0.954357922077179	0.9993000030517578	0.2683157894736842	-0.645
slim	PHIP	0.17579498887062073		0.13135000000000002	
slim	ST18	0.7909943461418152		0.15559999999999996	
slim	PAX6	0.051257140934467316		0.10957142857142854	
slim	UQCRB	0.106904998421669	0.16509999334812164	0.257	0.10957142857142857
slim	GDF11	0.8683677911758423		0.07778571428571428	
slim	ATP5MF	0.8391222357749939	0.6335800290107727	0.02688888888888892	0.558
slim	SLC35C2	0.8052482008934021		0.27382758620689657	
slim	SUV39H1	0.6616733074188232	0.5423499941825867	0.09159999999999999	0.34725
slim	FAHD1	0.4117499887943268	0.21101251244544983	0.15130000000000002	-0.00037500000000000033
slim	DDHD1	0.32429999113082886	0.24422858655452728	0.0195	0.0035714285714285826
slim	ASAH1	0.006716000381857157		-0.03412	
slim	BTRC	0.9888999462127686		0.31023076923076925	
slim	MED24	0.02610769122838974		0.008307692307692311	
slim	IMMT	0.9605364203453064		0.15536363636363634	
slim	NDRG4	0.26263463497161865	0.36890000104904175	0.07403846153846155	-0.397
slim	CRYL1	0.24256819486618042		-0.012227272727272715	
slim	OSBPL9	0.09037391096353531	0.5840461254119873	-0.005739130434782604	0.15984615384615386
slim	PHRF1	0.9484999775886536		0.09925	
slim	FAM153CP	0.8060724139213562		0.1072413793103448	
slim	ZNF549	0.8950692415237427		0.22523076923076923	
slim	CD37	0.14451304078102112	0.45790836215019226	-0.12408695652173911	0.2934166666666667
slim	ZNF534	0.5212615132331848		0.21830769230769234	
slim	AK2	0.04141249880194664	0.06310000270605087	-0.15362499999999998	0.341
slim	PPP1R12B	0.3620867133140564	0.2401857227087021	0.1633	0.16378571428571426
slim	CCDC144BP	0.9642899632453918		0.18313333333333343	
slim	ERCC6L2-AS1	0.8801923394203186		0.09246153846153846	
slim	CIAPIN1	0.06523571163415909	0.04309999942779541	0.10085714285714287	0.02
slim	NDUFB8	0.48827239871025085	0.2508571445941925	0.19596551724137928	0.029
slim	KIF1B	0.40663912892341614	0.2612062692642212	0.12891304347826085	0.1208125
slim	GPBP1	0.8245428204536438		0.07914285714285711	
slim	USP19	0.8230533599853516		0.27706666666666663	
slim	GRIK1	0.26581335067749023		0.1365333333333333	
slim	PRDM16-DT	0.8538383841514587		0.044461538461538455	
slim	SGCE	0.783807635307312	1.0	0.219	0.378
slim	TTC1	0.7053594589233398	0.18850000202655792	0.09832432432432435	0.06
domain	KIF9	0.16851165890693665		0.10427444794952681	
domain	ARMCX4	0.8222842216491699	0.24256666004657745	0.14553166421207658	-0.22206666666666663
domain	ABCC8	0.17476610839366913		0.05695934172313649	
domain	PARD3B	0.7003446221351624	0.33333998918533325	0.19743228699551568	-0.1426
domain	TBC1D14	0.5894209146499634	0.36989009380340576	0.0999317697228145	0.14082098765432097
domain	NRBP2	0.24488061666488647	0.6743961572647095	0.10496124031007752	0.26676923076923076
domain	CHERP	0.771735429763794		0.23747302904564313	
domain	MARK1	0.522711455821991		0.13865166908563137	
domain	CDK20	0.03842797875404358		0.045243523316062184	
domain	SCML4	0.4832812249660492		0.14580891719745226	
domain	RYR3	0.21022477746009827	0.23100000619888306	0.07885666293393058	-0.08399999999999999
domain	NCAM1	0.13403332233428955	0.9388805031776428	0.10811958146487295	0.27014705882352935
domain	KIAA2026	0.7300513386726379	0.11208771914243698	0.1633688155922039	0.04616427432216906
domain	ACTN1	0.10369034111499786	0.08073689043521881	0.09381935483870968	0.0590970873786408
domain	LTBP4	0.4352650046348572	0.2259909063577652	0.19767619783616694	0.004545454545454539
domain	DMD	0.27432623505592346	0.7773370146751404	0.12293314037626629	0.06307407407407407
domain	SVEP1	0.24703799188137054		0.12184434589800444	
domain	KALRN	0.3032471239566803		0.11556480836236933	
domain	AGAP3	0.43766915798187256	0.887274980545044	0.15331417624521074	0.12449999999999999
domain	AP3D1	0.40601611137390137	0.47874879837036133	0.16812540192926043	0.09711627906976744
domain	AP3B2	0.27723437547683716	0.9006400108337402	0.11260416666666667	0.124
domain	SMARCAL1	0.37216636538505554		0.09494554455445543	
domain	MAP3K10	0.7521839141845703	0.13287778198719025	0.216224376731302	0.009777777777777786
domain	FASTK	0.3245569169521332	0.7136714458465576	0.12198776758409786	0.1354761904761905
domain	ABCC5	0.16429488360881805	0.739300012588501	0.046269918699186986	0.007
domain	KIF1A	0.3721216917037964		0.13601920236336779	
domain	UBXN1	0.38351258635520935		0.19651655629139075	
domain	KLHL8	0.042154647409915924		0.04756830601092895	
domain	ZBTB11	0.3632362484931946		0.1315211267605634	
domain	C5	0.14556652307510376		0.060061111111111114	
domain	LSM8	0.47762954235076904	0.12838181853294373	0.15474647887323942	0.02825757575757576
domain	TAPBP	0.3289993107318878	0.19709999859333038	0.16436184210526314	0.22999999999999998
domain	C2	0.17376375198364258	0.9610836505889893	0.08863740458015268	0.10216326530612245
domain	KDM4C	0.0760466456413269		0.06414696485623003	
domain	NRXN1	0.23833207786083221	0.8889000415802002	0.07715298507462685	0.2754444444444444
domain	FADS3	0.21859389543533325	0.355226069688797	0.10321739130434783	0.12339130434782605
domain	DNAJB12	0.46551063656806946	0.1874285787343979	0.1756844262295082	-0.08428571428571428
domain	RIMS2	0.7571843862533569	0.9065550565719604	0.1931192250372578	0.07189999999999999
domain	ANK3	0.7680046558380127	0.9599397778511047	0.1854892210405289	0.21159223300970878
domain	AHI1	0.6398605108261108	0.9980199933052063	0.1737956204379562	0.254
domain	STAT2	0.13766230642795563	0.8513555526733398	0.08632341269841269	0.2603333333333333
domain	PEAK1	0.7104177474975586	0.7982499599456787	0.16421376811594204	0.02
domain	ASPH	0.4393709897994995	0.3971775770187378	0.1818384991843393	0.11867241379310346
domain	CLASP2	0.4296325743198395	0.23458421230316162	0.11460317460317461	-0.09063157894736841
domain	DDX21	0.3510456383228302		0.1793385579937304	
domain	APBA1	0.4592822194099426	0.8997374773025513	0.14907788161993768	0.1745625
domain	DDX18	0.4739725589752197	0.14268077909946442	0.14297234042553192	0.03030769230769233
domain	RAPGEF2	0.5514029264450073		0.1365020352781547	
domain	WDR91	0.21377195417881012	0.9547333121299744	0.09727532467532468	-0.6296666666666666
domain	PRDM11	0.5626777410507202	0.4541335999965668	0.1941335616438356	0.1572134387351779
domain	TRIM2	0.1411479413509369	0.9834499359130859	0.12359589041095892	0.110625
domain	AP1G1	0.0617000013589859		0.04855652173913043	
domain	EP400	0.6023012399673462	0.9485694169998169	0.1669323827046918	0.18538888888888888
domain	SPG7	0.2883003354072571		0.09210634648370497	
domain	PDE8A	0.22828620672225952	0.03674999997019768	0.09790857946554149	0.181
domain	MYH10	0.2988508641719818	0.4380999803543091	0.15145159602302458	-0.5025
domain	HLA-C	0.34497350454330444		0.10450413223140498	
domain	DDX39A	0.0735558420419693	0.28913748264312744	0.056766423357664235	0.030375000000000013
domain	FASTKD1	0.0805250033736229		0.076281914893617	
domain	RGS3	0.38274937868118286	0.9699499607086182	0.1346998191681736	0.4475
domain	RSPRY1	0.0584060437977314		0.0745906976744186	
domain	TMEM25	0.23866844177246094	0.960099995136261	0.08830038022813688	-0.121
domain	OCRL	0.24505624175071716	0.07682222127914429	0.11857434402332362	0.2792222222222222
domain	DNMT3A	0.5219320058822632	0.375900000333786	0.18172793053545588	0.341
domain	TSEN2	0.13427294790744781	0.07678332924842834	0.0542389937106918	0.05100000000000001
domain	ZCCHC8	0.32979097962379456		0.15044987146529565	
domain	MARK1	0.4070383608341217		0.12762650602409636	
domain	RAF1	0.20851536095142365	0.8345999717712402	0.06812418300653594	-0.20825
domain	DDX27	0.35323160886764526	0.805057942867279	0.15896686746987948	0.07186842105263158
domain	SETD2	0.8457625508308411		0.19969485981308413	
domain	HSP90B1	0.2919293940067291	0.027980951592326164	0.13585150078988942	-0.03904761904761906
domain	PRKG2	0.09771443158388138	0.094200000166893	0.07901056338028169	0.04999999999999999
domain	CELSR3	0.34749963879585266		0.10568041237113403	
domain	NRG1	0.7677415609359741	0.6227399706840515	0.1511420765027322	0.14873333333333333
domain	PMS2	0.28805139660835266	0.296625018119812	0.14115887850467287	0.07925000000000001
domain	INPP5B	0.09881407767534256	0.9013664126396179	0.07602570379436964	0.09723376623376623
domain	ZFYVE19	0.4912344515323639	0.8806629776954651	0.19350140056022413	0.12185185185185185
domain	ADAM19	0.3303689658641815	0.9479923248291016	0.14470100502512562	0.19253846153846155
domain	LONP1	0.3237653374671936		0.11856748466257669	
domain	PLD1	0.22880756855010986	0.5701083540916443	0.0619322033898305	0.09566666666666668
domain	ARHGEF9	0.263023316860199	0.06293333321809769	0.08753354632587858	-0.343
domain	SCAF11	0.7303088903427124		0.11444761904761905	
domain	DDX20	0.15474152565002441		0.0948654970760234	
domain	AP2A2	0.17619293928146362	0.40833333134651184	0.08400121654501218	0.06800000000000002
domain	SMARCA2	0.4441525936126709	0.7978307008743286	0.16990716981132076	-0.09630769230769233
domain	ERCC6L2	0.20613354444503784		0.11240604026845638	
domain	EPB41L3	0.5004087686538696	0.6639659404754639	0.13172340425531917	0.18847569444444445
domain	AHI1	0.688763439655304	0.7357555031776428	0.20479279279279278	-0.032611111111111105
domain	ZNF226	0.4205005466938019	0.07301250100135803	0.1690697350069735	-0.16225
domain	BSG	0.11633781343698502		0.10743697478991597	
domain	ATP2C1	0.08220808207988739		0.044277867528271404	
domain	SCN8A	0.2818721532821655	0.13379999995231628	0.019738613861386138	0.2
domain	PIKFYVE	0.37773433327674866		0.10979935483870967	
domain	PTPRO	0.291358083486557		0.08526017262638717	
domain	IMPACT	0.321316659450531	0.17374999821186066	0.14519047619047618	-0.697
domain	PIK3CD	0.1272636204957962	0.1342960000038147	0.08431646932185144	0.19235999999999998
domain	ZNF431	0.4804909825325012	0.7566333413124084	0.11814999999999999	-0.066
domain	PWWP2A	0.5269063711166382	0.961899995803833	0.16316101694915255	0.18
domain	SYNE2	0.3560329079627991		0.13256709158000668	
domain	HNRNPU	0.5932931303977966	0.18321427702903748	0.19606896551724137	-0.24071428571428571
domain	SCN8A	0.24656708538532257	0.36785808205604553	0.006940095846645364	0.15016129032258066
domain	KALRN	0.3363021910190582	0.4338499903678894	0.12001448657861098	0.32299999999999995
domain	SLC22A10	0.11830602586269379	0.1703256517648697	-0.002129310344827589	0.06710256410256409
domain	PDE3A	0.469588041305542	0.9200800061225891	0.12616079632465546	0.2222
domain	EHMT1	0.5772852897644043	0.22311903536319733	0.1728054054054054	0.16628571428571426
domain	NFATC2	0.5452348589897156	0.60794997215271	0.14188655462184876	-0.5025
domain	NVL	0.288409560918808	0.3240032494068146	0.14226280323450136	0.1710322580645161
domain	KIF5C	0.10293187201023102		0.11207417582417582	
domain	TNS2	0.677507221698761	0.06193999946117401	0.2080899830220713	0.128
domain	FBXW4	0.4426562786102295		0.12692219679633868	
domain	PLEKHH1	0.3899153172969818	0.933152973651886	0.13844242424242426	0.18399337748344372
domain	VIPR1	0.20974087715148926	0.27205556631088257	0.0030831408775981524	0.08205050505050507
domain	NCOR1	0.8113437294960022	0.8899714350700378	0.2213572503763171	0.07928571428571428
domain	ACTN2	0.08052249252796173	0.7285500168800354	0.06909236947791164	-0.117375
domain	HNRNPU	0.6386709809303284	0.1500999927520752	0.18951380368098159	0.17666666666666667
domain	SNX19	0.5170211791992188	0.16135156154632568	0.1574	0.10950000000000001
domain	SEC63	0.280058354139328		0.10875639097744359	
domain	CPNE6	0.2131461203098297	0.9282864928245544	0.10602522522522521	0.2633311688311688
domain	EBF1	0.4992106854915619	0.38858890533447266	0.09927083333333332	0.21066666666666667
domain	FOXRED2	0.12851695716381073		0.042810267857142856	
domain	DTNA	0.578927218914032	0.46142223477363586	0.14796514161220042	0.14322222222222222
domain	VSTM2A	0.5006548762321472	0.6704027056694031	0.17974193548387096	0.12156756756756758
domain	RGPD5	0.6256235241889954	0.23454001545906067	0.15187600459242248	0.1011
domain	OSBP2	0.8025005459785461	0.9014809727668762	0.21308247422680415	0.051333333333333356
domain	ADGRV1	0.2403872311115265		0.06342402222697158	
domain	TRIM11	0.2634888291358948	0.7795912623405457	0.11199342105263158	0.0934927536231884
domain	EXOSC10	0.35294008255004883	0.05632000043988228	0.11379532163742692	-0.0744
domain	MAP3K11	0.32625821232795715		0.12563869863013696	
domain	ZKSCAN1	0.5506649017333984	0.9631999731063843	0.19904120879120876	0.586
domain	ZNF23	0.5579049587249756		0.07577227722772277	
domain	MAST3	0.6523285508155823	0.7662420272827148	0.174092936802974	0.03936842105263157
domain	WDR18	0.08355432003736496		0.0605432098765432	
domain	SPG7	0.29498937726020813	0.3043132722377777	0.105	0.17343333333333327
domain	ANKHD1	0.37425336241722107	0.9727765321731567	0.12955653450807636	0.2854705882352941
domain	TFEB	0.5764784216880798		0.15942857142857142	
domain	SBF2	0.40376025438308716	0.07303749769926071	0.10708474576271186	-0.18637499999999999
domain	FBXW7	0.42818403244018555	0.02882000245153904	0.13574526678141136	0.0578
domain	CHD3	0.5138174295425415		0.18578930817610062	
domain	TUBE1	0.06551875174045563	0.7017500400543213	0.05169711538461538	0.14500000000000002
domain	SYNE1	0.24602054059505463		0.12843480642804966	
domain	ASPH	0.19019348919391632		0.12073258426966292	
domain	PHKA2	0.21539029479026794		0.07553507194244605	
domain	ZNF566	0.5901530981063843	0.97612065076828	0.09857575757575755	0.16828301886792452
domain	PHF20L1	0.7338082790374756	0.11289999634027481	0.19381468531468532	0.166
domain	ZC3H4	0.8157480955123901		0.27048406374501993	
domain	CLASP1	0.40242016315460205	0.10756667703390121	0.11296359411309063	-0.19583333333333333
domain	ANKRD45	0.2135959416627884	0.07263333350419998	0.11727027027027023	-0.4486666666666667
domain	POMT1	0.10648366063833237		0.007542307692307701	
domain	ABCA2	0.2515707015991211	0.14300000667572021	0.06051971326164874	0.11000000000000001
domain	TAOK2	0.40131962299346924		0.14424849699398795	
domain	SPECC1	0.611446738243103		0.1608245614035088	
domain	NEK10	0.3581840991973877	0.024784615263342857	0.10090549450549449	0.06215384615384616
domain	MACF1	0.4165492653846741	0.29215002059936523	0.13728321461752865	0.189
domain	NCOA1	0.6072713136672974	0.9998667240142822	0.15674257425742574	-0.027666666666666655
domain	CSNK1D	0.13213446736335754	0.9976000189781189	0.04782432432432432	0.2255714285714286
domain	RPTOR	0.26861995458602905	0.17578041553497314	0.07562866108786609	0.1062391304347826
domain	BMAL2	0.44253116846084595	0.5901875495910645	0.10242307692307694	0.017499999999999988
domain	MACF1	0.4156070947647095	0.7312055826187134	0.132501719526175	0.04641666666666667
domain	SNX14	0.31515440344810486		0.10143196544276459	
domain	PRAG1	0.5320943593978882	0.7478500604629517	0.17258470764617692	-0.06923076923076923
domain	RBCK1	0.27272510528564453	0.08863599598407745	0.15901990049751244	-0.06359999999999999
domain	PTPN20	0.0711260437965393	0.3589095175266266	0.014190697674418612	0.08819047619047621
domain	STAT2	0.13028328120708466		0.09668111455108358	
domain	UNC5C	0.3066004514694214		0.08557824143070045	
domain	SLC25A48	0.1274823546409607	0.21603967249393463	0.044625000000000005	0.10308730158730156
domain	PA2G4	0.19216658174991608	0.8182500004768372	0.13826966292134832	0.17254166666666665
domain	DNAJC21	0.3614727854728699		0.1655734939759036	
domain	TRPV2	0.24108882248401642		0.026962686567164176	
domain	DROSHA	0.1093391627073288	0.1876888871192932	0.07319085487077533	0.08522222222222224
domain	ANKZF1	0.5945175886154175	0.18027999997138977	0.1966	-0.248
domain	MIB2	0.18918448686599731		0.11178405315614619	
domain	SLTM	0.7837013602256775		0.22679814385150812	
domain	MACF1	0.38804230093955994	0.718994140625	0.13284766483516486	0.058529411764705885
domain	N4BP2	0.6111412644386292	0.9178533554077148	0.1372605435801312	-0.1052
domain	COL15A1	0.7791838645935059		0.23143760683760686	
domain	PRKG2	0.09456034004688263		0.07522333333333334	
domain	APOLD1	0.177476704120636	0.30737465620040894	0.09870631067961164	0.07173170731707317
domain	RSF1	0.853233814239502		0.2542719891745602	
domain	BOC	0.43913203477859497	0.8993350267410278	0.14122191272051995	0.1898360655737705
domain	ARPC1B	0.06577824056148529	0.8430523872375488	0.06914035087719297	0.40761904761904755
domain	ABCB8	0.13952995836734772	0.08788999915122986	0.100006734006734	0.015400000000000007
domain	RALGPS1	0.5780158042907715	0.19449999928474426	0.14423275862068966	-0.089
domain	KMT2C	0.6656107306480408	0.8267613649368286	0.17710252686610514	0.03125806451612904
domain	NSMCE2	0.39875704050064087	0.26809996366500854	0.19934899328859063	0.04460000000000001
domain	FCHSD2	0.40783071517944336		0.15798869143780292	
domain	FNBP4	0.7836481928825378	0.22952084243297577	0.23640205011389523	-0.020916666666666663
domain	TTC1	0.32421818375587463	0.5091999769210815	0.13494545454545454	0.736
domain	ABLIM2	0.412215918302536	0.826063334941864	0.14458194774346794	0.03296666666666667
domain	ANKRD36C	0.7518501281738281	0.7071499824523926	0.19892671927846675	0.061625
domain	ADGRV1	0.23858584463596344	0.15196000039577484	0.05904394602479942	0.05639999999999997
domain	NPHP3	0.29439258575439453		0.10909630606860157	
domain	FLRT2	0.34993407130241394	0.5299272537231445	0.06829936305732484	0.22362857142857154
domain	UBE3A	0.17132800817489624	0.4829999506473541	0.08111528150134048	-0.0967777777777778
domain	MACF1	0.43352004885673523	0.3142545521259308	0.14252266666666666	-0.028454545454545458
domain	KDM5B	0.3511534333229065	0.0071538458578288555	0.1525036202735318	-0.08415384615384618
domain	USP13	0.18097324669361115		0.11011398176291791	
domain	DEPDC5	0.19000190496444702	0.414900004863739	0.04769833729216151	-0.245625
domain	IMPDH2	0.03694421425461769	0.9278333187103271	0.07043620178041543	0.234
domain	CHD2	0.4849221706390381		0.1662736992159658	
domain	APBB3	0.5099448561668396		0.09773094170403586	
domain	SRSF10	0.7229188680648804	0.17938554286956787	0.1899579831932773	0.07159999999999998
domain	MCL1	0.520463228225708		0.07454424778761061	
domain	DMTF1	0.4540529251098633	0.8170909285545349	0.11894705882352939	0.009227272727272725
domain	PCDHGA3	0.21311958134174347		0.10230833333333332	
domain	PLA2R1	0.13010713458061218	0.13774000108242035	0.06918076027928627	0.2012
domain	SETD5	0.738156795501709	0.9675106406211853	0.19543682664054848	0.41789473684210526
domain	HDAC9	0.3748558461666107	0.9365249872207642	0.12428721541155867	0.087125
domain	CDK13	0.6802566647529602		0.19758771060455899	
domain	ZNF302	0.4461020231246948		0.1074081632653061	
domain	SYNE1	0.2948682904243469	0.3342857360839844	0.12715354094024287	0.06128571428571428
domain	ABCC8	0.16298450529575348		0.0493600352112676	
domain	DMD	0.33407169580459595	0.05818571895360947	0.13391203319502074	-0.27414285714285713
domain	ATF2	0.7642385363578796		0.22198648648648647	
domain	DDX27	0.33646994829177856		0.12628070175438597	
domain	GULP1	0.19963960349559784	0.07749142497777939	0.13299999999999998	-0.019428571428571424
domain	SMARCE1	0.40110695362091064		0.15652608695652176	
domain	ARHGAP1	0.13513663411140442		0.0813963963963964	
domain	DHX57	0.15305522084236145	0.14710909128189087	0.08318132611637348	-0.18127272727272725
domain	ZNF276	0.6677078008651733	0.4404999911785126	0.20164133016627075	0.303
domain	MYO9A	0.30789217352867126	0.9717507362365723	0.0763025078369906	0.17607042253521124
domain	ATP13A2	0.19174955785274506	0.7173173427581787	0.07416687422166873	0.2070434782608696
domain	ZNF665	0.2580810785293579	0.4152906835079193	0.14939384615384615	0.012542056074766356
domain	RAB10	0.06288611143827438		-0.021981481481481487	
domain	PREPL	0.06043454632163048	0.872186541557312	0.09770909090909091	0.1547752808988764
domain	MYO16	0.5485069751739502		0.13998111979166664	
domain	WRNIP1	0.5298864245414734		0.1822526041666667	
domain	SAFB	0.8253977298736572	0.7210111618041992	0.1989772727272727	0.21288888888888888
domain	HACE1	0.10844957083463669	0.5503000020980835	0.07714326647564469	-0.19699999999999998
domain	SORBS2	0.7707642316818237	0.9101175665855408	0.18638104448742748	0.20039864864864865
domain	PEG3	0.3799833357334137	0.9513000249862671	0.13972222222222216	0.166
domain	NEDD4L	0.7104299068450928		0.17926601941747575	
domain	ZFPM2	0.6790731549263		0.15995837669094692	
domain	NHLRC3	0.13721999526023865	0.22577035427093506	0.06753191489361703	0.16762962962962963
domain	PLEKHA5	0.18490158021450043		0.05096825396825397	
domain	FBXO11	0.214558407664299		0.10451045510455106	
domain	ATF6B	0.6896138787269592	0.8685333132743835	0.1804378947368421	0.04466666666666666
domain	CNTN5	0.20620866119861603	0.2728545069694519	0.10386008230452673	0.1258994708994709
domain	ANKHD1	0.4124627113342285	0.9678058624267578	0.14396251588310038	0.2854705882352941
domain	JARID2	0.5042954087257385	0.856939971446991	0.17949955317247543	-0.0388
domain	P4HB	0.15679126977920532	0.58038729429245	0.10842988505747127	0.16577348066298342
domain	PABPC4	0.15916723012924194	0.930150032043457	0.10016870415647922	-0.07831250000000001
domain	SF1	0.6744528412818909		0.25833175355450233	
domain	ADGRV1	0.23557493090629578		0.058303107488537946	
domain	FANCM	0.22437770664691925	1.0	0.061331645569620244	0.12280000000000002
domain	ST6GALNAC5	0.08668553829193115	0.4860363304615021	0.0678595041322314	0.3387272727272727
domain	TTC3	0.329762727022171	0.18853332102298737	0.11931125356125355	-0.14566666666666667
domain	EZH2	0.1813298761844635	0.16205814480781555	0.11524390243902438	0.02732558139534885
domain	ARRDC1	0.21477054059505463	0.9739599823951721	0.10839041095890412	0.27969999999999995
domain	RBM25	0.4800873100757599		0.19456097560975608	
domain	FCHSD2	0.5727758407592773	0.23267777264118195	0.20797716894977164	-0.05844444444444444
domain	KMT2C	0.8358334898948669		0.20560997442455245	
domain	CDKL3	0.0646488144993782	0.5959522128105164	0.05685762711864407	0.14834482758620687
domain	FBXO9	0.30577385425567627		0.08276174496644294	
domain	NRXN1	0.21308742463588715		0.07792686935086277	
domain	RABGGTA	0.04396486282348633	0.5413800477981567	0.0666689189189189	0.2312
domain	PRDM2	0.8196921348571777		0.22532362459546926	
domain	LAMA2	0.3103550374507904		0.11436353166986565	
domain	ITGB1	0.20157207548618317	0.1899999976158142	0.13210501193317423	-0.121
domain	ERCC6	0.45048052072525024	0.19175998866558075	0.11604818092428712	-0.020799999999999996
domain	DNMBP	0.6232941150665283	0.9740549921989441	0.16943169398907104	0.09184999999999997
domain	EPB41L1	0.6458102464675903		0.16703757225433524	
domain	ARHGEF28	0.5069534778594971	1.0	0.13614539682539684	0.166
domain	IFT80	0.04675678163766861		0.07081703470031545	
domain	TRIM27	0.14005447924137115	0.8393999934196472	0.0446923076923077	0.341
domain	KMT2C	0.7083181738853455	0.8129199743270874	0.18302027553938136	0.018400000000000007
domain	SASH1	0.8142880201339722		0.21848396793587177	
domain	WSB1	0.05597115308046341		0.06171153846153846	
domain	DNAJC7	0.3117560148239136		0.13287966804979254	
domain	MICAL3	0.5821354389190674	0.8781288266181946	0.19799593082400813	0.12124242424242425
domain	NDUFA5	0.836743950843811	0.12063125520944595	-0.060300699300699284	0.15585
domain	ASPSCR1	0.36151057481765747	0.930642306804657	0.1210402010050251	0.22574999999999998
domain	ZNF415	0.9638749957084656	0.16320937871932983	0.2020125	-0.02049999999999999
domain	LRIG2	0.13689745962619781		0.0457734375	
domain	ROBO3	0.38848677277565		0.1422846511627907	
domain	ADAM17	0.29602473974227905		0.13357719298245613	
domain	SYNE2	0.3193780779838562	0.9742000102996826	0.12467291666666666	0.318
domain	RNF126	0.5916070938110352	0.8888870477676392	0.19017916666666668	0.08425
domain	BCAR1	0.6932709217071533		0.21869999999999998	
domain	TCERG1	0.5206936001777649	0.216782346367836	0.22467765190525232	-0.1834705882352941
domain	MYH9	0.3377346396446228	0.42118576169013977	0.17030529595015578	0.18342857142857144
domain	TAP2	0.07111022621393204	0.6931428909301758	0.07928729281767956	0.4485714285714285
domain	DAB2	0.8318659663200378	0.05700000002980232	0.19047480916030538	0.18
domain	CRELD1	0.14924240112304688	0.9476685523986816	0.029021739130434772	0.20020000000000002
domain	BSG	0.1811554878950119		0.08832535885167463	
domain	CACNA1D	0.2870411276817322		0.03155618615209989	
domain	ADAMTS16	0.19602632522583008	0.14856137335300446	0.12446424517593643	-0.056772727272727266
domain	LLGL2	0.1746973693370819	0.9849799871444702	0.08519912472647702	0.42260000000000003
domain	MAP3K7	0.2515864372253418		0.10242196531791906	
domain	LRRC37A2	0.7997498512268066		0.2263978494623656	
domain	ANKHD1	0.4124627113342285		0.14396251588310038	
domain	SH3TC2	0.19695909321308136		0.07495758718190386	
domain	CLASP1	0.37291648983955383	0.6156420111656189	0.11398165137614678	0.21212903225806448
domain	ZNF181	0.3773748576641083		0.1564468546637744	
domain	SBF1	0.3773531913757324	0.5550752878189087	0.12022596843615495	0.0972359550561798
domain	FANCM	0.23747676610946655		0.06967873303167421	
domain	DOCK4	0.1505482941865921		0.06789445754716981	
domain	STAT5B	0.12468395382165909	0.6899608373641968	0.12237967914438502	0.020260869565217405
domain	TNS1	0.7370548248291016	0.9897461533546448	0.1548082191780822	0.28615384615384615
domain	TBCB	0.15318936109542847	0.4006577134132385	0.1418368794326241	-0.034730769230769225
domain	ARHGAP17	0.16839832067489624	0.6191726922988892	0.12710251046025103	0.02345454545454547
domain	PALS2	0.06908389925956726		0.08756656346749225	
domain	CNTRL	0.35378068685531616	0.32678917050361633	0.17967783094098883	0.1422779783393502
domain	ALS2	0.16974686086177826	0.17160667479038239	0.07724883720930233	0.2658
domain	MLH1	0.37075167894363403		0.12350625	
domain	ZBTB24	0.6524218320846558	0.5872000455856323	0.18496938775510205	-0.2135
domain	ZNF687	0.8794186115264893	0.9499778747558594	0.2494566666666667	0.2528148148148148
domain	SALL3	0.7653768658638	0.7856308817863464	0.2173648018648019	0.18888095238095234
domain	RASGRP1	0.19359636306762695	0.6819400191307068	0.08105244122965642	0.0526
domain	CEP350	0.7230692505836487	0.5431400537490845	0.19388297282307268	-0.08387272727272727
domain	MYCBP2	0.4097086489200592	0.9320999979972839	0.11939222614840989	0.44933333333333336
domain	FANCM	0.2365616112947464		0.08196072507552869	
domain	WBP2	0.36564308404922485	0.7178313732147217	0.09634254143646408	0.15740963855421686
domain	PLEKHA5	0.5759846568107605	0.9624428153038025	0.1780988296488947	-0.07842857142857143
domain	BRWD3	0.43434399366378784	1.0	0.10719474637681159	0.192
domain	SEMA4C	0.10189779847860336		0.054416	
domain	SETMAR	0.27352577447891235		0.12348447204968944	
domain	ZNF783	0.5612190365791321	0.8387503027915955	0.1760859538784067	0.16842857142857146
domain	NPHP3	0.28576529026031494		0.10838881829733163	
domain	SLC27A1	0.057293135672807693	0.666583240032196	0.024349272349272342	0.15571666666666664
domain	EZH2	0.31045764684677124		0.14870576540755467	
domain	RASIP1	0.4738827049732208		0.16260487144790256	
domain	RPS6KB1	0.38097232580184937		0.1332431610942249	
domain	EGLN3	0.7734189629554749	0.10842201858758926	0.2154330708661417	0.049743119266055034
domain	PHC3	0.8283433318138123	0.7112333178520203	0.20369067296340024	-0.697
domain	DPP9	0.04785963147878647	0.7824600338935852	0.07853825857519789	0.17839999999999998
domain	EIF4G1	0.38380640745162964	0.9175000190734863	0.14605997392438072	0.318
domain	NID2	0.2977486550807953	0.6390750408172607	0.135135838150289	-0.29550000000000004
domain	STARD9	0.8177130222320557		0.1804426625659051	
domain	SMARCA2	0.4475049078464508		0.169678729689808	
domain	NPAS2	0.4204041063785553		0.12711239669421487	
domain	VRK1	0.23215609788894653		0.11276383763837637	
domain	RGS12	0.5065525770187378		0.12506242197253434	
domain	ERCC8	0.1469431221485138	0.1770763248205185	0.08135185185185184	0.1402894736842105
domain	KDM6A	0.2455248087644577	0.32326000928878784	0.08211764705882352	-0.1704
domain	EGLN1	0.5325208902359009	0.4981807470321655	0.20117973856209154	0.06442307692307693
domain	PDZRN3	0.43585240840911865	0.8580999970436096	0.14725868055555555	-0.2395
domain	SMAD4	0.5173184871673584	0.4199666678905487	0.13707341772151901	-0.009666666666666676
domain	PRKG1	0.16116222739219666	0.31984269618988037	0.0816587982832618	0.14782926829268292
domain	ARHGEF2	0.4198857545852661		0.15245725388601034	
domain	BRWD1	0.3552381992340088	0.9343312382698059	0.10424737210932027	0.20243750000000002
domain	HNRNPUL1	0.4848994016647339	0.8157623410224915	0.1466543408360129	0.1307540983606557
domain	POMT1	0.10648366063833237		0.007542307692307701	
domain	KLHL29	0.6595463156700134		0.1586190476190476	
domain	UBE2F	0.0582805834710598	0.7141899466514587	0.06718446601941747	0.15794999999999998
domain	PPIG	0.48963916301727295		0.20742657342657345	
domain	RAPGEF5	0.2892009913921356	0.724399983882904	0.09457542579075426	0.15481395348837207
domain	TAF5L	0.10393863916397095		0.04281439393939393	
domain	ZSCAN32	0.7176163196563721		0.16930795847750865	
domain	FAXDC2	0.07353461533784866	0.5404166579246521	0.023971153846153843	0.16193333333333332
domain	ERAL1	0.5418088436126709		0.12208808290155442	
domain	PRDM2	0.8174690008163452	0.9562478065490723	0.22424158415841583	0.12156521739130435
domain	RASGRP1	0.6029638051986694		0.17303448275862068	
domain	IKZF2	0.5840160846710205		0.15132987012987015	
domain	TRIM2	0.16146905720233917		0.0943453237410072	
domain	ERCC6	0.44268080592155457	0.15017500519752502	0.1149484536082474	0.05925000000000001
domain	RNF170	0.18392781913280487	0.7975000143051147	0.04059130434782609	0.2023157894736842
domain	RBFOX3	0.6693440079689026	0.9233413934707642	0.1681524926686217	0.18622666666666665
domain	AHI1	0.6398605108261108	0.9980199933052063	0.1737956204379562	0.254
domain	SMARCA2	0.39192017912864685	0.3822999894618988	0.16091006097560975	-0.397
domain	AKT3	0.19895526766777039	0.07412000000476837	0.07989873417721519	0.055399999999999984
domain	ATAD1	0.1034884825348854	0.14083333313465118	0.09552654867256637	0.02266666666666665
domain	ITGB3	0.24254544079303741	0.20516666769981384	0.09778468899521532	0.47000000000000003
domain	RAPGEF5	0.29139387607574463	0.7895905375480652	0.09682389162561578	0.15058490566037733
domain	ZNF846	0.6295318007469177		0.09193023255813952	
domain	ITGA4	0.12438542395830154	0.2216923087835312	0.07300111234705228	0.18176923076923077
domain	DENND4C	0.4402311444282532		0.11553105590062111	
domain	EYA2	0.12834392488002777	0.14458084106445312	0.04725217391304349	0.0059361702127659665
domain	MICAL2	0.37575751543045044	0.7535125017166138	0.11625451092117758	0.2575945512820513
domain	LAMA2	0.31976330280303955	0.6601833701133728	0.11264213753832675	0.08970833333333332
domain	ABCC8	0.17370982468128204	0.48164287209510803	0.0555491723466407	0.33428571428571424
domain	ERBIN	0.689535915851593		0.14924878836833602	
domain	NUDCD1	0.08591816574335098	0.4588666558265686	0.07591578947368421	-0.23439393939393938
domain	KRIT1	0.15388990938663483	0.051600001752376556	0.0919527896995708	-0.397
domain	PRKCG	0.2458820641040802	0.22660000622272491	0.14429245283018868	-0.121
domain	COMMD3	0.11520889401435852		0.10808888888888889	
domain	MYH14	0.33372166752815247		0.15627810650887575	
domain	MKRN3	0.0625113695859909	0.36812856793403625	0.10181818181818182	0.1650714285714286
domain	ANKRD18A	0.23496697843074799	0.8631951212882996	0.14056344086021505	0.1786153846153846
domain	DNAJC13	0.11099939048290253	0.10570000112056732	0.07313226452905812	-0.121
domain	CRACR2A	0.40534666180610657	0.920738935470581	0.16533473980309424	0.1562389937106918
domain	DPP6	0.13043628633022308	0.9434072375297546	0.09212903225806451	0.08622972972972971
domain	SGK1	0.3557675778865814	0.2055446058511734	0.11906560636182903	-0.10336486486486486
domain	DMD	0.3248765766620636		0.13546337817638265	
domain	FBN1	0.3712388277053833		0.12349573742540494	
domain	PTPRC	0.3529525101184845		0.10809043020193151	
domain	GRHPR	0.07279032468795776	0.8353496193885803	0.09112499999999998	0.20994308943089435
domain	RALYL	0.4301326274871826	0.5637400150299072	0.14564625850340138	-0.188
domain	SEPTIN7	0.23061347007751465	0.17192141711711884	0.12596848137535815	-0.22414285714285717
domain	CBFA2T2	0.5826361775398254		0.17079947916666663	
domain	SPTB	0.1665351539850235	0.3301289677619934	0.1093811138014528	0.11701315789473685
domain	POGZ	0.4084131717681885		0.14183870967741938	
domain	CTTN	0.540558934211731	0.6441822648048401	0.11646511627906977	0.1252222222222222
domain	DGKA	0.1275710165500641	0.41423648595809937	0.08196569468267581	0.13868253968253968
domain	ZCCHC8	0.3595272898674011		0.15806722689075633	
domain	ASCC1	0.6283610463142395	0.3291032314300537	0.09575221238938052	0.06580645161290322
domain	PXN	0.684467613697052	0.941504716873169	0.18772313527180784	-0.028238095238095257
domain	ADGRD1	0.15579669177532196	0.2675800025463104	0.051545808966861596	-0.004899999999999993
domain	BSG	0.1811554878950119		0.08832535885167463	
domain	ARAP2	0.24246415495872498		0.09634047350620069	
domain	TYK2	0.18108126521110535	0.6390857100486755	0.10812091898428053	0.14514285714285716
